UDI,Product ID,Type,Air temperature [K],Process temperature [K],Rotational speed [rpm],Torque [Nm],Tool wear [min],Machine failure,TWF,HDF,PWF,OSF,RNF
1,M67915,M,296.2,307.4,1388,46.0,48,0,0,0,0,0,0
2,L87314,L,302.3,312.6,1413,24.6,188,0,0,0,0,0,0
3,M22194,M,302.4,312.3,1254,45.4,171,0,0,0,0,0,0
4,M40147,M,299.1,310.8,1493,39.0,62,0,0,0,0,0,0
5,L46909,L,301.0,311.1,1452,41.0,78,0,0,0,0,0,0
6,H50516,H,299.6,310.5,1828,49.6,106,0,0,0,0,0,0
7,M30185,M,300.5,312.4,1655,31.8,170,0,0,0,0,0,0
8,M71887,M,297.7,308.5,1407,39.7,241,1,1,0,0,0,0
9,L29884,L,301.2,310.2,1200,43.0,252,0,0,0,0,0,0
10,L34370,L,296.7,305.5,1089,37.0,174,0,0,0,0,0,0
11,L59656,L,296.3,306.0,1315,47.2,104,0,0,0,0,0,0
12,H20866,H,299.8,310.5,1260,43.3,17,0,0,0,0,0,0
13,M85968,M,299.6,310.0,1563,34.2,150,0,0,0,0,0,0
14,M50171,M,300.5,312.8,1474,52.6,122,0,0,0,0,0,0
15,L96799,L,298.7,309.1,1503,45.6,170,0,0,0,0,0,0
16,L43165,L,303.8,313.4,1329,31.6,244,0,0,0,0,0,0
17,L11375,L,300.3,309.2,1527,31.5,42,0,0,0,0,0,0
18,L41913,L,300.5,311.6,1244,37.8,94,0,0,0,0,0,0
19,M66275,M,300.4,310.4,1484,44.5,146,0,0,0,0,0,0
20,M10690,M,302.0,310.5,1649,17.9,89,1,0,0,1,0,0
21,M53364,M,301.2,311.2,1434,32.0,45,0,0,0,0,0,0
22,L80136,L,300.9,309.9,1580,34.2,151,0,0,0,0,0,0
23,H90212,H,301.5,311.0,1144,25.6,10,1,0,0,1,0,0
24,M76581,M,296.4,306.4,1130,29.8,95,0,0,0,0,0,0
25,M32259,M,296.4,305.5,1559,41.4,246,0,0,0,0,0,0
26,L73363,L,299.8,309.4,1688,35.1,121,0,0,0,0,0,0
27,L80486,L,299.6,308.9,1457,35.9,26,0,0,0,0,0,0
28,L47005,L,301.2,310.4,1886,26.2,211,0,0,0,0,0,0
29,L68950,L,300.0,309.0,1240,37.9,45,0,0,0,0,0,0
30,M54597,M,301.2,310.7,1378,25.0,63,0,0,0,0,0,0
31,M46905,M,297.5,306.6,1525,54.6,243,1,1,0,0,0,0
32,H69737,H,300.0,310.6,1584,57.4,196,1,0,0,1,0,0
33,L97537,L,297.3,307.5,1395,35.3,81,0,0,0,0,0,0
34,L95986,L,300.8,312.0,1309,28.8,164,0,0,0,0,0,0
35,L11638,L,296.2,308.1,1612,48.5,123,0,0,0,0,0,0
36,L35423,L,300.7,311.4,1524,45.9,226,0,0,0,0,0,0
37,L84781,L,297.1,307.5,1438,58.7,142,0,0,0,0,0,0
38,L77277,L,299.2,310.0,1590,61.4,167,1,0,0,1,0,0
39,L76095,L,301.8,312.3,1475,19.7,38,1,0,0,1,0,0
40,M65345,M,300.5,310.5,1475,51.6,63,0,0,0,0,0,0
41,L48561,L,296.7,306.7,1468,37.8,7,0,0,0,0,0,0
42,M67130,M,298.7,307.6,1352,45.5,149,0,0,0,0,0,0
43,M84505,M,297.0,307.8,1334,47.8,142,0,0,0,0,0,0
44,L18427,L,296.6,306.6,1405,47.4,78,0,0,0,0,0,0
45,M11038,M,300.2,311.7,1506,50.0,59,0,0,0,0,0,0
46,M78747,M,301.1,312.0,1163,34.4,115,0,0,0,0,0,0
47,L15668,L,300.9,310.3,1670,30.5,26,0,0,0,0,0,0
48,L46969,L,301.2,312.5,1503,51.9,216,0,0,0,0,0,0
49,M21071,M,300.0,307.4,1308,31.3,210,1,0,1,0,0,0
50,L39656,L,299.5,311.4,1791,58.6,151,1,0,0,1,0,0
51,L26717,L,297.9,306.5,1508,32.4,228,1,1,0,0,0,0
52,L48920,L,299.1,309.6,1260,36.2,155,0,0,0,0,0,0
53,M11206,M,297.4,307.8,1783,38.1,124,0,0,0,0,0,0
54,M88472,M,298.3,309.4,1744,24.6,152,0,0,0,0,0,0
55,M73479,M,300.2,309.8,1336,24.6,22,0,0,0,0,0,0
56,M68779,M,299.8,307.6,1442,49.1,55,0,0,0,0,0,0
57,L79973,L,306.1,315.8,1418,22.8,141,0,0,0,0,0,0
58,L10841,L,297.3,307.1,1160,65.2,28,0,0,0,0,0,0
59,L58819,L,299.7,307.7,1558,39.1,205,0,0,0,0,0,0
60,L31105,L,297.2,307.2,1652,29.7,43,0,0,0,0,0,0
61,M87499,M,299.2,308.1,1618,44.2,106,0,0,0,0,0,0
62,L72522,L,299.3,310.0,1506,15.4,123,1,0,0,1,0,0
63,L17045,L,301.7,311.4,1670,36.7,40,0,0,0,0,0,0
64,M88802,M,299.1,311.1,1296,37.9,61,0,0,0,0,0,0
65,M63978,M,299.6,309.4,1827,27.3,123,0,0,0,0,0,0
66,L58426,L,299.1,309.6,1361,33.7,27,0,0,0,0,0,0
67,L21639,L,297.2,307.0,1381,55.3,47,0,0,0,0,0,0
68,L63298,L,298.7,307.1,1396,41.8,6,0,0,0,0,0,0
69,L43937,L,299.2,309.0,1383,44.0,128,0,0,0,0,0,0
70,L35297,L,300.1,310.9,1465,32.1,208,0,0,0,0,0,0
71,L29319,L,301.1,311.7,1458,26.8,205,0,0,0,0,0,0
72,L22607,L,299.5,309.2,1523,37.6,90,0,0,0,0,0,0
73,M85020,M,299.5,308.0,1353,15.4,174,1,0,0,1,0,0
74,L49380,L,296.6,307.2,1530,29.0,250,0,0,0,0,0,0
75,L33983,L,301.1,311.5,1304,27.5,107,0,0,0,0,0,0
76,L58442,L,298.6,309.5,1632,19.6,231,1,1,0,0,0,0
77,L40030,L,301.5,311.2,1630,46.5,197,0,0,0,0,0,0
78,M60813,M,302.6,310.9,1499,38.7,45,0,0,0,0,0,0
79,L13052,L,299.6,310.2,1383,33.8,112,0,0,0,0,0,0
80,M27124,M,298.0,307.9,1556,46.7,235,0,0,0,0,0,0
81,M68997,M,300.0,311.4,1340,23.6,42,0,0,0,0,0,0
82,L16939,L,300.7,310.7,1506,26.6,15,0,0,0,0,0,0
83,M97866,M,299.4,309.3,1473,51.2,68,0,0,0,0,0,0
84,L40208,L,298.9,309.3,1973,62.8,1,1,0,0,1,0,0
85,L61599,L,301.1,310.5,1279,46.8,32,0,0,0,0,0,0
86,L82255,L,301.0,310.4,1020,44.7,108,0,0,0,0,0,0
87,M53638,M,299.3,309.2,1385,34.2,193,0,0,0,0,0,0
88,L34553,L,296.7,305.8,1191,34.4,54,0,0,0,0,0,0
89,L87473,L,300.9,310.7,1369,42.3,215,0,0,0,0,0,0
90,L71532,L,298.5,310.4,1266,53.7,250,1,1,0,0,1,0
91,L74353,L,300.4,311.5,1337,44.3,117,0,0,0,0,0,0
92,M33370,M,300.3,310.6,1308,49.6,251,0,0,0,0,0,0
93,L17723,L,296.2,307.8,1673,30.8,146,0,0,0,0,0,0
94,L31141,L,300.2,309.3,1491,46.2,15,0,0,0,0,0,0
95,L76081,L,301.0,313.5,1694,33.3,28,0,0,0,0,0,0
96,M29000,M,301.3,310.8,1507,41.4,130,0,0,0,0,0,0
97,L80316,L,300.2,312.2,1667,46.2,233,0,0,0,0,0,0
98,L48573,L,296.0,308.0,1446,34.7,25,0,0,0,0,0,0
99,L37515,L,302.6,310.8,1787,29.8,145,0,0,0,0,0,0
100,H34183,H,300.8,312.3,1585,43.6,205,0,0,0,0,0,0
101,H16045,H,297.6,307.3,1360,38.7,249,0,0,0,0,0,0
102,M42620,M,298.4,307.9,1611,41.4,230,1,1,0,0,0,0
103,L94321,L,300.5,311.0,1505,46.6,27,0,0,0,0,0,0
104,H61897,H,301.4,310.4,1464,53.1,19,0,0,0,0,0,0
105,M80234,M,299.0,309.5,1517,46.6,52,0,0,0,0,0,0
106,M84862,M,301.7,310.7,1635,45.3,71,0,0,0,0,0,0
107,L73156,L,296.4,306.6,1119,35.0,219,0,0,0,0,0,0
108,L78949,L,297.9,309.3,1437,36.5,163,0,0,0,0,0,0
109,L48934,L,295.9,306.3,1623,44.5,238,0,0,0,0,0,0
110,H49357,H,298.2,307.8,1545,36.4,106,0,0,0,0,0,0
111,L47789,L,303.0,313.6,1297,44.5,104,0,0,0,0,0,0
112,L37217,L,304.1,312.7,1074,31.8,71,0,0,0,0,0,0
113,L14061,L,300.5,309.6,1806,59.3,111,1,0,0,1,0,0
114,L69102,L,298.7,308.3,1466,41.9,200,0,0,0,0,0,0
115,L68366,L,299.6,310.3,1773,41.3,176,0,0,0,0,0,0
116,M48993,M,300.9,311.4,1643,35.2,200,0,0,0,0,0,0
117,M69845,M,296.9,307.4,1357,59.1,210,0,0,0,0,0,0
118,M78154,M,298.9,308.8,1050,27.5,1,1,0,0,1,0,0
119,L91664,L,302.9,312.1,1417,33.0,60,0,0,0,0,0,0
120,M87339,M,297.9,309.4,1493,48.5,166,0,0,0,0,0,0
121,L40786,L,298.5,307.8,1581,42.4,113,0,0,0,0,0,0
122,M35795,M,300.0,310.4,1300,34.2,30,0,0,0,0,0,0
123,L52823,L,300.6,310.5,1532,34.5,16,0,0,0,0,0,0
124,L44649,L,298.7,309.3,1532,37.1,239,0,0,0,0,0,0
125,L70623,L,300.2,309.5,1677,41.0,215,0,0,0,0,0,0
126,L12600,L,301.2,312.3,1445,55.5,81,0,0,0,0,0,0
127,L34121,L,303.9,315.3,1580,46.1,162,0,0,0,0,0,0
128,L48647,L,299.7,310.7,1552,50.2,37,0,0,0,0,0,0
129,L18723,L,299.9,310.1,1658,35.7,34,0,0,0,0,0,0
130,L49444,L,303.1,312.6,1352,45.2,84,0,0,0,0,0,0
131,L23999,L,298.9,311.7,1000,24.5,71,1,0,0,1,0,0
132,H92499,H,297.4,306.4,1457,41.8,248,0,0,0,0,0,0
133,L19128,L,300.5,311.4,1458,41.2,6,0,0,0,0,0,0
134,L46539,L,302.2,312.5,1292,58.2,138,0,0,0,0,0,0
135,L33367,L,300.7,310.7,1229,55.6,216,0,0,0,0,0,0
136,L48305,L,299.8,310.0,1397,37.4,7,0,0,0,0,0,0
137,H75743,H,297.1,306.6,1479,31.8,140,0,0,0,0,0,0
138,L39613,L,299.9,310.3,1517,32.1,96,0,0,0,0,0,0
139,M75443,M,302.5,312.8,1089,37.1,55,0,0,0,0,0,0
140,L19304,L,297.5,310.2,1184,53.0,60,0,0,0,0,0,0
141,L98463,L,299.5,310.6,1703,44.1,206,0,0,0,0,0,0
142,L64312,L,299.2,309.7,1466,45.2,118,0,0,0,0,0,0
143,H92337,H,298.6,309.2,1500,48.1,12,0,0,0,0,0,0
144,L29013,L,300.5,312.3,1260,30.1,103,0,0,0,0,0,0
145,L72277,L,300.9,309.9,1499,32.9,207,0,0,0,0,0,0
146,L56870,L,300.9,310.7,1432,45.2,174,0,0,0,0,0,0
147,L35365,L,298.0,306.1,1389,32.2,242,0,0,0,0,0,0
148,L79179,L,296.7,307.3,1237,24.7,196,1,0,0,1,0,0
149,L54784,L,300.5,311.4,1344,29.2,43,0,0,0,0,0,0
150,L76034,L,299.0,308.0,1855,50.5,17,1,0,0,1,0,0
151,M11745,M,303.7,315.1,1437,36.3,117,0,0,0,0,0,0
152,M19844,M,303.8,313.1,1642,42.3,113,0,0,0,0,0,0
153,L81573,L,304.0,313.6,1465,29.7,139,0,0,0,0,0,0
154,L47877,L,298.1,308.2,1444,43.8,170,0,0,0,0,0,0
155,L27670,L,301.1,312.7,1386,37.3,64,0,0,0,0,0,0
156,M81974,M,301.7,310.9,1742,44.5,250,1,1,0,0,0,0
157,L23800,L,301.5,311.8,1567,35.2,125,0,0,0,0,0,0
158,M10625,M,299.3,310.1,1358,45.0,181,0,0,0,0,0,0
159,M59766,M,302.6,313.1,1429,34.7,103,0,0,0,0,0,0
160,M23277,M,300.0,310.6,1694,39.2,173,0,0,0,0,0,0
161,L73634,L,300.3,311.0,1000,37.3,249,0,0,0,0,0,0
162,H47581,H,296.9,306.4,1556,40.3,39,0,0,0,0,0,0
163,L91878,L,301.3,313.0,1597,42.8,110,0,0,0,0,0,0
164,L55560,L,299.5,309.4,1365,35.1,176,0,0,0,0,0,0
165,L27933,L,300.9,310.7,1528,38.8,217,0,0,0,0,0,0
166,L57001,L,300.5,311.8,1590,41.9,161,0,0,0,0,0,0
167,M68377,M,300.4,309.7,1278,45.1,59,0,0,0,0,0,0
168,M90206,M,299.9,310.2,1652,39.2,163,0,0,0,0,0,0
169,L21346,L,301.6,310.9,1554,31.1,158,0,0,0,0,0,0
170,H77420,H,299.6,312.1,1472,40.9,11,0,0,0,0,0,0
171,L64105,L,297.1,309.4,1519,46.7,154,0,0,0,0,0,0
172,L95603,L,301.1,311.0,1627,26.7,135,0,0,0,0,0,0
173,L62535,L,298.4,308.9,1917,26.8,73,0,0,0,0,0,0
174,H96906,H,297.4,307.4,1610,33.4,60,0,0,0,0,0,0
175,L60697,L,298.0,307.6,1646,38.1,194,0,0,0,0,0,0
176,L14546,L,300.6,310.7,1535,18.0,16,1,0,0,1,0,0
177,L20536,L,299.8,309.8,1842,45.7,72,0,0,0,0,0,0
178,H19035,H,295.7,304.2,1236,38.2,177,0,0,0,0,0,0
179,M57864,M,299.2,309.5,1187,16.5,53,1,0,0,1,0,0
180,M82536,M,302.3,312.3,1528,28.9,30,0,0,0,0,0,0
181,M61043,M,299.1,309.4,1619,37.0,249,1,1,0,0,0,0
182,M94133,M,299.7,309.6,1037,22.3,143,1,0,0,1,0,0
183,L55142,L,302.1,311.7,1499,49.7,68,0,0,0,0,0,0
184,L71439,L,301.6,312.5,1468,41.9,39,0,0,0,0,0,0
185,M28045,M,302.0,312.6,1634,46.8,2,0,0,0,0,0,0
186,M10842,M,294.5,305.9,1577,29.7,190,0,0,0,0,0,0
187,L74553,L,303.5,314.0,1175,44.1,90,0,0,0,0,0,0
188,L18580,L,301.3,311.1,1306,33.4,49,0,0,0,0,0,0
189,M96261,M,304.9,315.5,1355,38.1,229,1,1,0,0,0,0
190,L96983,L,298.4,306.5,1633,43.5,176,0,0,0,0,0,0
191,H29419,H,296.5,308.6,1567,39.3,205,0,0,0,0,0,0
192,L18076,L,300.0,310.3,1388,48.1,166,0,0,0,0,0,0
193,L90015,L,299.4,311.6,1526,41.4,232,0,0,0,0,0,0
194,M91070,M,301.3,310.4,1310,35.4,87,0,0,0,0,0,0
195,L58498,L,302.1,311.0,1869,48.4,40,0,0,0,0,0,0
196,L43663,L,299.8,310.2,1603,50.5,2,0,0,0,0,0,0
197,L50651,L,299.5,309.9,1642,40.9,9,0,0,0,0,0,0
198,M93741,M,301.0,311.4,1748,53.4,216,1,0,0,1,0,0
199,L59655,L,299.5,309.7,1683,37.6,156,0,0,0,0,0,0
200,L27799,L,299.3,308.7,1506,38.7,12,0,0,0,0,0,0
201,M71713,M,302.1,310.6,1467,40.0,27,0,0,0,0,0,0
202,H97508,H,302.5,312.8,1732,38.7,176,0,0,0,0,0,0
203,L15161,L,302.2,310.9,1505,36.9,97,0,0,0,0,0,0
204,L56884,L,299.7,308.3,1365,32.9,196,0,0,0,0,0,0
205,L58282,L,295.7,305.3,1854,30.1,237,1,1,0,0,0,0
206,L79087,L,299.7,310.1,1332,41.1,191,0,0,0,0,0,0
207,L60203,L,298.5,310.5,1188,52.0,46,0,0,0,0,0,0
208,M28944,M,299.7,310.7,1679,48.1,164,0,0,0,0,0,0
209,L64893,L,298.7,310.1,1368,43.9,151,0,0,0,0,0,0
210,L21972,L,300.0,310.6,1578,52.5,215,0,0,0,0,0,0
211,M57787,M,297.9,308.3,1827,40.2,51,0,0,0,0,0,0
212,L30985,L,297.4,309.9,1253,30.1,182,0,0,0,0,0,0
213,L99873,L,302.4,311.1,1493,36.5,152,0,0,0,0,0,0
214,M77257,M,298.1,307.6,1767,39.4,121,0,0,0,0,0,0
215,M77196,M,300.0,309.7,1623,34.9,74,0,0,0,0,0,0
216,M10057,M,301.9,312.8,1468,46.1,7,0,0,0,0,0,0
217,L48592,L,301.8,310.8,1930,49.4,204,1,0,0,1,0,0
218,L72079,L,301.6,312.4,1483,22.7,27,0,0,0,0,0,0
219,H53898,H,300.6,311.2,1571,38.5,95,0,0,0,0,0,0
220,L19215,L,301.4,312.3,1797,11.0,126,1,0,0,1,0,0
221,L57278,L,302.7,313.5,1677,39.1,83,0,0,0,0,0,0
222,L69653,L,300.9,312.4,1738,39.0,168,0,0,0,0,0,0
223,M75076,M,296.3,306.3,1338,57.8,83,0,0,0,0,0,0
224,H37192,H,298.9,309.5,1721,54.8,131,1,0,0,1,0,0
225,L62276,L,301.4,310.7,1531,49.3,24,0,0,0,0,0,0
226,H91080,H,298.7,307.8,1366,30.4,110,0,0,0,0,0,0
227,L95930,L,303.2,315.0,1540,29.8,147,0,0,0,0,0,0
228,L38275,L,299.9,309.1,1534,29.0,218,0,0,0,0,0,0
229,M71319,M,300.2,310.8,1836,55.3,46,1,0,0,1,0,0
230,L91960,L,302.2,312.8,1569,30.9,86,0,0,0,0,0,0
231,L16885,L,299.6,310.8,1359,36.1,66,0,0,0,0,0,0
232,L61107,L,300.4,308.7,1318,31.0,39,1,0,1,0,0,0
233,H78002,H,301.8,312.7,1491,27.4,98,0,0,0,0,0,0
234,L29619,L,297.1,307.0,1258,43.3,230,0,0,0,0,0,0
235,H36666,H,299.4,308.8,1371,41.5,94,0,0,0,0,0,0
236,M86594,M,301.7,311.4,1456,17.8,69,1,0,0,1,0,0
237,L25227,L,300.1,311.2,1424,27.0,242,1,1,0,0,0,0
238,M37031,M,302.9,313.7,1631,42.6,181,0,0,0,0,0,0
239,L84978,L,296.8,306.7,1367,39.3,94,0,0,0,0,0,0
240,L64991,L,296.6,305.5,1055,36.0,190,0,0,0,0,0,0
241,M67973,M,301.5,310.5,1197,46.1,162,0,0,0,0,0,0
242,M58973,M,301.7,312.5,1497,25.6,216,0,0,0,0,0,0
243,L44257,L,299.6,308.3,1394,34.1,28,0,0,0,0,0,0
244,L80745,L,300.8,310.7,1277,45.2,137,0,0,0,0,0,0
245,M36107,M,301.5,314.2,1853,33.5,178,0,0,0,0,0,0
246,M33023,M,298.4,308.8,1649,43.1,252,0,0,0,0,0,0
247,M50975,M,298.6,309.3,1489,28.5,152,0,0,0,0,0,0
248,L21286,L,300.4,309.3,1542,31.8,36,0,0,0,0,0,0
249,L66674,L,301.8,310.6,1452,22.2,246,1,1,0,0,0,0
250,L92151,L,297.7,308.5,1274,19.4,116,1,0,0,1,0,0
251,M74516,M,299.6,309.3,1686,35.2,124,0,0,0,0,0,0
252,M38102,M,299.5,310.7,1653,44.5,64,0,0,0,0,0,0
253,L18824,L,300.8,311.0,1144,38.9,206,0,0,0,0,0,0
254,L65971,L,300.0,313.5,1541,51.6,134,0,0,0,0,0,0
255,L57663,L,298.9,308.4,1561,36.1,246,0,0,0,0,0,0
256,M88383,M,302.5,312.9,1442,18.8,131,1,0,0,1,0,0
257,M53693,M,298.9,308.1,1878,43.4,46,0,0,0,0,0,0
258,L17282,L,299.4,310.5,1858,29.2,195,0,0,0,0,0,0
259,L91138,L,296.8,307.4,1432,41.3,37,0,0,0,0,0,0
260,L36277,L,298.6,307.7,1460,17.1,72,1,0,0,1,0,0
261,L79357,L,301.0,310.8,1439,37.2,238,0,0,0,0,0,0
262,M17520,M,300.6,312.1,1390,47.0,247,0,0,0,0,0,0
263,L96781,L,301.2,312.6,1334,45.8,196,0,0,0,0,0,0
264,L92941,L,301.1,309.8,1591,37.5,52,0,0,0,0,0,0
265,H16176,H,304.2,313.8,1853,39.5,188,0,0,0,0,0,0
266,L94653,L,298.5,310.4,1779,35.0,150,0,0,0,0,0,0
267,L81525,L,296.8,306.7,1642,37.0,113,0,0,0,0,0,0
268,L91461,L,297.9,308.2,1067,46.3,113,0,0,0,0,0,0
269,L30835,L,298.6,309.7,1164,32.5,115,0,0,0,0,0,0
270,L42825,L,298.1,306.8,1692,33.5,82,0,0,0,0,0,0
271,L55333,L,300.2,309.3,1791,24.2,136,0,0,0,0,0,0
272,L53162,L,302.5,312.3,1600,46.5,9,0,0,0,0,0,0
273,L75173,L,303.1,314.4,1445,36.8,215,0,0,0,0,0,0
274,L92247,L,301.0,312.1,1743,27.4,227,0,0,0,0,0,0
275,M88506,M,304.3,315.1,1636,48.2,99,0,0,0,0,0,0
276,L89656,L,299.3,309.2,1705,39.0,240,1,1,0,0,0,0
277,L39381,L,296.7,308.0,1166,32.0,196,0,0,0,0,0,0
278,L11030,L,302.1,312.1,1562,48.4,215,0,0,0,0,0,0
279,M25907,M,296.3,307.0,1819,36.0,225,0,0,0,0,0,0
280,M26113,M,298.5,309.5,1595,23.8,86,0,0,0,0,0,0
281,L80017,L,301.0,312.8,1671,49.0,206,0,0,0,0,0,0
282,L46748,L,299.8,309.8,1507,31.1,37,0,0,0,0,0,0
283,L43807,L,299.6,309.4,1519,69.7,247,1,0,0,1,1,0
284,L77559,L,297.6,309.0,1752,35.0,151,0,0,0,0,0,0
285,L16471,L,300.0,311.5,1379,19.3,176,1,0,0,1,0,0
286,L44491,L,302.0,311.6,1362,57.0,78,0,0,0,0,0,0
287,L46063,L,300.0,309.0,1414,38.9,8,0,0,0,0,0,0
288,L28555,L,298.3,309.7,1504,42.0,41,0,0,0,0,0,0
289,L39146,L,297.5,306.0,1210,43.3,36,0,0,0,0,0,0
290,L84575,L,298.4,306.8,1632,25.8,112,0,0,0,0,0,0
291,M71813,M,300.8,310.6,1470,17.8,74,1,0,0,1,0,0
292,L40686,L,300.7,310.8,1654,59.0,239,1,0,0,1,1,0
293,H88568,H,298.4,307.3,1119,23.8,213,1,0,0,1,0,0
294,L20204,L,295.6,305.8,1654,55.8,137,1,0,0,1,0,0
295,M89255,M,300.8,311.1,1741,44.7,216,0,0,0,0,0,0
296,H67019,H,298.2,307.7,1579,41.2,148,0,0,0,0,0,0
297,H28926,H,301.4,313.4,1505,34.8,233,0,0,0,0,0,0
298,M87820,M,298.5,308.9,1656,62.5,189,1,0,0,1,0,0
299,M22684,M,298.0,309.2,1729,32.5,186,0,0,0,0,0,0
300,M61906,M,300.3,308.9,1594,32.8,70,0,0,0,0,0,0
301,M63168,M,304.7,313.3,1608,46.2,201,0,0,0,0,0,0
302,L99671,L,301.5,312.0,1798,32.7,195,0,0,0,0,0,0
303,L29748,L,300.3,312.1,1637,29.3,20,0,0,0,0,0,0
304,L88664,L,300.7,309.7,1356,38.9,15,0,0,0,0,0,0
305,M22775,M,296.5,306.6,1728,46.3,223,0,0,0,0,0,0
306,L32021,L,297.8,306.5,1478,58.3,248,1,1,0,0,1,0
307,L13344,L,295.0,304.3,1506,60.3,153,1,0,0,1,0,0
308,M39632,M,303.5,313.7,1519,21.6,43,0,0,0,0,0,0
309,L75439,L,303.1,312.6,1674,49.9,107,0,0,0,0,0,0
310,L27618,L,300.8,309.5,1815,29.6,5,0,0,0,0,0,0
311,L16548,L,300.3,308.9,1504,30.1,208,0,0,0,0,0,0
312,L60191,L,296.9,305.0,1812,34.1,26,0,0,0,0,0,0
313,L10492,L,299.6,310.0,1530,33.4,85,0,0,0,0,0,0
314,L68682,L,303.6,314.2,1752,28.8,142,0,0,0,0,0,0
315,L77542,L,300.3,310.9,1536,16.2,177,1,0,0,1,0,0
316,L77466,L,298.9,308.0,1411,53.9,229,0,0,0,0,0,0
317,L18255,L,296.5,307.5,1846,48.5,107,0,0,0,0,0,0
318,M57669,M,302.8,313.5,1394,39.3,48,0,0,0,0,0,0
319,L38971,L,299.9,309.9,1382,29.8,28,0,0,0,0,0,0
320,H21025,H,296.5,306.3,1274,51.8,167,0,0,0,0,0,0
321,H24565,H,298.2,307.5,1728,38.9,33,0,0,0,0,0,0
322,L32533,L,297.4,307.6,1771,33.7,167,0,0,0,0,0,0
323,L77833,L,299.7,311.4,1567,23.0,115,0,0,0,0,0,0
324,L52149,L,300.4,311.6,1323,44.9,105,0,0,0,0,0,0
325,M17939,M,299.0,308.7,1499,36.1,66,0,0,0,0,0,0
326,M34242,M,301.6,312.1,1446,42.1,228,0,0,0,0,0,0
327,M25983,M,300.2,309.1,1315,41.2,181,0,0,0,0,0,0
328,L14562,L,302.1,312.9,1412,45.8,133,0,0,0,0,0,0
329,M88824,M,299.3,308.5,1591,41.7,107,0,0,0,0,0,0
330,L90056,L,306.1,316.8,1391,36.4,91,0,0,0,0,0,0
331,M15181,M,298.9,311.8,1553,45.0,101,0,0,0,0,0,0
332,L56918,L,298.2,307.6,1180,49.0,216,0,0,0,0,0,0
333,M87417,M,297.9,310.9,1802,55.0,107,1,0,0,1,0,0
334,M63574,M,299.6,310.1,1430,28.3,1,0,0,0,0,0,0
335,L40719,L,296.6,305.8,1657,50.6,234,0,0,0,0,0,0
336,M19215,M,300.6,309.8,1534,23.6,150,0,0,0,0,0,0
337,L18370,L,296.2,308.6,1572,49.6,42,0,0,0,0,0,0
338,M91948,M,300.3,310.8,1296,33.6,32,0,0,0,0,0,0
339,L67656,L,297.3,306.7,1363,47.9,95,0,0,0,0,0,0
340,H87619,H,299.2,309.0,1367,54.4,155,0,0,0,0,0,0
341,L97778,L,301.2,311.6,1505,41.8,238,0,0,0,0,0,0
342,H45151,H,304.6,314.6,1739,39.5,14,0,0,0,0,0,0
343,M73286,M,297.8,308.2,1578,39.0,89,0,0,0,0,0,0
344,L27840,L,299.7,311.5,1338,35.3,65,0,0,0,0,0,0
345,M70701,M,298.6,307.4,1516,51.2,107,0,0,0,0,0,0
346,M81498,M,298.3,308.9,1485,38.9,200,0,0,0,0,0,0
347,H58173,H,298.6,308.5,1437,18.2,40,1,0,0,1,0,0
348,L61678,L,301.6,311.1,1497,48.8,237,1,1,0,0,0,0
349,L50753,L,299.0,310.1,1637,48.3,65,0,0,0,0,0,0
350,L84839,L,304.5,313.0,1370,40.4,190,0,0,0,0,0,0
351,M55640,M,300.8,308.5,1438,32.1,162,0,0,0,0,0,0
352,L53371,L,298.0,308.2,1677,28.4,139,0,0,0,0,0,0
353,L44200,L,299.3,309.1,1584,32.1,214,0,0,0,0,0,0
354,L90213,L,298.4,307.0,1730,42.0,154,0,0,0,0,0,0
355,L18050,L,301.6,309.9,1758,21.6,198,0,0,0,0,0,0
356,L74454,L,296.7,308.7,1255,44.2,149,0,0,0,0,0,0
357,M48261,M,297.3,307.8,1552,40.7,182,0,0,0,0,0,0
358,M41704,M,298.8,308.8,1409,52.9,12,0,0,0,0,0,0
359,L49377,L,301.4,313.6,1284,47.0,163,0,0,0,0,0,0
360,L77936,L,302.5,313.5,1358,32.8,225,0,0,0,0,0,0
361,H41722,H,302.8,314.5,1446,23.1,165,0,0,0,0,0,0
362,L38943,L,301.1,309.9,1447,31.8,207,0,0,0,0,0,0
363,L99318,L,299.8,308.6,1391,53.8,251,1,1,0,0,1,0
364,L48653,L,301.6,312.2,1498,42.9,40,0,0,0,0,0,0
365,M82221,M,297.7,308.1,1940,46.0,174,0,0,0,0,0,0
366,L45965,L,296.3,307.6,1189,33.7,227,0,0,0,0,0,0
367,M97901,M,300.9,309.2,1705,44.8,7,0,0,0,0,0,0
368,M47650,M,298.0,308.7,1497,24.8,44,0,0,0,0,0,0
369,L42759,L,299.9,310.9,1421,49.4,63,0,0,0,0,0,0
370,M75307,M,300.2,311.2,1137,28.4,223,0,0,0,0,0,0
371,M83416,M,300.5,310.1,1637,20.3,247,0,0,0,0,0,0
372,L32109,L,301.9,312.4,1241,62.6,231,1,0,0,0,1,0
373,L94442,L,301.7,310.9,1649,41.3,120,0,0,0,0,0,0
374,L39088,L,300.4,310.1,1813,41.1,169,0,0,0,0,0,0
375,L90589,L,299.1,308.1,1269,21.3,26,1,0,0,1,0,0
376,L56101,L,300.2,309.5,1710,46.2,248,1,1,0,0,0,0
377,H61530,H,298.8,308.6,1505,48.9,239,0,0,0,0,0,0
378,L34913,L,299.6,309.1,1123,38.0,151,0,0,0,0,0,0
379,L24677,L,305.2,314.5,1283,48.9,36,0,0,0,0,0,0
380,M21965,M,300.4,309.1,1532,51.7,240,0,0,0,0,0,0
381,L20178,L,300.9,312.9,1572,45.3,227,1,1,0,0,0,0
382,H73290,H,298.6,308.1,1215,18.3,251,1,0,0,1,0,0
383,M65214,M,302.0,312.4,1506,28.5,128,0,0,0,0,0,0
384,L63765,L,301.5,309.8,1648,56.9,88,1,0,0,1,0,0
385,L93335,L,301.5,312.9,1680,40.8,95,0,0,0,0,0,0
386,H95166,H,300.4,310.6,1426,40.9,126,0,0,0,0,0,0
387,M53791,M,302.1,311.6,1579,31.7,231,1,1,0,0,0,0
388,H76831,H,302.5,312.1,1693,33.6,33,0,0,0,0,0,0
389,L17137,L,300.6,311.4,1653,51.9,164,0,0,0,0,0,0
390,M61489,M,299.8,306.8,1660,55.0,232,1,0,0,1,0,0
391,M48865,M,301.8,311.0,1520,48.0,69,0,0,0,0,0,0
392,L33997,L,298.2,308.1,1483,45.5,133,0,0,0,0,0,0
393,L44106,L,298.6,308.4,1549,46.3,201,0,0,0,0,0,0
394,M27963,M,299.9,312.4,1363,39.3,130,0,0,0,0,0,0
395,L56106,L,296.5,306.2,1700,28.0,133,0,0,0,0,0,0
396,L57104,L,301.7,312.6,1225,25.8,194,0,0,0,0,0,0
397,M20716,M,298.1,309.9,1409,53.1,42,0,0,0,0,0,0
398,L51463,L,299.1,309.7,1493,39.7,181,0,0,0,0,0,0
399,L38543,L,299.6,308.9,1585,44.8,231,1,1,0,0,0,0
400,L46449,L,300.1,308.8,1618,42.1,26,0,0,0,0,0,0
401,L90611,L,299.3,310.1,1768,42.6,15,0,0,0,0,0,0
402,H49739,H,299.9,311.5,1514,43.4,22,0,0,0,0,0,0
403,M68878,M,299.9,310.4,1371,47.0,186,0,0,0,0,0,0
404,L29095,L,299.1,310.3,1474,32.3,99,0,0,0,0,0,0
405,H96556,H,298.5,311.0,1443,51.8,118,0,0,0,0,0,0
406,M47861,M,302.2,313.0,1594,32.6,184,0,0,0,0,0,0
407,L38250,L,295.8,304.7,1308,42.4,132,0,0,0,0,0,0
408,M13528,M,299.6,309.6,1468,28.2,152,0,0,0,0,0,0
409,L86315,L,299.1,310.4,1792,38.3,215,0,0,0,0,0,0
410,H60445,H,300.8,310.6,1532,33.4,114,0,0,0,0,0,0
411,M22971,M,297.1,308.6,1310,40.2,221,0,0,0,0,0,0
412,M60120,M,299.0,308.9,1439,47.4,132,0,0,0,0,0,0
413,L34066,L,299.8,310.1,1098,40.8,102,0,0,0,0,0,0
414,M70018,M,302.1,311.8,1489,59.6,66,0,0,0,0,0,0
415,L25998,L,300.7,310.8,1797,48.0,185,0,0,0,0,0,0
416,L74240,L,297.6,307.8,1286,37.7,157,0,0,0,0,0,0
417,L26067,L,299.0,307.4,1238,39.1,204,1,0,1,0,0,0
418,M70655,M,301.8,311.3,1382,43.8,138,0,0,0,0,0,0
419,L36182,L,297.6,306.4,1666,47.0,219,0,0,0,0,0,0
420,H82340,H,299.8,309.4,1807,27.7,73,0,0,0,0,0,0
421,M57851,M,300.0,309.2,1581,46.4,185,0,0,0,0,0,0
422,L21975,L,299.2,310.2,1269,27.9,100,0,0,0,0,0,0
423,L88177,L,305.4,316.4,1496,45.4,29,0,0,0,0,0,0
424,L89753,L,299.2,309.7,1822,51.0,134,1,0,0,1,0,0
425,M39118,M,300.9,309.6,1444,43.0,59,0,0,0,0,0,0
426,M44958,M,298.5,308.4,1525,16.7,16,1,0,0,1,0,0
427,L10922,L,301.1,309.7,1543,22.2,92,0,0,0,0,0,0
428,M70003,M,301.7,311.6,1222,45.6,247,1,1,0,0,0,0
429,L50583,L,298.8,309.5,1680,15.5,226,1,1,0,1,0,0
430,M20850,M,299.9,310.9,1654,46.1,248,0,0,0,0,0,0
431,H68593,H,298.2,308.7,1141,49.8,7,0,0,0,0,0,0
432,M30190,M,297.7,309.0,1260,51.4,39,0,0,0,0,0,0
433,M31073,M,302.1,312.3,1325,37.6,59,0,0,0,0,0,0
434,M93772,M,298.9,308.7,1635,44.4,186,0,0,0,0,0,0
435,L77298,L,295.2,306.0,1365,42.1,247,1,1,0,0,0,0
436,L22379,L,303.5,314.4,1572,25.3,103,0,0,0,0,0,0
437,L61371,L,298.4,307.9,1467,47.5,148,0,0,0,0,0,0
438,L51872,L,299.5,309.9,1513,53.9,22,0,0,0,0,0,0
439,M22991,M,303.3,313.0,1589,46.9,159,0,0,0,0,0,0
440,M18507,M,299.7,307.7,1549,35.0,228,1,1,0,0,0,0
441,M88117,M,299.7,310.1,1497,47.4,167,0,0,0,0,0,0
442,L18397,L,297.5,306.2,1559,53.0,165,0,0,0,0,0,0
443,M63972,M,296.7,307.1,1539,51.7,123,0,0,0,0,0,0
444,L99453,L,299.7,308.1,1462,50.3,114,0,0,0,0,0,0
445,L44795,L,300.7,310.0,1422,24.1,94,0,0,0,0,0,0
446,M67472,M,300.6,310.2,1838,44.0,208,0,0,0,0,0,0
447,H49951,H,299.0,310.2,1420,46.5,163,0,0,0,0,0,0
448,M67247,M,300.0,309.5,1746,50.4,76,0,0,0,0,0,0
449,L34963,L,296.3,305.3,1377,45.2,131,0,0,0,0,0,0
450,M34364,M,300.9,311.3,1646,55.5,29,1,0,0,1,0,0
451,L60742,L,300.3,310.1,1821,21.7,12,0,0,0,0,0,0
452,M23688,M,303.9,314.7,1439,45.6,34,0,0,0,0,0,0
453,M60714,M,300.0,309.0,1380,44.8,219,0,0,0,0,0,0
454,L65246,L,298.1,308.3,1423,49.0,65,0,0,0,0,0,0
455,L98308,L,299.9,312.4,1497,55.4,244,1,1,0,0,1,0
456,L32432,L,299.3,309.1,1558,31.1,86,0,0,0,0,0,0
457,H19643,H,300.9,311.1,1493,55.1,104,0,0,0,0,0,0
458,L34394,L,300.1,308.4,1424,48.1,205,0,0,0,0,0,0
459,M82125,M,297.5,306.6,1852,38.1,57,0,0,0,0,0,0
460,M47833,M,296.7,307.2,1464,30.9,230,1,1,0,0,0,0
461,L24902,L,300.5,310.2,1388,42.0,165,0,0,0,0,0,0
462,L30253,L,302.8,313.4,1649,42.9,16,0,0,0,0,0,0
463,H82093,H,300.2,310.6,1652,43.4,242,1,1,0,0,0,0
464,L94551,L,301.6,310.3,1754,33.7,73,0,0,0,0,0,0
465,L23565,L,302.0,313.0,1847,46.1,59,0,0,0,0,0,0
466,M62021,M,300.5,309.3,1562,35.9,227,0,0,0,0,0,0
467,M98424,M,298.4,307.6,1448,52.2,82,0,0,0,0,0,0
468,H16170,H,300.4,310.6,1158,57.1,183,0,0,0,0,0,0
469,L24433,L,302.4,314.0,1331,31.9,9,0,0,0,0,0,0
470,L53430,L,301.1,310.1,1538,40.6,233,0,0,0,0,0,0
471,L16227,L,301.5,311.6,1287,49.7,104,0,0,0,0,0,0
472,L60496,L,299.1,309.2,1215,42.8,45,0,0,0,0,0,0
473,L71957,L,299.6,310.3,1512,26.5,248,0,0,0,0,0,0
474,L42276,L,299.8,310.9,1640,48.6,188,0,0,0,0,0,0
475,L92539,L,299.9,309.5,1456,33.9,201,0,0,0,0,0,0
476,L88658,L,302.3,313.3,1661,42.0,127,0,0,0,0,0,0
477,L74966,L,295.3,306.6,1611,30.1,174,0,0,0,0,0,0
478,M56876,M,300.1,311.8,1707,47.9,74,0,0,0,0,0,0
479,M19325,M,299.8,310.3,1891,35.8,131,0,0,0,0,0,0
480,L31498,L,297.3,307.4,1971,49.0,96,1,0,0,1,0,0
481,L97263,L,301.3,310.9,1632,37.9,108,0,0,0,0,0,0
482,L58706,L,298.6,307.1,1417,35.2,1,0,0,0,0,0,0
483,L48965,L,299.3,309.0,1511,44.1,205,0,0,0,0,0,0
484,L75066,L,303.7,313.8,1783,29.3,55,0,0,0,0,0,0
485,L31579,L,302.0,311.9,1339,58.0,120,0,0,0,0,0,0
486,L37784,L,301.1,311.7,1761,41.9,167,0,0,0,0,0,0
487,L44751,L,300.8,309.3,1469,34.3,9,0,0,0,0,0,0
488,L88530,L,299.7,309.5,1541,36.0,87,0,0,0,0,0,0
489,L52042,L,304.0,316.0,1355,40.2,67,0,0,0,0,0,0
490,L15126,L,301.6,312.6,1262,50.0,34,0,0,0,0,0,0
491,M52289,M,298.5,309.1,1450,31.1,206,0,0,0,0,0,0
492,M36790,M,297.2,307.6,1735,36.3,137,0,0,0,0,0,0
493,M52556,M,301.1,310.8,1374,39.5,115,0,0,0,0,0,0
494,L93482,L,299.9,308.1,1790,55.4,34,1,0,0,1,0,0
495,M38992,M,297.1,307.6,1397,50.0,130,0,0,0,0,0,0
496,L34071,L,300.9,308.4,1308,55.9,68,1,0,1,0,0,0
497,L52756,L,299.5,309.1,1546,40.3,32,0,0,0,0,0,0
498,M16826,M,301.1,311.1,1622,54.3,133,0,0,0,0,0,0
499,L28744,L,300.9,310.4,1534,52.7,172,0,0,0,0,0,0
500,L14052,L,298.8,311.0,1527,47.0,14,0,0,0,0,0,0
501,M91398,M,301.3,313.1,1789,47.8,14,0,0,0,0,0,0
502,M77826,M,299.0,310.0,1517,34.1,187,0,0,0,0,0,0
503,H24486,H,299.1,308.2,1415,58.3,52,0,0,0,0,0,0
504,L40254,L,298.9,310.9,1296,37.5,39,0,0,0,0,0,0
505,L19966,L,302.3,312.9,1729,45.6,243,0,0,0,0,0,0
506,M78823,M,299.4,308.5,1423,46.8,46,0,0,0,0,0,0
507,L21802,L,302.7,312.8,1441,26.3,173,0,0,0,0,0,0
508,M68628,M,303.6,314.5,1689,39.5,206,0,0,0,0,0,0
509,L61673,L,298.5,307.9,1870,42.0,83,0,0,0,0,0,0
510,L77561,L,294.2,304.3,1545,38.9,117,0,0,0,0,0,0
511,L86698,L,302.1,312.4,1475,39.6,140,0,0,0,0,0,0
512,M92563,M,299.3,308.2,1499,54.9,51,0,0,0,0,0,0
513,L39772,L,298.3,308.0,1418,31.7,75,0,0,0,0,0,0
514,L83310,L,298.8,307.8,1436,27.3,244,0,0,0,0,0,0
515,L25664,L,299.2,310.0,1437,34.1,69,0,0,0,0,0,0
516,L23620,L,302.6,311.7,1664,47.4,206,0,0,0,0,0,0
517,L89548,L,300.3,310.6,1484,48.4,135,0,0,0,0,0,0
518,M91631,M,302.6,311.2,1745,46.1,163,0,0,0,0,0,0
519,L70623,L,301.0,309.9,1479,49.1,116,0,0,0,0,0,0
520,M40211,M,299.4,308.2,1434,42.6,149,0,0,0,0,0,0
521,M47421,M,299.2,308.9,1730,34.8,137,0,0,0,0,0,0
522,L82405,L,301.1,311.3,1504,30.5,122,0,0,0,0,0,0
523,L30696,L,301.6,312.0,1477,27.4,203,0,0,0,0,0,0
524,M56916,M,302.0,310.2,1506,37.7,223,0,0,0,0,0,0
525,L45366,L,299.5,309.3,1764,47.9,65,0,0,0,0,0,0
526,L25777,L,300.4,309.6,1555,42.4,34,0,0,0,0,0,0
527,H61806,H,301.2,311.7,1725,40.2,205,0,0,0,0,0,0
528,H72084,H,299.2,309.0,1458,29.4,54,0,0,0,0,0,0
529,M30903,M,297.7,307.6,1696,65.8,219,1,0,0,1,1,0
530,L70208,L,298.4,307.6,1543,31.7,26,0,0,0,0,0,0
531,M92542,M,299.5,311.2,1659,41.2,23,0,0,0,0,0,0
532,M91707,M,301.3,310.0,1674,50.0,46,0,0,0,0,0,0
533,L92131,L,302.5,312.1,1331,40.4,3,0,0,0,0,0,0
534,M46936,M,297.3,307.4,1513,31.9,189,0,0,0,0,0,0
535,L71526,L,298.8,308.6,1672,48.1,100,0,0,0,0,0,0
536,L76081,L,299.3,308.5,1701,26.6,239,1,1,0,0,0,0
537,L97615,L,301.6,309.8,1726,57.4,92,1,0,0,1,0,0
538,L56617,L,298.9,308.3,1519,42.8,178,0,0,0,0,0,0
539,L85948,L,299.1,308.2,1777,37.5,173,0,0,0,0,0,0
540,M59526,M,297.2,308.9,1382,25.8,82,0,0,0,0,0,0
541,H83949,H,301.0,313.2,1231,28.5,226,0,0,0,0,0,0
542,L40873,L,299.7,309.6,1450,39.5,101,0,0,0,0,0,0
543,M16635,M,298.7,307.3,1715,58.9,139,1,0,0,1,0,0
544,H42515,H,299.5,310.2,1304,42.3,101,0,0,0,0,0,0
545,L40176,L,302.3,311.3,1235,43.5,110,0,0,0,0,0,0
546,L82235,L,298.0,307.4,1190,43.9,14,0,0,0,0,0,0
547,L72272,L,298.3,307.7,1632,63.6,78,1,0,0,1,0,0
548,L67107,L,302.5,312.0,1239,35.6,240,1,1,0,0,0,0
549,M27056,M,300.2,309.8,1599,55.7,210,0,0,0,0,0,0
550,L71769,L,301.3,310.0,1441,36.0,223,0,0,0,0,0,0
551,L71408,L,300.8,310.1,1361,33.0,180,0,0,0,0,0,0
552,L93795,L,299.9,310.9,1320,39.2,165,0,0,0,0,0,0
553,L33984,L,299.3,309.3,1537,39.2,227,1,1,0,0,0,0
554,H72070,H,301.7,311.8,1364,45.6,136,0,0,0,0,0,0
555,L16872,L,302.3,310.1,1499,16.8,232,1,0,0,1,0,0
556,L76098,L,302.2,313.1,1572,41.5,105,0,0,0,0,0,0
557,L83180,L,297.6,306.9,1610,34.0,151,0,0,0,0,0,0
558,L79561,L,302.6,313.7,1668,32.8,119,0,0,0,0,0,0
559,L50679,L,299.3,309.4,1530,27.0,5,0,0,0,0,0,0
560,L48613,L,298.5,307.9,1311,36.4,50,0,0,0,0,0,0
561,L13112,L,299.7,308.0,1584,34.8,235,0,0,0,0,0,0
562,L51415,L,301.7,313.8,1618,35.7,151,0,0,0,0,0,0
563,M74768,M,301.1,311.9,1467,23.6,12,0,0,0,0,0,0
564,M98101,M,299.5,310.4,1448,41.0,245,0,0,0,0,0,0
565,M19656,M,301.7,313.5,1946,32.1,235,0,0,0,0,0,0
566,M60373,M,300.3,310.5,1267,23.6,180,1,0,0,1,0,0
567,M32218,M,298.9,310.2,1589,34.5,72,0,0,0,0,0,0
568,L43826,L,298.6,308.1,1688,32.3,75,0,0,0,0,0,0
569,L80577,L,300.8,311.6,1439,40.4,219,0,0,0,0,0,0
570,L15244,L,299.8,309.2,1470,34.4,15,0,0,0,0,0,0
571,L14968,L,297.2,306.7,1428,25.5,60,0,0,0,0,0,0
572,M29375,M,301.7,311.8,1500,31.1,42,0,0,0,0,0,0
573,L32810,L,299.0,307.8,1662,22.7,181,0,0,0,0,0,0
574,M80019,M,303.2,313.5,1464,51.4,97,0,0,0,0,0,0
575,M34515,M,297.2,306.9,2060,53.0,232,1,0,0,1,0,0
576,L93403,L,299.6,307.7,1419,54.2,203,0,0,0,0,0,0
577,H97852,H,298.6,308.1,1748,34.1,249,0,0,0,0,0,0
578,L80604,L,298.0,307.7,1598,53.0,76,0,0,0,0,0,0
579,M53000,M,299.0,309.9,1520,44.1,120,0,0,0,0,0,0
580,L81628,L,303.5,313.8,1765,31.8,167,0,0,0,0,0,0
581,L24657,L,300.3,311.7,1212,33.7,247,1,1,0,0,0,0
582,L88849,L,298.4,308.9,1577,38.3,87,0,0,0,0,0,0
583,L40120,L,296.3,305.8,1371,41.0,83,0,0,0,0,0,0
584,L50033,L,296.6,306.5,1422,43.6,159,0,0,0,0,0,0
585,H90836,H,298.9,308.6,1413,40.0,168,0,0,0,0,0,0
586,M22539,M,298.7,309.2,1327,36.5,48,0,0,0,0,0,0
587,L19056,L,299.6,309.6,1203,53.5,115,0,0,0,0,0,0
588,L65752,L,295.5,304.8,1570,38.9,95,0,0,0,0,0,0
589,L98447,L,299.8,309.8,1488,38.3,107,0,0,0,0,0,0
590,L91829,L,302.1,312.5,1446,37.8,36,0,0,0,0,0,0
591,H98898,H,303.2,312.2,1637,38.9,164,0,0,0,0,0,0
592,L50065,L,296.2,306.5,1581,26.4,47,0,0,0,0,0,0
593,L65398,L,298.4,306.8,1452,30.0,6,0,0,0,0,0,0
594,L83505,L,298.3,309.4,2049,64.5,125,1,0,0,1,0,0
595,L26500,L,300.3,310.8,1683,23.5,10,0,0,0,0,0,0
596,L88801,L,297.6,309.2,1940,42.7,169,0,0,0,0,0,0
597,M85825,M,303.4,312.2,1425,43.4,150,0,0,0,0,0,0
598,M17197,M,300.1,311.2,1545,50.1,143,0,0,0,0,0,0
599,H53250,H,299.8,310.7,1277,43.7,24,0,0,0,0,0,0
600,M48437,M,303.2,313.0,1441,58.9,31,0,0,0,0,0,0
601,L81949,L,300.0,309.6,1395,42.4,168,0,0,0,0,0,0
602,M50839,M,300.8,309.7,2039,53.5,8,1,0,0,1,0,0
603,H93819,H,298.5,307.2,1375,50.4,29,0,0,0,0,0,0
604,M48956,M,297.3,306.5,1458,55.4,193,0,0,0,0,0,0
605,H53460,H,298.8,307.5,1238,40.2,42,0,0,0,0,0,0
606,M33731,M,304.4,316.0,1596,44.0,125,0,0,0,0,0,0
607,M86107,M,301.3,309.8,1338,36.3,25,0,0,0,0,0,0
608,L54007,L,300.5,310.7,1665,41.6,59,0,0,0,0,0,0
609,M54307,M,298.0,308.5,1178,42.1,222,0,0,0,0,0,0
610,L75085,L,301.8,312.2,1478,19.2,191,1,0,0,1,0,0
611,L78908,L,297.3,307.7,1168,38.6,48,0,0,0,0,0,0
612,M71166,M,296.9,307.8,1412,48.9,54,0,0,0,0,0,0
613,H24625,H,298.9,308.4,1448,26.5,120,0,0,0,0,0,0
614,H93693,H,303.9,314.0,1392,30.1,160,0,0,0,0,0,0
615,L84331,L,303.8,313.5,1410,51.6,147,0,0,0,0,0,0
616,M76173,M,299.1,310.4,1675,53.4,72,0,0,0,0,0,0
617,M59796,M,298.7,310.8,1891,33.8,240,0,0,0,0,0,0
618,L77908,L,296.7,305.5,1561,41.7,211,0,0,0,0,0,0
619,L73643,L,300.2,308.1,1345,39.2,165,1,0,1,0,0,0
620,L36054,L,300.3,310.9,1512,51.8,230,0,0,0,0,0,0
621,M52238,M,301.6,312.6,1436,34.7,74,0,0,0,0,0,0
622,L12815,L,301.8,313.8,1660,36.2,76,0,0,0,0,0,0
623,H10335,H,299.6,310.3,1552,53.4,78,0,0,0,0,0,0
624,L56179,L,301.1,312.5,1216,30.0,41,0,0,0,0,0,0
625,H77714,H,298.6,310.3,1698,35.0,35,0,0,0,0,0,0
626,L80091,L,301.1,312.5,1674,41.3,230,0,0,0,0,0,0
627,M84063,M,299.0,309.9,1769,55.2,217,1,0,0,1,0,0
628,L45852,L,300.9,309.6,1407,28.1,139,0,0,0,0,0,0
629,L58744,L,300.8,310.7,1554,32.9,167,0,0,0,0,0,0
630,M83290,M,300.1,310.4,1287,45.9,60,0,0,0,0,0,0
631,H12993,H,301.6,311.5,1491,47.5,6,0,0,0,0,0,0
632,M65831,M,296.9,306.8,1571,42.1,112,0,0,0,0,0,0
633,L45213,L,297.9,309.4,1386,38.8,169,0,0,0,0,0,0
634,L39880,L,299.5,308.7,1562,41.3,172,0,0,0,0,0,0
635,L61387,L,297.1,307.9,1530,24.9,153,0,0,0,0,0,0
636,L40814,L,299.2,309.5,1419,41.0,234,0,0,0,0,0,0
637,M63198,M,299.3,308.4,1752,54.8,53,1,0,0,1,0,0
638,M71446,M,302.6,311.5,1458,26.8,67,0,0,0,0,0,0
639,M55939,M,300.3,308.6,1524,32.2,20,0,0,0,0,0,0
640,M61856,M,302.1,312.5,1236,36.0,237,0,0,0,0,0,0
641,M45601,M,300.6,310.5,1593,36.7,115,0,0,0,0,0,0
642,M16029,M,298.9,308.1,1414,58.4,102,0,0,0,0,0,0
643,L40479,L,300.3,308.4,1672,30.7,249,1,1,0,0,0,0
644,L59713,L,301.5,311.9,1264,28.7,108,0,0,0,0,0,0
645,M42594,M,302.4,312.2,1578,47.7,85,0,0,0,0,0,0
646,M13916,M,299.7,309.0,1107,33.5,53,0,0,0,0,0,0
647,L55917,L,296.7,305.7,1611,47.9,111,0,0,0,0,0,0
648,L59236,L,296.6,306.3,1469,38.0,173,0,0,0,0,0,0
649,M88877,M,299.3,309.8,1572,44.6,231,0,0,0,0,0,0
650,L93482,L,295.3,305.0,1392,24.3,48,0,0,0,0,0,0
651,L62217,L,303.6,312.4,1329,44.6,175,0,0,0,0,0,0
652,M18261,M,301.2,311.1,1422,42.2,2,0,0,0,0,0,0
653,M81063,M,298.7,309.8,1535,37.4,203,0,0,0,0,0,0
654,L53548,L,297.8,307.8,1604,27.7,71,0,0,0,0,0,0
655,M63721,M,302.1,312.1,1555,42.2,10,0,0,0,0,0,0
656,L79726,L,297.8,307.4,1331,47.2,100,0,0,0,0,0,0
657,M67266,M,298.0,307.1,1831,34.7,226,0,0,0,0,0,0
658,L48593,L,298.5,307.5,1560,34.9,59,0,0,0,0,0,0
659,L86099,L,300.2,308.6,1388,47.9,73,0,0,0,0,0,0
660,L42384,L,301.2,312.4,1576,57.1,42,0,0,0,0,0,0
661,L68380,L,302.4,312.8,1546,49.4,248,0,0,0,0,0,0
662,M61973,M,302.1,312.2,1468,42.3,109,0,0,0,0,0,0
663,L83707,L,300.0,310.3,1447,37.6,240,1,1,0,0,0,1
664,L86886,L,302.0,312.4,1677,39.7,23,0,0,0,0,0,0
665,L31012,L,298.7,307.9,1811,26.7,114,0,0,0,0,0,0
666,M88002,M,296.4,306.0,1134,38.5,120,0,0,0,0,0,0
667,M62956,M,298.7,308.2,1721,51.2,65,0,0,0,0,0,0
668,H34353,H,298.4,310.9,1504,40.4,126,0,0,0,0,0,0
669,L65323,L,298.7,309.8,1543,33.7,89,0,0,0,0,0,0
670,L97036,L,298.1,308.2,1743,32.8,62,0,0,0,0,0,0
671,L65509,L,299.1,310.4,1022,39.7,92,0,0,0,0,0,0
672,L24635,L,301.2,312.5,1647,27.7,161,0,0,0,0,0,0
673,H54575,H,303.4,312.0,1731,30.9,118,0,0,0,0,0,0
674,M29082,M,296.5,306.3,1376,55.3,104,0,0,0,0,0,0
675,L33545,L,297.4,307.4,1249,29.6,216,0,0,0,0,0,0
676,L73014,L,298.4,309.0,1795,32.0,163,0,0,0,0,0,0
677,H20291,H,301.5,311.3,1184,42.9,161,0,0,0,0,0,0
678,L88022,L,299.6,309.5,1575,35.6,56,0,0,0,0,0,0
679,L91370,L,298.6,308.1,1684,40.9,190,0,0,0,0,0,0
680,L26690,L,301.4,312.5,1571,48.6,9,0,0,0,0,0,0
681,L38153,L,301.9,310.5,1602,24.5,54,0,0,0,0,0,0
682,L39266,L,300.0,309.5,1452,47.5,104,0,0,0,0,0,0
683,L14563,L,298.4,306.5,1583,34.2,225,0,0,0,0,0,0
684,L16957,L,300.5,309.5,1372,37.1,7,0,0,0,0,0,0
685,M76910,M,299.5,309.9,1396,59.2,113,0,0,0,0,0,0
686,L51402,L,299.5,309.9,1506,26.0,30,0,0,0,0,0,0
687,L30697,L,299.0,308.7,1223,45.9,58,0,0,0,0,0,0
688,H56507,H,301.8,313.0,1604,51.3,103,0,0,0,0,0,0
689,M32097,M,300.5,311.9,1053,33.2,25,0,0,0,0,0,0
690,L63146,L,302.1,312.0,1565,33.3,210,0,0,0,0,0,0
691,L25954,L,302.7,312.9,1582,36.3,21,0,0,0,0,0,0
692,M26857,M,300.9,310.5,1357,33.1,148,0,0,0,0,0,0
693,L85241,L,299.0,309.6,1278,40.7,41,0,0,0,0,0,0
694,L34903,L,302.1,310.9,1427,48.9,27,0,0,0,0,0,0
695,H35957,H,300.9,312.7,1615,36.4,117,0,0,0,0,0,0
696,L77958,L,305.2,316.3,1562,49.3,87,0,0,0,0,0,0
697,M46453,M,300.6,309.4,1300,54.0,11,0,0,0,0,0,0
698,L19882,L,301.4,310.6,1519,44.3,16,0,0,0,0,0,0
699,M79267,M,300.6,311.0,1547,45.3,76,0,0,0,0,0,0
700,L10369,L,299.8,309.5,1540,34.1,198,0,0,0,0,0,0
701,L50071,L,299.5,310.0,1322,13.8,215,1,0,0,1,0,0
702,L45052,L,300.6,310.2,1528,45.9,17,0,0,0,0,0,0
703,L69630,L,301.0,312.6,1665,48.0,43,0,0,0,0,0,0
704,M62134,M,302.3,312.3,1597,42.4,86,0,0,0,0,0,0
705,L62356,L,300.6,313.0,1574,49.1,164,0,0,0,0,0,0
706,L90232,L,299.1,309.7,1796,34.5,72,0,0,0,0,0,0
707,M63577,M,299.3,308.0,1530,45.2,56,0,0,0,0,0,0
708,M13540,M,297.4,309.4,1348,54.7,149,0,0,0,0,0,0
709,L15320,L,303.3,314.4,1349,46.7,172,0,0,0,0,0,0
710,L40077,L,298.9,309.3,1532,53.4,123,0,0,0,0,0,0
711,H11211,H,301.9,312.6,1241,53.5,169,0,0,0,0,0,0
712,M87087,M,300.6,309.4,1444,27.8,1,0,0,0,0,0,0
713,M79003,M,300.6,308.8,1584,47.2,83,0,0,0,0,0,0
714,H74163,H,299.8,309.7,1711,33.7,154,0,0,0,0,0,0
715,M71731,M,298.4,309.8,1222,28.9,165,0,0,0,0,0,0
716,L66974,L,298.1,308.5,1518,37.1,49,0,0,0,0,0,0
717,L41212,L,303.5,315.2,1488,57.5,84,0,0,0,0,0,0
718,L10886,L,300.2,311.5,1507,34.6,57,0,0,0,0,0,0
719,M20989,M,302.3,312.3,1525,22.4,227,0,0,0,0,0,0
720,H51828,H,302.8,314.0,1494,25.6,75,0,0,0,0,0,0
721,L32679,L,299.2,310.7,1751,44.8,223,0,0,0,0,0,0
722,L98031,L,300.8,310.8,1724,32.4,224,0,0,0,0,0,0
723,L83901,L,300.1,309.9,1886,19.6,133,0,0,0,0,0,0
724,H70322,H,297.7,307.8,1498,25.9,220,0,0,0,0,0,0
725,L46746,L,299.6,307.2,1426,41.7,19,0,0,0,0,0,0
726,L83380,L,301.2,311.5,1326,47.8,32,0,0,0,0,0,0
727,L46558,L,299.0,309.7,1407,35.5,103,0,0,0,0,0,0
728,L56218,L,299.4,309.5,1629,46.5,175,0,0,0,0,0,0
729,L74227,L,299.7,310.0,1656,49.1,246,0,0,0,0,0,0
730,L42535,L,304.2,314.2,1622,32.2,118,0,0,0,0,0,0
731,L55795,L,296.3,304.3,1380,38.8,2,0,0,0,0,0,0
732,L38878,L,301.0,312.7,1381,34.0,46,0,0,0,0,0,0
733,L25098,L,299.5,309.1,1852,45.4,111,0,0,0,0,0,0
734,L81701,L,298.7,308.1,1350,33.9,175,0,0,0,0,0,0
735,L98125,L,299.4,310.8,1755,27.9,148,0,0,0,0,0,0
736,M51517,M,301.3,312.3,1573,40.5,222,0,0,0,0,0,0
737,L13942,L,301.4,311.7,1368,51.1,67,0,0,0,0,0,0
738,L39011,L,300.4,311.1,1287,45.1,137,0,0,0,0,0,0
739,L89748,L,302.2,311.0,1376,50.1,36,0,0,0,0,0,0
740,L69009,L,302.5,312.5,1575,49.2,163,0,0,0,0,0,0
741,L33723,L,301.6,312.9,1336,40.4,193,0,0,0,0,0,0
742,L99858,L,298.9,308.2,1780,34.0,130,0,0,0,0,0,0
743,M21522,M,301.0,310.0,1463,31.3,113,0,0,0,0,0,0
744,L48731,L,301.0,311.1,1626,24.1,47,0,0,0,0,0,0
745,L54945,L,298.4,308.5,1612,51.9,236,0,0,0,0,0,0
746,L24763,L,296.9,307.5,1792,36.7,153,0,0,0,0,0,0
747,L26850,L,296.0,304.6,1421,23.0,206,0,0,0,0,0,0
748,L67781,L,300.1,307.6,1519,52.3,6,0,0,0,0,0,0
749,M14335,M,300.6,311.5,1248,40.9,64,0,0,0,0,0,0
750,M46056,M,297.6,306.6,1519,49.7,122,0,0,0,0,0,0
751,L73245,L,302.1,311.5,1705,37.4,136,0,0,0,0,0,0
752,L63073,L,300.3,308.1,1540,32.1,102,0,0,0,0,0,0
753,L44587,L,302.7,313.7,1916,44.5,85,0,0,0,0,0,0
754,L99732,L,300.7,311.1,1594,45.3,114,0,0,0,0,0,0
755,M53995,M,297.9,308.2,1403,37.2,93,0,0,0,0,0,0
756,L51222,L,300.9,311.2,1582,53.1,10,0,0,0,0,0,0
757,L67989,L,301.3,309.3,1237,49.5,175,1,0,1,0,0,0
758,H37253,H,298.9,307.9,1356,45.6,195,0,0,0,0,0,0
759,L44613,L,297.1,306.7,1281,28.9,79,0,0,0,0,0,0
760,L98264,L,300.2,309.5,1503,27.5,244,0,0,0,0,0,0
761,M29973,M,298.0,307.7,1489,52.0,250,1,1,0,0,0,0
762,L70057,L,302.2,312.5,1717,18.1,144,1,0,0,1,0,0
763,L80570,L,299.2,310.2,1482,39.1,201,0,0,0,0,0,0
764,L37496,L,303.4,312.0,1320,41.5,138,0,0,0,0,0,0
765,H38321,H,295.8,305.7,1781,35.1,66,0,0,0,0,0,0
766,L38538,L,300.3,311.0,1000,39.6,18,0,0,0,0,0,0
767,L49255,L,302.9,311.9,1507,44.2,87,0,0,0,0,0,0
768,L64430,L,298.2,308.0,1539,34.1,47,0,0,0,0,0,0
769,L77782,L,299.7,310.1,1498,48.8,233,1,1,0,0,0,0
770,M42683,M,299.2,309.2,1590,45.8,246,1,1,0,0,0,0
771,L54586,L,298.6,309.3,1520,38.2,135,0,0,0,0,0,0
772,L79562,L,300.5,310.6,1590,31.7,142,0,0,0,0,0,0
773,L10904,L,297.4,307.1,1392,39.1,235,1,1,0,0,0,0
774,M27373,M,299.8,308.6,1237,61.1,189,0,0,0,0,0,0
775,L20115,L,301.0,311.3,1492,32.4,41,0,0,0,0,0,0
776,M27165,M,299.6,309.7,1315,55.3,241,0,0,0,0,0,0
777,M87273,M,298.0,307.0,1369,22.4,145,1,0,0,1,0,0
778,L30943,L,302.1,312.6,1709,31.4,5,0,0,0,0,0,0
779,M96540,M,301.5,312.7,1780,34.6,50,0,0,0,0,0,0
780,M88646,M,297.9,307.3,1706,49.5,202,0,0,0,0,0,0
781,L43786,L,297.4,306.7,1672,40.6,32,0,0,0,0,0,0
782,H18214,H,298.1,307.3,1511,53.1,215,0,0,0,0,0,0
783,L31111,L,301.1,309.4,1683,36.7,199,0,0,0,0,0,0
784,M64097,M,300.6,312.6,1564,39.5,9,0,0,0,0,0,0
785,H51614,H,301.6,311.1,1851,36.7,84,0,0,0,0,0,0
786,L87729,L,299.3,308.5,1335,60.3,128,0,0,0,0,0,0
787,M41982,M,298.2,307.0,1621,28.8,19,0,0,0,0,0,0
788,L25923,L,301.8,311.4,1272,34.9,147,0,0,0,0,0,0
789,M70548,M,298.9,308.2,1622,30.2,248,0,0,0,0,0,0
790,M92704,M,300.4,311.8,1191,45.7,152,0,0,0,0,0,0
791,L60164,L,296.9,305.7,1282,28.6,125,0,0,0,0,0,0
792,L74006,L,298.9,307.3,1269,58.2,219,1,0,0,0,1,0
793,L62515,L,302.0,312.6,1545,40.8,244,0,0,0,0,0,0
794,L30697,L,298.6,308.5,1564,44.1,228,0,0,0,0,0,0
795,L59550,L,301.6,311.4,1941,44.6,9,0,0,0,0,0,0
796,L98239,L,295.3,305.9,1484,39.8,25,0,0,0,0,0,0
797,L99651,L,298.9,309.0,1639,41.2,156,0,0,0,0,0,0
798,L84909,L,299.7,309.6,1529,40.8,57,0,0,0,0,0,0
799,M56105,M,303.5,312.1,1624,45.2,132,0,0,0,0,0,0
800,M15119,M,297.7,306.0,1526,31.8,212,0,0,0,0,0,0
801,M49222,M,301.3,310.6,1698,30.1,237,0,0,0,0,0,0
802,L84275,L,302.1,311.0,1311,48.2,84,0,0,0,0,0,0
803,M94641,M,298.6,308.8,1059,40.0,215,0,0,0,0,0,0
804,L61904,L,299.3,307.5,1575,19.9,128,1,0,0,1,0,0
805,L12564,L,300.3,309.8,1175,35.2,167,0,0,0,0,0,0
806,L90073,L,297.0,306.9,1736,55.3,32,1,0,0,1,0,0
807,M85362,M,299.1,309.1,1401,38.4,16,0,0,0,0,0,0
808,L63079,L,302.6,313.0,1313,34.7,197,0,0,0,0,0,0
809,L46878,L,301.0,310.7,1986,25.1,151,0,0,0,0,0,0
810,H81637,H,299.7,309.0,1497,34.3,208,0,0,0,0,0,0
811,L37076,L,300.2,311.5,1462,28.4,29,0,0,0,0,0,0
812,L84942,L,301.2,310.8,1635,44.3,43,0,0,0,0,0,0
813,H39931,H,301.5,313.0,1647,40.5,16,0,0,0,0,0,0
814,L81682,L,298.9,308.6,1705,36.4,164,0,0,0,0,0,0
815,L71340,L,303.1,313.1,1260,32.4,156,0,0,0,0,0,0
816,M15286,M,302.6,312.5,1596,55.3,108,0,0,0,0,0,0
817,M13327,M,301.4,311.6,1447,32.9,34,0,0,0,0,0,0
818,L69897,L,298.3,307.9,1334,33.0,6,0,0,0,0,0,0
819,M50596,M,298.0,308.1,1509,37.6,66,0,0,0,0,0,0
820,L90711,L,299.3,310.9,1174,39.0,1,0,0,0,0,0,0
821,L80109,L,300.1,311.2,1666,44.8,240,0,0,0,0,0,0
822,L94249,L,296.5,307.5,1448,49.3,43,0,0,0,0,0,0
823,L27698,L,301.0,309.6,1414,48.6,67,0,0,0,0,0,0
824,M79036,M,302.6,311.4,1475,64.3,202,1,0,0,1,0,0
825,M49650,M,301.2,311.4,1470,23.1,252,1,1,0,0,0,0
826,L37910,L,298.6,309.4,1705,42.3,157,0,0,0,0,0,0
827,L43831,L,298.4,307.9,1303,34.8,64,0,0,0,0,0,0
828,L87259,L,300.6,309.9,1431,60.1,115,0,0,0,0,0,0
829,M58005,M,299.7,311.1,1461,41.8,15,0,0,0,0,0,0
830,L12300,L,300.9,311.6,1308,19.7,28,1,0,0,1,0,0
831,M53058,M,301.2,312.3,1529,44.3,180,0,0,0,0,0,0
832,L79381,L,302.2,311.7,1370,42.7,210,0,0,0,0,0,0
833,L77531,L,297.7,307.2,1247,47.6,68,0,0,0,0,0,0
834,M53693,M,300.4,311.4,1595,32.8,187,0,0,0,0,0,0
835,M81481,M,299.3,309.0,1779,43.3,162,0,0,0,0,0,0
836,L89197,L,299.8,309.2,1509,37.3,129,0,0,0,0,0,0
837,M15038,M,301.7,310.8,1481,33.3,73,0,0,0,0,0,0
838,H55157,H,301.9,311.4,1478,43.4,249,0,0,0,0,0,0
839,L88957,L,302.8,313.7,1407,41.5,63,0,0,0,0,0,0
840,L48050,L,300.9,309.3,1711,50.5,53,0,0,0,0,0,0
841,L99749,L,299.8,310.4,1517,40.3,28,0,0,0,0,0,0
842,M86013,M,299.5,308.8,1108,46.0,167,0,0,0,0,0,0
843,L27219,L,296.5,306.3,1716,27.9,228,0,0,0,0,0,0
844,L39638,L,302.7,312.5,1672,53.9,34,0,0,0,0,0,0
845,L45249,L,299.4,309.1,1608,32.2,26,0,0,0,0,0,0
846,M53898,M,301.0,310.7,1004,49.0,229,0,0,0,0,0,0
847,L72252,L,301.4,310.9,1499,42.6,167,0,0,0,0,0,0
848,M85929,M,297.5,306.9,1661,41.4,245,0,0,0,0,0,0
849,L60315,L,298.2,309.5,1568,47.6,180,0,0,0,0,0,0
850,H11165,H,303.1,313.1,1537,18.6,195,1,0,0,1,0,0
851,L86923,L,300.6,310.5,1661,34.3,117,0,0,0,0,0,0
852,L41494,L,298.8,308.2,1525,47.5,60,0,0,0,0,0,0
853,M41559,M,299.7,309.3,1717,59.2,144,1,0,0,1,0,0
854,H84949,H,302.2,311.5,1529,39.8,91,0,0,0,0,0,0
855,L83311,L,301.9,312.6,1515,15.6,119,1,0,0,1,0,0
856,L89158,L,297.1,306.3,1661,36.8,130,0,0,0,0,0,0
857,M92296,M,303.3,311.0,1428,39.4,7,0,0,0,0,0,0
858,M24407,M,301.9,312.0,1302,51.1,154,0,0,0,0,0,0
859,L26026,L,299.7,309.4,1501,40.5,91,0,0,0,0,0,0
860,L50012,L,297.6,307.0,1606,27.2,205,0,0,0,0,0,0
861,M98478,M,302.1,313.0,1667,49.6,14,0,0,0,0,0,0
862,M40943,M,301.0,308.2,1668,45.7,141,0,0,0,0,0,0
863,M40777,M,297.1,308.7,1488,33.0,91,0,0,0,0,0,0
864,L97828,L,299.5,310.6,1469,47.2,24,0,0,0,0,0,0
865,L97285,L,306.3,315.6,1393,34.5,105,0,0,0,0,0,0
866,H60785,H,300.0,309.6,1545,37.0,104,0,0,0,0,0,0
867,M63959,M,298.5,309.0,1205,34.7,191,0,0,0,0,0,0
868,M45942,M,298.0,308.5,1504,36.9,38,0,0,0,0,0,0
869,L83974,L,303.5,312.9,2013,49.1,210,1,0,0,1,0,0
870,L88497,L,301.7,310.1,1229,22.1,12,1,0,0,1,0,0
871,M33748,M,302.8,314.9,1528,51.0,130,0,0,0,0,0,0
872,L73743,L,300.5,311.5,1568,41.8,164,0,0,0,0,0,0
873,H56936,H,302.5,312.7,1591,36.1,4,0,0,0,0,0,0
874,L74142,L,298.3,308.5,1326,40.2,17,0,0,0,0,0,0
875,M48257,M,300.3,310.9,1593,30.9,69,0,0,0,0,0,0
876,M65066,M,300.6,311.3,1404,23.7,97,0,0,0,0,0,0
877,L67392,L,302.8,310.7,1243,31.2,88,1,0,1,0,0,0
878,L47529,L,300.6,310.3,1671,21.0,246,0,0,0,0,0,0
879,M29246,M,298.7,308.3,1620,26.5,42,0,0,0,0,0,0
880,L18872,L,300.1,310.0,1326,23.8,225,0,0,0,0,0,0
881,L97501,L,296.6,307.4,1402,52.2,239,0,0,0,0,0,0
882,M67064,M,295.4,303.6,1396,27.2,44,0,0,0,0,0,0
883,H50271,H,301.7,310.3,1204,39.6,192,0,0,0,0,0,0
884,L47318,L,299.3,308.6,1637,51.2,253,1,1,0,0,1,0
885,L46868,L,299.5,309.6,1644,48.5,63,0,0,0,0,0,0
886,L50728,L,301.7,312.5,1440,37.0,127,0,0,0,0,0,0
887,L50157,L,302.8,314.4,1495,37.1,192,0,0,0,0,0,0
888,L93156,L,301.1,310.8,1521,41.8,186,0,0,0,0,0,0
889,L50777,L,303.9,314.7,1544,61.1,211,1,0,0,1,1,0
890,M74893,M,301.0,311.7,1257,44.1,88,0,0,0,0,0,0
891,L54045,L,300.6,311.1,1588,46.7,31,0,0,0,0,0,0
892,H80352,H,300.5,310.5,1288,62.7,171,0,0,0,0,0,0
893,L11057,L,297.4,307.0,1623,42.8,86,0,0,0,0,0,0
894,L78416,L,301.9,310.8,1308,51.5,163,0,0,0,0,0,0
895,M29792,M,295.1,304.0,1266,44.8,120,0,0,0,0,0,0
896,M48926,M,298.8,309.2,1495,44.6,116,0,0,0,0,0,0
897,L66711,L,300.0,310.0,1491,30.4,223,0,0,0,0,0,0
898,L60303,L,298.4,308.0,1519,28.7,162,0,0,0,0,0,0
899,L14692,L,299.1,309.8,1339,34.9,158,0,0,0,0,0,0
900,L58921,L,303.7,313.5,1537,48.8,246,0,0,0,0,0,0
901,L21751,L,302.2,311.3,1553,48.3,68,0,0,0,0,0,0
902,L31672,L,298.6,308.4,1710,53.3,174,1,0,0,1,0,0
903,L51719,L,299.1,309.9,1533,39.9,90,0,0,0,0,0,0
904,L66942,L,297.4,306.4,1392,45.4,152,0,0,0,0,0,0
905,H57132,H,301.4,311.6,1258,45.4,207,0,0,0,0,0,0
906,M43717,M,299.5,309.4,1225,38.9,233,0,0,0,0,0,0
907,L18013,L,296.1,305.3,1558,36.8,108,0,0,0,0,0,0
908,L14880,L,300.2,309.9,1643,25.2,211,0,0,0,0,0,0
909,L50225,L,300.9,309.3,1340,38.5,85,0,0,0,0,0,0
910,L97312,L,301.9,312.0,1546,39.0,167,0,0,0,0,0,0
911,M83571,M,299.9,308.5,1469,51.3,222,0,0,0,0,0,0
912,M47451,M,299.3,310.3,1629,52.3,173,0,0,0,0,0,0
913,H28886,H,304.0,313.9,1656,41.5,179,0,0,0,0,0,0
914,H41490,H,300.0,309.4,1092,60.6,212,0,0,0,0,0,0
915,H54098,H,301.4,312.6,1686,41.9,64,0,0,0,0,0,0
916,H66461,H,298.9,307.9,1545,50.3,189,0,0,0,0,0,0
917,L59782,L,301.4,310.6,1404,39.0,161,0,0,0,0,0,0
918,L50821,L,297.1,305.3,1409,28.6,138,0,0,0,0,0,0
919,L67039,L,299.1,310.4,1506,35.7,247,0,0,0,0,0,0
920,L97960,L,297.6,309.5,1409,54.7,104,0,0,0,0,0,0
921,L47375,L,298.8,307.1,1331,37.4,59,1,0,1,0,0,0
922,M14506,M,302.5,311.7,1373,35.3,212,0,0,0,0,0,0
923,M86577,M,298.8,308.8,1313,40.0,47,0,0,0,0,0,0
924,L83495,L,301.4,310.9,1742,36.1,189,0,0,0,0,0,0
925,L62948,L,303.0,313.0,1510,51.9,235,1,1,0,0,0,0
926,L11903,L,299.9,309.8,1906,58.9,208,1,0,0,1,0,0
927,L90165,L,302.0,312.4,1567,40.1,160,0,0,0,0,0,0
928,M26458,M,301.1,310.1,1606,45.4,234,0,0,0,0,0,0
929,L96889,L,300.2,310.4,1309,49.7,124,0,0,0,0,0,0
930,M25660,M,301.5,310.4,1461,41.1,19,0,0,0,0,0,0
931,L10275,L,303.7,313.3,1513,31.2,186,0,0,0,0,0,0
932,L40657,L,298.7,307.0,1385,35.9,181,0,0,0,0,0,0
933,L54364,L,298.1,307.7,1416,44.1,219,0,0,0,0,0,0
934,M88807,M,298.0,307.4,1576,43.9,103,0,0,0,0,0,0
935,M13845,M,302.0,312.9,1579,22.1,37,0,0,0,0,0,0
936,L31947,L,302.3,312.2,1259,35.6,26,0,0,0,0,0,0
937,H69162,H,298.9,309.0,1551,32.6,87,0,0,0,0,0,0
938,L56352,L,295.7,305.7,1600,48.8,201,0,0,0,0,0,0
939,M86762,M,298.7,306.5,1394,33.0,132,0,0,0,0,0,0
940,L53061,L,301.1,309.1,1375,35.4,43,0,0,0,0,0,0
941,L66089,L,299.9,309.5,1579,35.0,61,0,0,0,0,0,0
942,M31274,M,300.4,310.6,1037,47.9,88,0,0,0,0,0,0
943,L45443,L,299.0,308.7,1500,49.7,122,0,0,0,0,0,0
944,L51697,L,302.0,311.2,1794,44.9,212,0,0,0,0,0,0
945,L64247,L,300.7,310.4,1033,51.1,251,1,0,0,0,1,0
946,L85951,L,301.2,310.8,1648,52.4,152,0,0,0,0,0,0
947,M39819,M,300.3,311.1,1598,21.9,98,0,0,0,0,0,0
948,M72853,M,301.0,311.8,1241,45.9,46,0,0,0,0,0,0
949,M28474,M,300.9,310.4,1594,36.3,129,0,0,0,0,0,0
950,L45211,L,298.1,308.1,1680,27.4,155,0,0,0,0,0,0
951,L17409,L,300.7,311.0,1288,36.8,83,0,0,0,0,0,0
952,L34238,L,301.6,312.0,1373,47.3,82,0,0,0,0,0,0
953,L81392,L,302.3,314.0,1505,54.6,210,0,0,0,0,0,0
954,L56401,L,300.8,310.8,1676,26.5,167,0,0,0,0,0,0
955,H91627,H,298.1,309.2,1403,46.2,114,0,0,0,0,0,0
956,M30227,M,298.4,307.2,1492,59.7,141,0,0,0,0,0,0
957,M48740,M,299.1,308.5,1380,58.3,128,0,0,0,0,0,0
958,L24011,L,300.4,308.2,1504,5.5,44,1,0,0,1,0,0
959,L35962,L,299.8,309.9,1688,61.8,220,1,0,0,1,1,0
960,L13906,L,297.8,308.4,1519,49.6,23,0,0,0,0,0,0
961,L29120,L,297.7,305.2,1436,16.9,54,1,0,0,1,0,0
962,L10954,L,295.8,306.0,1494,32.3,142,0,0,0,0,0,0
963,L70446,L,293.8,304.4,1356,52.6,117,0,0,0,0,0,0
964,L97550,L,299.7,310.3,1321,43.6,151,0,0,0,0,0,0
965,H14104,H,304.6,313.4,1717,34.3,233,0,0,0,0,0,0
966,L42517,L,303.6,314.4,1795,40.7,72,0,0,0,0,0,0
967,H89994,H,298.0,308.1,1178,45.5,38,0,0,0,0,0,0
968,L13350,L,300.3,310.9,1605,34.2,31,0,0,0,0,0,0
969,L74106,L,297.1,306.9,1655,38.7,15,0,0,0,0,0,0
970,L62313,L,297.4,307.8,1282,49.0,200,0,0,0,0,0,0
971,L84573,L,297.6,308.7,1415,33.0,116,0,0,0,0,0,0
972,L52301,L,299.5,309.3,1396,26.4,65,0,0,0,0,0,0
973,L17292,L,299.6,309.9,1842,33.6,171,0,0,0,0,0,0
974,H61701,H,300.5,311.8,1797,31.1,197,0,0,0,0,0,0
975,L97179,L,301.3,311.2,1334,34.0,237,1,1,0,0,0,0
976,M58747,M,299.3,308.2,1237,22.7,101,1,0,0,1,0,0
977,L14515,L,300.1,310.7,1639,42.4,174,0,0,0,0,0,0
978,L19002,L,297.8,309.2,1598,48.7,68,0,0,0,0,0,0
979,L54057,L,297.3,308.6,1724,31.9,219,0,0,0,0,0,0
980,L77365,L,297.0,307.7,1309,33.5,230,1,1,0,0,0,0
981,H28984,H,301.3,309.0,1630,38.1,159,0,0,0,0,0,0
982,M43865,M,299.3,308.7,1368,30.9,167,0,0,0,0,0,0
983,M96971,M,296.3,305.7,1612,49.8,167,0,0,0,0,0,0
984,L99650,L,299.9,309.9,1493,31.1,150,0,0,0,0,0,0
985,L90219,L,297.5,309.2,1842,34.7,111,0,0,0,0,0,0
986,H63183,H,303.3,312.2,1581,32.4,187,0,0,0,0,0,0
987,L90442,L,298.8,311.1,1443,50.1,247,0,0,0,0,0,0
988,L54127,L,301.4,311.0,1525,37.7,189,0,0,0,0,0,0
989,L99263,L,302.2,311.4,1482,59.9,78,0,0,0,0,0,0
990,M42525,M,298.1,308.9,1292,43.5,127,0,0,0,0,0,0
991,M92381,M,300.2,311.1,1846,51.6,151,1,0,0,1,0,0
992,M58485,M,301.1,311.8,1788,36.8,21,0,0,0,0,0,0
993,M93789,M,300.2,309.5,1468,30.6,124,0,0,0,0,0,0
994,L52588,L,300.7,311.2,1626,39.7,26,0,0,0,0,0,0
995,H89790,H,297.3,306.3,1869,33.2,129,0,0,0,0,0,0
996,L57315,L,301.1,310.3,1723,20.0,22,0,0,0,0,0,0
997,M83446,M,299.0,308.9,1445,50.1,91,0,0,0,0,0,0
998,L97327,L,300.7,309.9,1484,40.3,241,1,1,0,0,0,0
999,H17169,H,301.8,312.9,1191,33.0,2,0,0,0,0,0,0
1000,L46488,L,301.3,310.8,1639,43.8,69,0,0,0,0,0,0
1001,L10413,L,300.7,310.5,1724,40.5,94,0,0,0,0,0,0
1002,L35283,L,301.3,310.4,1725,54.1,149,1,0,0,1,0,0
1003,L14471,L,301.4,312.4,1626,44.3,244,0,0,0,0,0,0
1004,L48278,L,303.0,312.3,1563,38.4,162,0,0,0,0,0,0
1005,M40906,M,299.9,311.1,1320,46.9,226,0,0,0,0,0,0
1006,L14691,L,300.3,311.4,1558,39.6,41,0,0,0,0,0,0
1007,H44300,H,301.9,311.4,1386,41.8,73,0,0,0,0,0,0
1008,L51063,L,299.0,309.0,1595,52.3,224,0,0,0,0,0,0
1009,M12013,M,297.3,306.9,1363,28.3,1,0,0,0,0,0,0
1010,L92866,L,301.0,311.5,1593,31.4,115,0,0,0,0,0,0
1011,M37992,M,299.6,309.4,1738,35.8,115,0,0,0,0,0,0
1012,L28094,L,297.6,307.2,1568,37.3,239,0,0,0,0,0,0
1013,L14929,L,301.0,311.0,1559,51.6,114,0,0,0,0,0,0
1014,H18029,H,302.9,311.3,1664,25.9,229,0,0,0,0,0,0
1015,L72155,L,296.7,306.7,1819,39.7,148,0,0,0,0,0,0
1016,L11438,L,302.0,312.7,1481,34.5,76,0,0,0,0,0,0
1017,M18386,M,294.9,305.1,1594,57.0,38,1,0,0,1,0,0
1018,M67976,M,299.2,310.2,1772,48.8,124,0,0,0,0,0,0
1019,L40974,L,303.7,313.3,1620,42.4,4,0,0,0,0,0,0
1020,L78857,L,299.3,308.9,1140,49.7,85,0,0,0,0,0,0
1021,M72973,M,300.2,309.1,1371,26.8,132,0,0,0,0,0,0
1022,M70419,M,301.5,311.1,1635,60.3,141,1,0,0,1,0,0
1023,H16066,H,296.6,308.5,1428,31.6,112,0,0,0,0,0,0
1024,L67669,L,300.1,310.4,1759,52.6,244,1,0,0,1,1,0
1025,M91044,M,300.1,309.5,1834,45.5,38,0,0,0,0,0,0
1026,L83513,L,303.7,312.7,1394,42.6,252,0,0,0,0,0,0
1027,H94407,H,297.5,305.9,1314,52.2,175,1,0,1,0,0,0
1028,L86808,L,299.2,308.4,1435,50.0,209,0,0,0,0,0,0
1029,M92657,M,298.1,308.9,1425,41.1,160,0,0,0,0,0,0
1030,L40256,L,297.9,307.5,1776,35.8,54,0,0,0,0,0,0
1031,L32986,L,302.3,311.3,1314,41.2,190,0,0,0,0,0,0
1032,M62163,M,300.1,309.2,1634,39.0,215,0,0,0,0,0,0
1033,L27085,L,298.9,309.5,1750,43.5,190,0,0,0,0,0,0
1034,H69223,H,299.0,308.9,1647,50.2,221,0,0,0,0,0,0
1035,L99107,L,298.9,308.2,1579,44.7,16,0,0,0,0,0,0
1036,M40729,M,299.1,308.7,1471,41.8,243,0,0,0,0,0,0
1037,L40884,L,297.5,309.7,1833,33.5,238,0,0,0,0,0,0
1038,L67265,L,299.5,310.7,1456,43.2,227,0,0,0,0,0,0
1039,L64865,L,299.3,310.8,1671,23.0,161,0,0,0,0,0,0
1040,L69347,L,298.5,306.7,1471,32.0,214,0,0,0,0,0,0
1041,L46185,L,300.3,310.2,1168,46.1,153,0,0,0,0,0,0
1042,M10014,M,300.5,309.8,1451,48.9,125,0,0,0,0,0,0
1043,M31458,M,298.9,309.4,1472,39.8,236,0,0,0,0,0,0
1044,M17643,M,299.7,310.8,1474,42.0,53,0,0,0,0,0,0
1045,L24861,L,304.3,314.6,1381,43.7,215,0,0,0,0,0,0
1046,L76135,L,304.2,313.4,1613,46.8,111,0,0,0,0,0,0
1047,L19381,L,297.9,307.2,1633,38.0,74,0,0,0,0,0,0
1048,M16792,M,298.2,308.8,1445,30.2,128,0,0,0,0,0,0
1049,M28130,M,297.9,308.6,1443,43.9,161,0,0,0,0,0,0
1050,L55693,L,302.1,312.3,1311,59.6,46,0,0,0,0,0,0
1051,M13019,M,299.2,309.3,1546,30.8,190,0,0,0,0,0,0
1052,L14004,L,300.5,310.5,1748,38.7,100,0,0,0,0,0,0
1053,L90820,L,304.0,314.3,1748,36.1,178,0,0,0,0,0,0
1054,L84543,L,300.0,310.7,1392,64.1,40,0,0,0,0,0,0
1055,L29633,L,301.4,312.0,1858,30.4,14,0,0,0,0,0,0
1056,M59907,M,301.0,311.1,1435,38.4,41,0,0,0,0,0,0
1057,H78789,H,298.8,308.8,1317,36.4,46,0,0,0,0,0,0
1058,L28338,L,302.1,312.0,1255,27.5,193,0,0,0,0,0,0
1059,L58736,L,298.3,307.5,1306,26.9,125,0,0,0,0,0,0
1060,M87636,M,302.7,311.9,1560,45.7,193,0,0,0,0,0,0
1061,H14999,H,298.8,309.4,1454,47.1,189,0,0,0,0,0,0
1062,M20793,M,299.0,308.3,1386,34.4,62,0,0,0,0,0,0
1063,L85515,L,297.8,308.6,1347,54.1,230,0,0,0,0,0,0
1064,M91675,M,298.2,308.1,1304,17.5,195,1,0,0,1,0,0
1065,L70134,L,299.1,310.0,1340,27.4,22,0,0,0,0,0,0
1066,H97485,H,295.1,305.8,1683,31.8,145,0,0,0,0,0,0
1067,L76886,L,299.5,310.4,1825,39.9,104,0,0,0,0,0,0
1068,M69205,M,299.0,308.5,1836,35.5,116,0,0,0,0,0,0
1069,L12125,L,301.6,312.0,1624,38.0,93,0,0,0,0,0,0
1070,L85447,L,300.8,311.6,1411,44.9,126,0,0,0,0,0,0
1071,M38852,M,298.6,307.0,1380,54.6,90,0,0,0,0,0,0
1072,M84136,M,299.1,310.8,1636,48.0,117,0,0,0,0,0,0
1073,L10348,L,299.5,311.8,1456,40.6,138,0,0,0,0,0,0
1074,H50824,H,303.0,313.9,1574,39.2,185,0,0,0,0,0,0
1075,M65934,M,298.4,309.2,1847,51.0,38,1,0,0,1,0,0
1076,L20990,L,298.6,309.1,1539,58.8,34,0,0,0,0,0,0
1077,L43141,L,297.7,307.4,1910,46.4,126,0,0,0,0,0,0
1078,L17485,L,297.0,306.9,1297,35.1,120,0,0,0,0,0,0
1079,M52037,M,300.6,311.6,1581,42.6,143,0,0,0,0,0,0
1080,L19341,L,300.4,309.4,1556,45.8,155,0,0,0,0,0,0
1081,L31984,L,302.6,311.5,1323,34.4,69,0,0,0,0,0,0
1082,H56173,H,302.1,311.7,1644,48.7,164,0,0,0,0,0,0
1083,H50734,H,304.8,315.5,1776,42.6,125,0,0,0,0,0,0
1084,M13191,M,299.9,309.0,1896,51.6,125,1,0,0,1,0,0
1085,H82908,H,299.5,309.3,1574,30.2,150,0,0,0,0,0,0
1086,M53208,M,297.4,307.3,1158,22.6,155,1,0,0,1,0,0
1087,M36737,M,301.4,310.4,1586,36.1,156,0,0,0,0,0,0
1088,M35813,M,300.2,307.8,1634,40.2,210,0,0,0,0,0,0
1089,L19043,L,301.3,310.3,1458,22.0,126,0,0,0,0,0,0
1090,L88467,L,297.7,308.0,1539,33.9,238,0,0,0,0,0,0
1091,L78418,L,300.7,311.2,1413,52.8,239,1,0,0,0,1,0
1092,M18147,M,300.4,310.9,1476,45.3,85,0,0,0,0,0,0
1093,L89152,L,300.3,310.9,1683,41.4,223,0,0,0,0,0,0
1094,L71206,L,298.6,308.0,1750,29.4,106,0,0,0,0,0,0
1095,L71934,L,302.4,311.5,1271,52.5,246,1,1,0,0,1,0
1096,L17307,L,304.1,314.5,1408,35.8,235,1,1,0,0,0,0
1097,L35433,L,297.8,307.6,1214,40.9,111,0,0,0,0,0,0
1098,M57499,M,301.4,312.3,1831,44.1,88,0,0,0,0,0,0
1099,M70581,M,294.2,304.6,1657,41.7,174,0,0,0,0,0,0
1100,L40073,L,301.3,312.6,1140,54.9,93,0,0,0,0,0,0
1101,L82109,L,296.3,305.8,1488,45.8,167,0,0,0,0,0,0
1102,L59441,L,299.0,310.0,1449,43.4,107,0,0,0,0,0,0
1103,M85640,M,297.4,309.4,1364,39.1,127,0,0,0,0,0,0
1104,M16596,M,299.6,309.6,1687,44.3,96,0,0,0,0,0,0
1105,L35965,L,301.7,312.2,1682,37.9,202,0,0,0,0,0,0
1106,M55012,M,296.3,305.4,1549,41.9,152,0,0,0,0,0,0
1107,L80711,L,299.3,310.2,1385,36.6,173,0,0,0,0,0,0
1108,L55785,L,299.0,310.1,1386,35.0,208,0,0,0,0,0,0
1109,H36168,H,303.2,312.7,1508,30.8,201,0,0,0,0,0,0
1110,L85923,L,300.9,311.4,1418,37.3,129,0,0,0,0,0,0
1111,L13197,L,297.6,307.9,1499,36.6,64,0,0,0,0,0,0
1112,L15048,L,299.1,309.4,1600,58.3,92,1,0,0,1,0,0
1113,M42114,M,303.1,313.9,1224,49.9,140,0,0,0,0,0,0
1114,H21092,H,301.4,311.9,1364,38.7,60,0,0,0,0,0,0
1115,H37786,H,298.2,308.0,1494,35.8,198,0,0,0,0,0,0
1116,L98216,L,299.5,310.3,1782,46.2,58,0,0,0,0,0,0
1117,L48104,L,299.5,310.6,1652,59.4,85,1,0,0,1,0,0
1118,M53853,M,298.9,308.4,1499,48.0,160,0,0,0,0,0,0
1119,L45905,L,296.6,306.6,1572,22.8,177,0,0,0,0,0,0
1120,M73935,M,298.6,306.9,1482,48.6,100,0,0,0,0,0,0
1121,M44809,M,302.8,313.4,1694,50.4,191,0,0,0,0,0,0
1122,L36250,L,299.2,310.5,1578,62.0,228,1,1,0,1,1,0
1123,M11386,M,299.8,309.5,1730,37.5,42,0,0,0,0,0,0
1124,L66709,L,300.3,310.4,1256,41.4,232,0,0,0,0,0,0
1125,L81706,L,304.4,314.2,1355,44.5,136,0,0,0,0,0,0
1126,L48094,L,300.0,309.6,1549,32.4,114,0,0,0,0,0,0
1127,L38313,L,302.2,312.4,1589,31.5,201,0,0,0,0,0,0
1128,M84858,M,298.8,308.0,1932,44.0,198,0,0,0,0,0,0
1129,M95423,M,299.5,309.2,1175,24.6,173,1,0,0,1,0,0
1130,H49072,H,300.0,309.1,1494,26.8,103,0,0,0,0,0,0
1131,H28407,H,298.5,309.0,1486,48.2,68,0,0,0,0,0,0
1132,L70900,L,299.6,309.8,1543,45.0,91,0,0,0,0,0,0
1133,L66015,L,301.8,311.3,1812,52.5,145,1,0,0,1,0,0
1134,M39903,M,298.4,308.4,1658,44.6,143,0,0,0,0,0,0
1135,H82834,H,300.0,309.8,1211,40.1,234,0,0,0,0,0,0
1136,L28421,L,301.4,312.6,1776,52.9,116,1,0,0,1,0,0
1137,L14277,L,298.4,307.9,1771,35.8,169,0,0,0,0,0,0
1138,L29598,L,302.2,312.8,1547,36.7,167,0,0,0,0,0,0
1139,L76921,L,300.1,309.4,1209,39.4,185,0,0,0,0,0,0
1140,M60927,M,299.7,310.5,1473,44.5,251,0,0,0,0,0,0
1141,L71749,L,296.0,307.0,1584,39.3,203,0,0,0,0,0,0
1142,M54180,M,299.3,310.3,1679,25.1,10,0,0,0,0,0,0
1143,M20424,M,300.7,312.2,1181,37.3,205,0,0,0,0,0,0
1144,M73214,M,303.5,313.8,1362,39.7,253,0,0,0,0,0,0
1145,L70087,L,301.1,312.4,1698,41.1,10,0,0,0,0,0,0
1146,L86340,L,302.3,313.9,1770,35.5,151,0,0,0,0,0,0
1147,M21265,M,297.6,306.5,1577,45.1,152,0,0,0,0,0,0
1148,M13315,M,299.7,309.1,1707,23.9,133,0,0,0,0,0,0
1149,L37214,L,302.4,310.9,1582,44.2,221,0,0,0,0,0,0
1150,M81921,M,298.2,309.3,1673,57.9,206,1,0,0,1,0,0
1151,L19187,L,301.9,310.4,1526,33.9,44,0,0,0,0,0,0
1152,M87404,M,301.5,309.7,1586,40.6,26,0,0,0,0,0,0
1153,L95208,L,300.5,309.5,1280,37.5,42,0,0,0,0,0,0
1154,L73982,L,299.3,307.6,1630,37.7,224,0,0,0,0,0,0
1155,L96371,L,298.0,308.3,1275,29.7,25,0,0,0,0,0,0
1156,L71165,L,303.6,312.5,1630,59.9,163,1,0,0,1,0,0
1157,L17902,L,301.3,309.6,1421,43.9,173,0,0,0,0,0,0
1158,L94479,L,300.7,310.6,1567,33.3,55,0,0,0,0,0,0
1159,L81576,L,299.2,309.2,1328,32.2,58,0,0,0,0,0,0
1160,M90073,M,300.1,308.2,1409,40.6,211,0,0,0,0,0,0
1161,L20794,L,300.3,309.6,1566,18.3,106,1,0,0,1,0,0
1162,M43052,M,300.8,310.7,1636,50.5,126,0,0,0,0,0,0
1163,M27995,M,301.5,311.1,1697,34.9,100,0,0,0,0,0,0
1164,L67909,L,298.4,308.1,1293,43.9,46,0,0,0,0,0,0
1165,L65250,L,297.1,308.2,1230,44.4,111,0,0,0,0,0,0
1166,M58171,M,300.2,312.3,1324,49.7,68,0,0,0,0,0,0
1167,M24947,M,296.5,306.2,1308,44.9,76,0,0,0,0,0,0
1168,L19611,L,299.4,308.0,1782,47.4,51,0,0,0,0,0,0
1169,M98405,M,299.0,308.7,1741,50.2,159,0,0,0,0,0,0
1170,L30706,L,301.0,311.2,1321,36.7,73,0,0,0,0,0,0
1171,L96243,L,304.0,313.9,1808,61.5,42,1,0,0,1,0,0
1172,M55439,M,296.1,306.7,1730,43.5,205,0,0,0,0,0,0
1173,L11795,L,304.5,316.8,1207,39.7,146,0,0,0,0,0,0
1174,M50694,M,299.5,307.8,1315,31.6,217,1,0,1,0,0,0
1175,L88936,L,300.7,310.2,1201,37.9,198,0,0,0,0,0,0
1176,M61624,M,297.2,308.7,1484,44.0,94,0,0,0,0,0,0
1177,L95113,L,302.0,311.5,1503,41.0,142,0,0,0,0,0,0
1178,L81743,L,300.1,310.9,1503,58.3,250,1,0,0,0,1,0
1179,L89834,L,299.9,310.5,1135,36.1,91,0,0,0,0,0,0
1180,L82320,L,296.1,307.4,1243,46.8,61,0,0,0,0,0,0
1181,M72220,M,300.1,312.1,1547,28.7,41,0,0,0,0,0,0
1182,L34472,L,301.7,312.0,1612,61.8,238,1,0,0,1,1,0
1183,L66129,L,299.5,307.8,1136,28.1,63,1,0,1,0,0,0
1184,L33888,L,302.3,311.6,1269,60.7,235,1,0,0,0,1,0
1185,L67522,L,302.3,314.5,1684,38.6,150,0,0,0,0,0,0
1186,M65397,M,298.7,307.3,1280,17.7,149,1,0,0,1,0,0
1187,L81642,L,303.2,313.7,1497,53.5,101,0,0,0,0,0,0
1188,H44096,H,300.1,307.6,1262,40.8,100,1,0,1,0,0,0
1189,L36588,L,300.1,308.7,1650,35.5,81,0,0,0,0,0,0
1190,M96396,M,300.2,311.1,1137,46.4,185,0,0,0,0,0,0
1191,L39857,L,300.1,310.2,1445,46.6,187,0,0,0,0,0,0
1192,L67096,L,294.7,304.4,1669,44.1,134,0,0,0,0,0,0
1193,M89683,M,299.6,308.8,1610,51.4,114,0,0,0,0,0,0
1194,H33217,H,297.3,305.3,1416,42.5,161,0,0,0,0,0,0
1195,M44464,M,303.3,313.9,1374,46.5,124,0,0,0,0,0,0
1196,L19498,L,303.2,312.9,1458,34.8,209,0,0,0,0,0,0
1197,L25858,L,301.7,310.2,1268,47.7,16,0,0,0,0,0,0
1198,M75141,M,299.5,309.6,1482,34.8,228,0,0,0,0,0,0
1199,L20516,L,298.0,308.6,1485,28.8,133,0,0,0,0,0,0
1200,M38860,M,298.7,308.5,1425,37.9,129,0,0,0,0,0,0
1201,L22421,L,303.9,314.0,1680,37.2,99,0,0,0,0,0,0
1202,L27219,L,298.6,308.7,1307,49.3,135,0,0,0,0,0,0
1203,M82063,M,295.3,304.6,1193,25.5,56,1,0,0,1,0,0
1204,M32721,M,302.1,312.1,1405,50.9,126,0,0,0,0,0,0
1205,L54807,L,303.0,313.7,1522,33.8,101,0,0,0,0,0,0
1206,L72510,L,303.3,314.4,1481,15.4,74,1,0,0,1,0,0
1207,M93492,M,302.1,312.9,1473,27.9,54,0,0,0,0,0,0
1208,L69228,L,302.4,311.7,1297,36.9,218,0,0,0,0,0,0
1209,L46023,L,300.1,310.7,1323,44.4,215,0,0,0,0,0,0
1210,L19073,L,295.8,306.3,1412,38.7,123,0,0,0,0,0,0
1211,M49748,M,300.1,309.3,1398,27.9,59,0,0,0,0,0,0
1212,M69833,M,301.2,310.8,1698,32.2,114,0,0,0,0,0,0
1213,L11226,L,299.7,310.4,1548,28.1,234,0,0,0,0,0,0
1214,L65490,L,299.6,311.0,1404,42.6,197,0,0,0,0,0,0
1215,L11074,L,298.1,306.3,1697,39.1,204,0,0,0,0,0,0
1216,L82022,L,298.0,309.6,1580,46.1,178,0,0,0,0,0,0
1217,L96435,L,303.7,314.8,1256,22.3,183,1,0,0,1,0,0
1218,L17835,L,303.7,313.9,1000,34.7,38,0,0,0,0,0,0
1219,M94080,M,300.0,309.8,1261,60.3,88,0,0,0,0,0,0
1220,L34507,L,300.6,311.0,1607,46.4,210,0,0,0,0,0,0
1221,L16866,L,298.0,307.4,1660,37.0,45,0,0,0,0,0,0
1222,L82318,L,301.3,311.1,1201,30.1,19,0,0,0,0,0,0
1223,M38581,M,303.5,312.0,1619,51.1,214,0,0,0,0,0,0
1224,M49570,M,296.9,305.2,1612,55.3,198,0,0,0,0,0,0
1225,L98592,L,300.9,313.3,1751,28.5,40,0,0,0,0,0,0
1226,M91802,M,301.1,311.1,1671,29.5,134,0,0,0,0,0,0
1227,L58293,L,301.1,311.3,1743,42.8,11,0,0,0,0,0,0
1228,L72284,L,303.3,313.3,1588,43.7,38,0,0,0,0,0,0
1229,H34939,H,304.1,313.2,1582,44.8,65,0,0,0,0,0,0
1230,L14880,L,299.5,309.2,1439,58.4,178,0,0,0,0,0,0
1231,L73372,L,301.3,311.4,1648,30.3,77,0,0,0,0,0,0
1232,L50614,L,300.2,310.0,1260,40.4,205,0,0,0,0,0,0
1233,L93355,L,298.7,308.0,1475,47.2,6,0,0,0,0,0,0
1234,M36725,M,300.5,311.0,1597,47.1,1,0,0,0,0,0,0
1235,L29885,L,301.3,311.5,1753,33.5,76,0,0,0,0,0,0
1236,L78482,L,300.4,310.8,1414,33.9,185,0,0,0,0,0,0
1237,L57884,L,298.2,308.9,1674,35.4,241,0,0,0,0,0,0
1238,L23490,L,299.1,308.9,1465,57.0,80,0,0,0,0,0,0
1239,L67717,L,299.1,308.9,1678,30.2,141,0,0,0,0,0,0
1240,L89434,L,298.3,309.8,1356,36.8,10,0,0,0,0,0,0
1241,M66482,M,300.6,309.7,1631,47.8,0,0,0,0,0,0,0
1242,L75672,L,300.8,309.0,1483,29.1,4,0,0,0,0,0,0
1243,L24924,L,302.0,312.5,1287,42.6,25,0,0,0,0,0,0
1244,L62727,L,298.3,307.7,1472,21.0,221,1,0,0,1,0,0
1245,L72293,L,298.8,307.8,1738,41.9,162,0,0,0,0,0,0
1246,L60509,L,303.1,314.0,1317,40.5,227,0,0,0,0,0,0
1247,M94512,M,299.7,309.5,1233,41.6,211,0,0,0,0,0,0
1248,L95669,L,300.1,308.8,1572,31.3,194,0,0,0,0,0,0
1249,M58604,M,299.6,311.6,1198,42.3,89,0,0,0,0,0,0
1250,H87730,H,302.3,310.7,1781,39.6,34,0,0,0,0,0,0
1251,L16919,L,302.3,312.3,1777,53.0,26,1,0,0,1,0,0
1252,L92975,L,302.2,310.3,1687,46.4,6,0,0,0,0,0,0
1253,L23442,L,300.1,310.3,1498,25.5,45,0,0,0,0,0,0
1254,M83999,M,298.3,307.6,1800,31.7,5,0,0,0,0,0,0
1255,L50138,L,303.9,314.7,1742,33.8,174,0,0,0,0,0,0
1256,M41562,M,301.7,311.7,1404,41.8,98,0,0,0,0,0,0
1257,M85790,M,299.1,310.4,1759,38.3,134,0,0,0,0,0,0
1258,M25278,M,302.8,312.4,1336,38.3,121,0,0,0,0,0,0
1259,L61922,L,298.9,307.3,1465,68.2,72,1,0,0,1,0,0
1260,H36829,H,302.8,313.1,1177,34.9,29,0,0,0,0,0,0
1261,L33831,L,303.0,312.7,1526,53.9,137,0,0,0,0,0,0
1262,L96546,L,298.2,306.3,1447,38.5,219,0,0,0,0,0,0
1263,L24658,L,301.2,310.1,1419,18.2,190,1,0,0,1,0,0
1264,H96723,H,301.6,310.8,1470,41.9,236,0,0,0,0,0,0
1265,L12438,L,305.2,316.8,1396,51.2,90,0,0,0,0,0,0
1266,M28336,M,298.5,309.2,1508,46.3,214,0,0,0,0,0,0
1267,L43749,L,302.9,312.5,1731,42.6,183,0,0,0,0,0,0
1268,H30367,H,300.0,310.5,1309,40.2,239,0,0,0,0,0,0
1269,L33399,L,297.5,305.5,1655,35.1,73,0,0,0,0,0,0
1270,L69213,L,299.8,309.2,1539,49.0,203,0,0,0,0,0,0
1271,H15441,H,300.0,310.4,1567,35.7,129,0,0,0,0,0,0
1272,L59814,L,297.9,308.0,1494,33.6,110,0,0,0,0,0,0
1273,L46576,L,300.6,310.1,1371,44.1,118,0,0,0,0,0,0
1274,L60795,L,301.9,311.9,1580,37.0,109,0,0,0,0,0,0
1275,L41226,L,300.5,310.8,1593,52.8,222,0,0,0,0,0,0
1276,L91632,L,298.9,308.9,1356,44.7,239,1,1,0,0,0,0
1277,L39738,L,299.7,310.6,1259,32.2,168,0,0,0,0,0,0
1278,L60133,L,300.0,310.3,1515,28.6,49,0,0,0,0,0,0
1279,M49418,M,300.4,310.9,1636,34.3,106,0,0,0,0,0,0
1280,L62228,L,302.2,313.9,1681,63.4,90,1,0,0,1,0,0
1281,L45681,L,300.5,311.4,1717,37.6,170,0,0,0,0,0,0
1282,L69518,L,297.2,308.9,1567,47.6,18,0,0,0,0,0,0
1283,L28441,L,298.9,308.2,1453,26.9,165,0,0,0,0,0,0
1284,M55947,M,300.3,308.7,1500,29.2,118,0,0,0,0,0,0
1285,H86671,H,302.2,312.1,1276,38.1,66,0,0,0,0,0,0
1286,H62343,H,302.6,312.4,1377,57.0,16,0,0,0,0,0,0
1287,L28197,L,303.5,315.0,1490,27.1,13,0,0,0,0,0,0
1288,L77208,L,300.3,309.1,1452,33.7,226,0,0,0,0,0,0
1289,L38716,L,301.5,311.4,1517,49.0,146,0,0,0,0,0,0
1290,L92374,L,297.1,307.5,1253,55.9,140,0,0,0,0,0,0
1291,L84277,L,300.9,311.0,1293,44.4,4,0,0,0,0,0,0
1292,M93887,M,297.8,307.7,1640,46.8,195,0,0,0,0,0,0
1293,L85211,L,299.9,310.2,1350,31.0,53,0,0,0,0,0,0
1294,L70109,L,306.1,317.1,1378,26.8,97,0,0,0,0,0,0
1295,L69495,L,300.6,312.1,1517,28.5,164,0,0,0,0,0,0
1296,L34183,L,298.3,308.3,1332,31.3,34,0,0,0,0,0,0
1297,L43346,L,300.8,310.0,1699,42.3,202,0,0,0,0,0,0
1298,L88036,L,299.0,310.5,1274,27.8,211,0,0,0,0,0,0
1299,M65645,M,298.1,307.0,1500,42.5,131,0,0,0,0,0,0
1300,L72458,L,304.2,316.0,1365,36.8,92,0,0,0,0,0,0
1301,L29260,L,302.1,313.5,1528,34.4,64,0,0,0,0,0,0
1302,L43090,L,300.7,312.2,1410,48.9,183,0,0,0,0,0,0
1303,M32589,M,299.2,309.9,1496,30.4,86,0,0,0,0,0,0
1304,L66467,L,299.4,307.3,1720,54.4,205,1,0,0,1,0,0
1305,M56770,M,303.1,312.0,1376,48.3,185,0,0,0,0,0,0
1306,H48039,H,300.6,310.9,1375,30.1,89,0,0,0,0,0,0
1307,L79169,L,293.8,303.2,1443,52.0,58,0,0,0,0,0,0
1308,M85010,M,304.8,314.5,1765,28.9,91,0,0,0,0,0,0
1309,L93677,L,300.4,311.0,1484,52.9,87,0,0,0,0,0,0
1310,H40297,H,300.7,310.5,1722,43.3,242,0,0,0,0,0,0
1311,L53437,L,302.2,311.0,1468,24.2,159,0,0,0,0,0,0
1312,H49569,H,300.9,311.8,1714,27.0,166,0,0,0,0,0,0
1313,L94048,L,301.5,312.0,1573,36.0,72,0,0,0,0,0,0
1314,L81364,L,299.2,308.9,1600,48.7,92,0,0,0,0,0,0
1315,L93191,L,297.5,308.3,1242,38.3,118,0,0,0,0,0,0
1316,M28038,M,300.6,310.7,1215,38.0,247,0,0,0,0,0,0
1317,L59065,L,302.9,314.2,1693,40.4,169,0,0,0,0,0,0
1318,L60759,L,298.7,308.9,1690,20.0,39,0,0,0,0,0,0
1319,M48497,M,298.5,309.9,1936,48.2,251,1,0,0,1,0,0
1320,M50396,M,302.4,310.6,1233,53.4,68,1,0,1,0,0,0
1321,L86043,L,299.1,309.5,1587,47.9,157,0,0,0,0,0,0
1322,L43062,L,299.2,308.8,1316,35.8,221,0,0,0,0,0,0
1323,L49966,L,299.3,308.4,1367,31.1,156,0,0,0,0,0,0
1324,M19899,M,299.9,311.0,1410,29.2,234,0,0,0,0,0,0
1325,L67183,L,296.9,307.7,1569,28.7,215,0,0,0,0,0,0
1326,M11048,M,298.9,306.9,1380,62.6,9,0,0,0,0,0,0
1327,L77297,L,300.5,311.2,1506,39.2,174,0,0,0,0,0,0
1328,L65230,L,300.4,311.0,1650,49.0,182,0,0,0,0,0,0
1329,L96386,L,302.3,311.6,1703,48.5,94,0,0,0,0,0,0
1330,L60412,L,303.7,312.8,1625,41.4,230,0,0,0,0,0,0
1331,M74849,M,303.0,311.4,1581,30.7,203,0,0,0,0,0,0
1332,L94252,L,301.8,311.5,1475,45.2,93,0,0,0,0,0,0
1333,L30559,L,299.7,309.5,1398,29.2,56,0,0,0,0,0,0
1334,H37111,H,298.8,309.6,1597,46.0,54,0,0,0,0,0,0
1335,H56859,H,300.0,310.3,1311,29.6,56,0,0,0,0,0,0
1336,M13652,M,301.2,310.1,1521,35.6,149,0,0,0,0,0,0
1337,L31570,L,301.6,311.9,1306,35.6,163,0,0,0,0,0,0
1338,L51698,L,301.2,311.0,1493,54.0,38,0,0,0,0,0,0
1339,M32006,M,299.8,308.8,1310,15.7,139,1,0,0,1,0,0
1340,L13776,L,301.6,310.0,1428,63.3,63,0,0,0,0,0,0
1341,L77176,L,302.5,313.1,1378,31.9,230,1,1,0,0,0,0
1342,M33293,M,301.8,312.2,1357,38.8,217,0,0,0,0,0,0
1343,L11555,L,299.9,310.5,1484,44.1,29,0,0,0,0,0,0
1344,L70141,L,298.3,307.6,1064,43.3,64,0,0,0,0,0,0
1345,H30399,H,298.3,308.5,1176,48.4,239,1,1,0,0,0,0
1346,M51138,M,298.6,307.3,1645,46.1,76,0,0,0,0,0,0
1347,L78452,L,300.5,309.5,1527,60.4,206,1,0,0,1,0,0
1348,L39443,L,301.0,311.1,1370,47.3,13,0,0,0,0,0,0
1349,L62665,L,297.2,307.4,1675,38.8,98,0,0,0,0,0,0
1350,L81941,L,299.0,307.4,1385,34.5,156,0,0,0,0,0,0
1351,M76213,M,300.5,309.4,1396,34.2,101,0,0,0,0,0,0
1352,M40284,M,298.2,307.8,1359,52.9,200,0,0,0,0,0,0
1353,L45777,L,300.9,311.8,1843,57.6,248,1,0,0,1,1,0
1354,L24407,L,299.4,308.6,1542,50.0,130,0,0,0,0,0,0
1355,M23854,M,298.6,308.7,1535,8.4,117,1,0,0,1,0,0
1356,L35140,L,300.1,310.4,1584,17.5,178,1,0,0,1,0,0
1357,L94823,L,300.8,310.5,1167,39.9,191,0,0,0,0,0,0
1358,L95712,L,298.3,308.6,1393,38.3,15,0,0,0,0,0,0
1359,M86611,M,299.5,308.2,1582,40.2,111,0,0,0,0,0,0
1360,L32510,L,300.9,310.3,1499,52.5,126,0,0,0,0,0,0
1361,M63209,M,298.5,309.9,1897,52.0,78,1,0,0,1,0,0
1362,L42618,L,296.7,308.2,1404,41.7,192,0,0,0,0,0,0
1363,M34789,M,296.9,307.8,1670,24.8,224,0,0,0,0,0,0
1364,L25747,L,299.2,310.3,1645,27.7,214,0,0,0,0,0,0
1365,L96223,L,297.4,305.5,1526,40.7,160,0,0,0,0,0,0
1366,L68291,L,299.3,308.4,1558,44.2,201,0,0,0,0,0,0
1367,L73163,L,303.3,313.0,1448,27.8,59,0,0,0,0,0,0
1368,L34918,L,297.2,309.7,1145,46.6,6,0,0,0,0,0,0
1369,L98034,L,299.4,309.1,1563,22.5,130,0,0,0,0,0,0
1370,L28860,L,304.3,315.0,1577,13.4,104,1,0,0,1,0,0
1371,L26397,L,300.8,311.2,1605,31.2,223,0,0,0,0,0,0
1372,H62830,H,299.3,309.6,1511,53.7,200,0,0,0,0,0,0
1373,L94002,L,299.7,309.7,1675,55.2,97,1,0,0,1,0,0
1374,M78808,M,300.9,309.7,1344,24.1,4,0,0,0,0,0,0
1375,H95561,H,303.4,310.7,1764,24.8,70,0,0,0,0,0,0
1376,L63241,L,298.9,310.2,1322,47.6,91,0,0,0,0,0,0
1377,M32337,M,298.5,307.9,1481,35.6,171,0,0,0,0,0,0
1378,M54862,M,297.2,305.4,1623,53.7,229,0,0,0,0,0,0
1379,M54909,M,300.2,310.6,1407,47.4,56,0,0,0,0,0,0
1380,L97606,L,297.2,307.6,1635,49.2,199,0,0,0,0,0,0
1381,L36517,L,299.1,309.8,1438,31.8,184,0,0,0,0,0,0
1382,L35650,L,298.2,309.3,1521,44.4,89,0,0,0,0,0,0
1383,L47128,L,302.1,311.2,1467,60.2,4,0,0,0,0,0,0
1384,H52552,H,299.0,308.1,1396,41.4,8,0,0,0,0,0,0
1385,H62820,H,300.8,310.5,1905,39.5,157,0,0,0,0,0,0
1386,L27204,L,296.8,307.6,1349,35.6,214,0,0,0,0,0,0
1387,M82863,M,300.3,308.2,1088,24.0,160,1,0,1,1,0,0
1388,L55267,L,297.6,307.7,1355,29.0,196,0,0,0,0,0,0
1389,H52106,H,299.1,310.1,1524,31.1,127,0,0,0,0,0,0
1390,L53701,L,304.4,315.3,1432,23.6,67,0,0,0,0,0,0
1391,H92723,H,301.9,312.6,1683,24.6,10,0,0,0,0,0,0
1392,M79446,M,299.7,310.8,1677,15.5,207,1,0,0,1,0,0
1393,L60939,L,306.4,313.7,1443,32.2,120,0,0,0,0,0,0
1394,L51132,L,298.2,309.8,1197,46.8,222,0,0,0,0,0,0
1395,M30579,M,302.3,312.7,1269,36.8,94,0,0,0,0,0,0
1396,L22872,L,296.9,308.3,1494,36.9,70,0,0,0,0,0,0
1397,L94891,L,299.5,308.3,1218,47.7,169,0,0,0,0,0,0
1398,H95469,H,297.3,305.6,1434,56.9,153,0,0,0,0,0,0
1399,L35019,L,300.5,312.3,1756,62.7,178,1,0,0,1,0,0
1400,L34101,L,300.1,309.2,1562,41.4,23,0,0,0,0,0,0
1401,L87001,L,299.4,309.1,1508,37.2,21,0,0,0,0,0,0
1402,L32038,L,302.2,312.7,1313,35.9,144,0,0,0,0,0,0
1403,H71494,H,298.9,309.6,1533,45.9,139,0,0,0,0,0,0
1404,L91156,L,300.7,311.7,1453,38.4,24,0,0,0,0,0,0
1405,L93383,L,301.6,311.9,1543,38.5,109,0,0,0,0,0,0
1406,L69627,L,297.0,306.0,1631,39.1,160,0,0,0,0,0,0
1407,H20385,H,298.5,309.2,1662,30.6,137,0,0,0,0,0,0
1408,L89729,L,300.1,310.8,1523,16.7,47,1,0,0,1,0,0
1409,M27966,M,301.3,309.4,1592,33.3,235,0,0,0,0,0,0
1410,M35899,M,302.8,314.3,1408,54.6,9,0,0,0,0,0,0
1411,M25954,M,299.6,307.1,1704,54.1,69,1,0,0,1,0,0
1412,H14719,H,299.4,310.4,1340,49.4,17,0,0,0,0,0,0
1413,M27374,M,298.3,307.6,1463,35.1,72,0,0,0,0,0,0
1414,H48994,H,300.7,311.4,1723,32.1,173,0,0,0,0,0,0
1415,L11258,L,299.4,309.9,1413,56.2,6,0,0,0,0,0,0
1416,M32059,M,299.5,309.4,1259,29.2,10,0,0,0,0,0,0
1417,L23533,L,299.8,310.3,1426,40.4,52,0,0,0,0,0,0
1418,L75706,L,301.1,311.0,1751,56.9,7,1,0,0,1,0,0
1419,M71535,M,298.9,309.6,1091,41.2,99,0,0,0,0,0,0
1420,H29360,H,298.5,310.6,1518,37.1,58,0,0,0,0,0,0
1421,M87921,M,300.9,309.5,1386,51.6,82,0,0,0,0,0,0
1422,L17029,L,293.9,300.8,1470,40.7,212,0,0,0,0,0,0
1423,L24267,L,298.8,308.4,1437,42.0,109,0,0,0,0,0,0
1424,L52560,L,297.7,307.2,1673,55.1,4,1,0,0,1,0,0
1425,L91787,L,302.4,312.0,1510,14.6,138,1,0,0,1,0,0
1426,L35383,L,299.1,308.2,1682,43.6,28,0,0,0,0,0,0
1427,L96724,L,298.9,309.8,1731,32.3,15,0,0,0,0,0,0
1428,L32914,L,299.9,308.5,1505,37.9,83,0,0,0,0,0,0
1429,M66952,M,298.8,309.3,1435,41.1,69,0,0,0,0,0,0
1430,L38309,L,299.2,309.8,1568,33.2,28,0,0,0,0,0,0
1431,H63741,H,300.2,310.5,1603,42.3,76,0,0,0,0,0,0
1432,M37556,M,299.2,309.6,1292,43.9,122,0,0,0,0,0,0
1433,L32050,L,299.1,310.1,1542,42.0,64,0,0,0,0,0,0
1434,L49779,L,298.0,308.0,1454,41.1,8,0,0,0,0,0,0
1435,L39748,L,297.7,307.3,1424,38.8,226,1,1,0,0,0,0
1436,H61922,H,300.1,310.6,1376,39.0,165,0,0,0,0,0,0
1437,L54114,L,300.6,311.2,1387,40.8,179,0,0,0,0,0,0
1438,L58468,L,297.1,308.0,1726,30.6,103,0,0,0,0,0,0
1439,H23376,H,301.5,309.8,1434,52.7,145,0,0,0,0,0,0
1440,H63569,H,301.5,311.3,1706,39.1,178,0,0,0,0,0,0
1441,L75456,L,301.9,310.9,1524,36.0,90,0,0,0,0,0,0
1442,L21586,L,300.6,311.2,1296,44.0,210,0,0,0,0,0,0
1443,L28053,L,301.3,312.0,1534,38.9,195,0,0,0,0,0,0
1444,L15396,L,304.4,314.1,1286,52.4,73,0,0,0,0,0,0
1445,L30359,L,299.4,308.7,1609,48.9,84,0,0,0,0,0,0
1446,L93857,L,297.9,308.5,1463,40.9,47,0,0,0,0,0,0
1447,H18588,H,296.9,306.8,1654,49.4,127,0,0,0,0,0,0
1448,L30067,L,303.5,314.9,1758,42.4,205,0,0,0,0,0,0
1449,M22475,M,303.5,315.3,1188,28.5,143,0,0,0,0,0,0
1450,L84731,L,298.2,309.2,1417,48.9,90,0,0,0,0,0,0
1451,M62202,M,298.5,308.8,1282,21.0,104,1,0,0,1,0,0
1452,M15944,M,299.4,311.2,1888,4.8,175,1,0,0,1,0,0
1453,M31254,M,302.4,312.7,1421,47.0,130,0,0,0,0,0,0
1454,H70829,H,297.4,306.9,1263,44.4,140,0,0,0,0,0,0
1455,L77703,L,296.1,305.4,1903,43.8,154,0,0,0,0,0,0
1456,L64283,L,304.3,313.6,1369,53.9,187,0,0,0,0,0,0
1457,L60917,L,300.6,310.6,1208,39.8,158,0,0,0,0,0,0
1458,L51637,L,300.9,311.4,1291,36.2,173,0,0,0,0,0,0
1459,H85353,H,299.6,308.2,1526,48.0,169,0,0,0,0,0,0
1460,L43637,L,300.9,310.5,1508,32.9,234,0,0,0,0,0,0
1461,M96853,M,297.0,307.2,1350,37.6,186,0,0,0,0,0,0
1462,L87793,L,298.3,309.0,1413,42.5,138,0,0,0,0,0,0
1463,L93600,L,300.2,310.2,1510,43.3,227,0,0,0,0,0,0
1464,L73278,L,295.5,305.7,1738,36.7,228,0,0,0,0,0,0
1465,M41027,M,299.4,308.2,1560,35.1,89,0,0,0,0,0,0
1466,M68212,M,299.3,308.4,1399,28.8,204,0,0,0,0,0,0
1467,L51457,L,299.4,309.3,1459,32.1,249,1,1,0,0,0,0
1468,L93479,L,298.9,309.4,1639,58.2,52,1,0,0,1,0,0
1469,M91645,M,298.0,308.2,1802,37.3,100,0,0,0,0,0,0
1470,L16044,L,296.4,305.5,1301,41.9,105,0,0,0,0,0,0
1471,H77821,H,300.3,310.1,1701,25.1,154,0,0,0,0,0,0
1472,L77417,L,299.4,310.9,1444,65.6,244,1,1,0,1,1,0
1473,L65021,L,297.2,307.8,1208,31.4,77,0,0,0,0,0,0
1474,L97110,L,300.1,310.0,1172,28.2,191,0,0,0,0,0,0
1475,L17074,L,299.4,308.4,1740,39.4,197,0,0,0,0,0,0
1476,L97416,L,299.1,308.4,1762,31.1,176,0,0,0,0,0,0
1477,L10385,L,295.7,305.7,1398,43.6,149,0,0,0,0,0,0
1478,H25612,H,301.4,311.6,1462,24.9,145,0,0,0,0,0,0
1479,L68114,L,297.5,308.1,1179,51.4,71,0,0,0,0,0,0
1480,L82884,L,300.1,310.5,1637,49.4,35,0,0,0,0,0,0
1481,L91475,L,298.4,308.0,1495,38.8,85,0,0,0,0,0,0
1482,L15297,L,299.2,308.7,1221,23.4,58,1,0,0,1,0,0
1483,L84123,L,302.3,314.4,1537,31.9,165,0,0,0,0,0,0
1484,L72284,L,301.1,310.5,1250,40.6,216,0,0,0,0,0,0
1485,M46143,M,302.3,311.0,1600,27.9,40,0,0,0,0,0,0
1486,L67715,L,300.7,309.0,1305,29.5,167,1,0,1,0,0,0
1487,H45628,H,300.8,310.4,1561,50.5,31,0,0,0,0,0,0
1488,L51014,L,296.4,307.4,1382,41.5,96,0,0,0,0,0,0
1489,M28701,M,299.4,308.8,1074,41.2,44,0,0,0,0,0,0
1490,L41004,L,299.6,311.0,1679,45.3,76,0,0,0,0,0,0
1491,L69693,L,302.4,312.4,1689,38.4,217,0,0,0,0,0,0
1492,M31521,M,299.0,310.1,1406,39.4,106,0,0,0,0,0,0
1493,M81441,M,300.5,309.8,1549,44.6,27,0,0,0,0,0,0
1494,M41446,M,300.5,309.7,1579,48.1,50,0,0,0,0,0,0
1495,L93081,L,302.3,312.4,1585,45.0,213,0,0,0,0,0,0
1496,M18945,M,299.7,310.2,1811,54.6,104,1,0,0,1,0,0
1497,M41555,M,301.7,311.5,1575,40.2,237,0,0,0,0,0,0
1498,M37206,M,296.6,306.9,1436,26.5,142,0,0,0,0,0,0
1499,L61355,L,296.8,307.4,1577,50.9,128,0,0,0,0,0,0
1500,M55697,M,295.4,304.0,1423,37.5,115,0,0,0,0,0,0
1501,M15826,M,301.6,311.2,1308,32.3,196,0,0,0,0,0,0
1502,H56323,H,301.3,310.8,1720,47.1,211,0,0,0,0,0,0
1503,L57953,L,301.8,311.3,1596,43.7,32,0,0,0,0,0,0
1504,L61923,L,298.6,309.1,1165,27.2,103,0,0,0,0,0,0
1505,M58091,M,298.9,308.4,1377,46.7,72,0,0,0,0,0,0
1506,L75442,L,299.8,307.8,1636,58.7,228,1,1,0,1,1,0
1507,M74823,M,302.9,312.7,1219,43.2,186,0,0,0,0,0,0
1508,L20495,L,303.4,312.3,1364,37.4,74,0,0,0,0,0,0
1509,L67382,L,301.6,312.1,1979,23.3,103,0,0,0,0,0,0
1510,M86506,M,300.7,311.5,1440,60.5,106,0,0,0,0,0,0
1511,L51949,L,302.7,310.5,1695,34.8,236,0,0,0,0,0,0
1512,L42927,L,299.5,308.7,1770,25.9,120,0,0,0,0,0,0
1513,M56923,M,299.2,309.6,1336,41.1,5,0,0,0,0,0,0
1514,M27212,M,299.7,308.3,1548,50.1,185,0,0,0,0,0,0
1515,M50840,M,298.0,308.8,1871,52.4,24,1,0,0,1,0,0
1516,L26144,L,299.6,310.7,1583,33.3,160,0,0,0,0,0,0
1517,L42308,L,297.8,307.6,1926,39.0,130,0,0,0,0,0,0
1518,H82532,H,302.1,311.3,1385,40.0,193,0,0,0,0,0,0
1519,L92813,L,301.1,308.8,1823,49.8,139,1,0,0,1,0,0
1520,L53019,L,302.9,313.7,1503,45.9,44,0,0,0,0,0,0
1521,L94038,L,296.7,308.7,1441,42.7,226,0,0,0,0,0,0
1522,L33182,L,303.8,315.6,1615,49.1,229,1,1,0,0,0,0
1523,M32733,M,296.9,306.7,1480,26.4,106,0,0,0,0,0,0
1524,M93825,M,297.6,306.5,1485,44.2,154,0,0,0,0,0,0
1525,M65925,M,298.8,309.6,1587,42.2,140,0,0,0,0,0,0
1526,L62754,L,302.6,312.5,1175,39.5,135,0,0,0,0,0,0
1527,L42511,L,300.5,310.9,1356,37.5,23,0,0,0,0,0,0
1528,L67084,L,299.5,309.8,1630,41.3,125,0,0,0,0,0,0
1529,L94652,L,298.4,308.5,1678,34.3,57,0,0,0,0,0,0
1530,L32311,L,297.2,308.3,1564,67.3,202,1,0,0,1,1,0
1531,L78530,L,302.3,313.3,1550,53.6,215,0,0,0,0,0,0
1532,L45981,L,301.6,311.1,1572,50.9,5,0,0,0,0,0,0
1533,L41586,L,302.7,311.8,1672,34.7,186,0,0,0,0,0,0
1534,M37628,M,300.8,308.3,1243,30.4,29,1,0,1,0,0,0
1535,L87542,L,294.7,304.4,1408,37.9,2,0,0,0,0,0,0
1536,L32133,L,297.5,306.4,1487,41.1,3,0,0,0,0,0,0
1537,M48380,M,300.9,311.3,1535,25.5,118,0,0,0,0,0,0
1538,M90891,M,299.3,308.9,1120,44.8,206,0,0,0,0,0,0
1539,M53887,M,298.9,308.7,1274,50.8,79,0,0,0,0,0,0
1540,L21568,L,297.8,308.6,1497,17.6,234,1,0,0,1,0,0
1541,M97856,M,301.9,312.3,1682,31.0,107,0,0,0,0,0,0
1542,L18038,L,300.9,310.8,1425,52.3,48,0,0,0,0,0,0
1543,L90671,L,301.0,312.7,1380,43.7,116,0,0,0,0,0,0
1544,L44215,L,298.7,309.5,1595,31.3,159,0,0,0,0,0,0
1545,L68621,L,300.4,309.9,1441,47.4,128,0,0,0,0,0,0
1546,L69194,L,297.3,307.0,1659,34.1,111,0,0,0,0,0,0
1547,L34119,L,299.7,310.5,1460,37.6,48,0,0,0,0,0,0
1548,M38415,M,294.9,305.1,1299,28.6,177,0,0,0,0,0,0
1549,L22001,L,296.9,305.7,1756,40.2,89,0,0,0,0,0,0
1550,L28210,L,299.4,310.3,1723,50.2,246,0,0,0,0,0,0
1551,L14928,L,304.8,316.0,1328,35.2,101,0,0,0,0,0,0
1552,L14906,L,296.4,307.6,1571,46.5,56,0,0,0,0,0,0
1553,L47490,L,297.5,309.1,1441,39.5,217,0,0,0,0,0,0
1554,L84939,L,300.4,312.5,1611,50.8,53,0,0,0,0,0,0
1555,L45394,L,303.5,315.3,1342,35.4,43,0,0,0,0,0,0
1556,M76273,M,300.4,310.7,1657,55.6,182,1,0,0,1,0,0
1557,H39404,H,301.4,311.2,1715,46.8,75,0,0,0,0,0,0
1558,L68031,L,299.3,307.5,1329,42.4,106,1,0,1,0,0,0
1559,M56925,M,299.0,309.0,1512,42.8,114,0,0,0,0,0,0
1560,M75979,M,300.2,310.7,1719,35.4,198,0,0,0,0,0,0
1561,H71113,H,298.7,308.7,1320,34.7,145,0,0,0,0,0,0
1562,M85733,M,301.4,309.6,1380,42.6,188,0,0,0,0,0,0
1563,M59839,M,296.8,306.5,1619,28.0,250,0,0,0,0,0,0
1564,H33932,H,301.8,312.4,1471,34.0,180,0,0,0,0,0,0
1565,M17529,M,300.1,309.1,1216,30.6,71,0,0,0,0,0,0
1566,L81167,L,299.6,309.7,1442,45.7,194,0,0,0,0,0,0
1567,L28121,L,296.7,307.1,1814,45.9,215,0,0,0,0,0,0
1568,L19274,L,298.0,309.2,1871,52.7,109,1,0,0,1,0,0
1569,L48315,L,302.4,314.1,1385,36.7,167,0,0,0,0,0,0
1570,L93996,L,299.6,309.2,1336,31.9,124,0,0,0,0,0,0
1571,L38905,L,300.6,310.7,1418,25.3,32,0,0,0,0,0,0
1572,L60830,L,298.2,308.5,1824,42.7,184,0,0,0,0,0,0
1573,L51870,L,299.9,310.6,1652,54.0,112,0,0,0,0,0,0
1574,M78722,M,297.3,307.8,1764,39.3,88,0,0,0,0,0,0
1575,L83474,L,300.2,311.6,1680,40.3,118,0,0,0,0,0,0
1576,L53834,L,300.7,308.4,1263,39.9,147,1,0,1,0,0,0
1577,M49096,M,300.6,311.1,1329,42.5,191,0,0,0,0,0,0
1578,M46027,M,298.2,308.7,1375,50.0,230,0,0,0,0,0,0
1579,H73595,H,299.3,309.1,1406,59.2,173,0,0,0,0,0,0
1580,M73538,M,301.1,308.8,1378,45.0,252,1,1,0,0,0,0
1581,M33417,M,299.6,309.5,1399,45.6,40,0,0,0,0,0,0
1582,L39653,L,299.4,308.7,1615,37.6,39,0,0,0,0,0,0
1583,L74590,L,303.8,315.5,1524,38.9,200,0,0,0,0,0,0
1584,L63991,L,298.1,308.5,1720,38.8,160,0,0,0,0,0,0
1585,M75864,M,302.2,311.4,1545,36.3,218,0,0,0,0,0,0
1586,H10120,H,297.7,305.6,1378,41.3,172,0,0,0,0,0,0
1587,L89647,L,301.3,311.9,1534,46.2,3,0,0,0,0,0,0
1588,L85426,L,301.4,312.1,1228,40.6,170,0,0,0,0,0,0
1589,L90279,L,299.0,308.8,1084,37.2,54,0,0,0,0,0,0
1590,L25021,L,297.6,308.2,1616,41.3,113,0,0,0,0,0,0
1591,L60704,L,296.1,305.7,1683,30.4,175,0,0,0,0,0,0
1592,L65224,L,298.8,309.8,1513,48.0,166,0,0,0,0,0,0
1593,H36025,H,301.1,312.0,1430,35.9,97,0,0,0,0,0,0
1594,L86970,L,297.8,306.2,1258,28.5,180,1,0,1,0,0,0
1595,M15343,M,300.2,308.8,1710,44.6,239,0,0,0,0,0,0
1596,M71239,M,297.0,309.1,1589,45.1,58,0,0,0,0,0,0
1597,L61430,L,299.5,310.5,1552,31.4,30,0,0,0,0,0,0
1598,L52634,L,297.7,306.4,1499,46.2,34,0,0,0,0,0,0
1599,M79402,M,299.8,308.3,1415,46.3,116,0,0,0,0,0,0
1600,L55404,L,299.0,309.2,1300,59.7,75,0,0,0,0,0,0
1601,H16050,H,297.6,306.5,1545,37.6,118,0,0,0,0,0,0
1602,L49527,L,298.7,308.4,1403,39.5,21,0,0,0,0,0,0
1603,M94034,M,298.1,308.1,1424,33.9,62,0,0,0,0,0,0
1604,M13113,M,297.4,307.3,1809,44.9,88,0,0,0,0,0,0
1605,L15385,L,302.2,313.3,1491,40.0,236,0,0,0,0,0,0
1606,L79666,L,299.3,311.1,1058,49.9,75,0,0,0,0,0,0
1607,H19790,H,295.6,305.1,1404,35.7,12,0,0,0,0,0,0
1608,L96066,L,298.8,307.6,1320,44.7,79,0,0,0,0,0,0
1609,L58763,L,301.8,312.2,1475,37.6,237,0,0,0,0,0,0
1610,L74845,L,298.5,310.1,1244,21.6,108,1,0,0,1,0,0
1611,L72960,L,303.0,312.6,1578,46.3,207,0,0,0,0,0,0
1612,M90883,M,298.3,309.1,1447,22.5,68,0,0,0,0,0,0
1613,M99897,M,301.0,310.2,1414,38.4,34,0,0,0,0,0,0
1614,L88432,L,302.1,312.1,1527,38.6,126,0,0,0,0,0,0
1615,M70969,M,300.9,309.7,1486,39.9,178,0,0,0,0,0,0
1616,L41977,L,297.3,307.3,1476,40.5,214,0,0,0,0,0,0
1617,L39050,L,298.1,308.0,1460,40.4,61,0,0,0,0,0,0
1618,L42667,L,302.3,312.9,1496,43.6,250,0,0,0,0,0,0
1619,H97304,H,298.4,310.2,1562,38.9,124,0,0,0,0,0,0
1620,L51352,L,302.0,311.6,1539,66.2,127,1,0,0,1,0,0
1621,L13736,L,299.1,307.1,1703,36.6,217,0,0,0,0,0,0
1622,L18238,L,300.3,310.1,1402,27.8,103,0,0,0,0,0,0
1623,M60104,M,297.2,307.5,1543,25.9,192,0,0,0,0,0,0
1624,L14022,L,298.8,309.0,1940,46.6,144,0,0,0,0,0,0
1625,L71387,L,298.2,308.1,1493,24.1,34,0,0,0,0,0,0
1626,M10218,M,300.5,311.9,1500,27.9,8,0,0,0,0,0,0
1627,L70053,L,300.2,310.3,1273,26.5,236,0,0,0,0,0,0
1628,L57588,L,300.9,310.8,1372,44.6,219,0,0,0,0,0,0
1629,L70112,L,299.0,308.2,1481,53.3,249,1,0,0,0,1,0
1630,L58477,L,298.1,306.4,1596,30.6,171,0,0,0,0,0,0
1631,L45726,L,300.4,310.7,1617,44.2,163,0,0,0,0,0,0
1632,M16996,M,297.9,308.2,1559,13.6,53,1,0,0,1,0,0
1633,M63624,M,302.2,311.1,1645,32.6,163,0,0,0,0,0,0
1634,M25966,M,299.8,309.7,1320,46.0,124,0,0,0,0,0,0
1635,H89781,H,299.3,309.2,1588,36.9,95,0,0,0,0,0,0
1636,L76735,L,300.9,310.3,1502,49.9,173,0,0,0,0,0,0
1637,L95249,L,299.8,309.1,1522,17.7,22,1,0,0,1,0,0
1638,H57866,H,296.7,307.1,1435,32.7,127,0,0,0,0,0,0
1639,L92991,L,297.9,307.7,1328,44.5,192,0,0,0,0,0,0
1640,M80080,M,302.1,311.5,1281,44.4,210,0,0,0,0,0,0
1641,M84839,M,300.2,309.3,1558,45.2,124,0,0,0,0,0,0
1642,L28048,L,296.6,306.5,1590,42.1,89,0,0,0,0,0,0
1643,L80128,L,300.7,311.6,1477,28.6,145,0,0,0,0,0,0
1644,L61459,L,298.9,309.1,1497,32.2,32,0,0,0,0,0,0
1645,L80768,L,298.3,308.0,1370,63.2,23,0,0,0,0,0,0
1646,L31564,L,297.7,308.0,1591,27.4,207,0,0,0,0,0,0
1647,L33049,L,302.0,313.4,1511,25.8,32,0,0,0,0,0,0
1648,M96422,M,296.1,306.6,1434,46.8,106,0,0,0,0,0,0
1649,H46742,H,298.3,308.6,1656,29.4,104,0,0,0,0,0,0
1650,M93185,M,300.2,310.9,1616,57.9,249,1,0,0,1,1,0
1651,L30011,L,303.2,313.0,1224,67.3,178,0,0,0,0,0,0
1652,L39336,L,301.1,311.3,1509,37.6,194,0,0,0,0,0,0
1653,L47305,L,298.3,307.8,1328,43.1,169,0,0,0,0,0,0
1654,L23944,L,303.1,311.5,1525,21.8,69,0,0,0,0,0,0
1655,H47821,H,297.3,307.6,1000,50.3,91,0,0,0,0,0,0
1656,L23275,L,300.5,310.9,1535,17.6,46,1,0,0,1,0,0
1657,L23048,L,301.0,310.7,1628,26.6,137,0,0,0,0,0,0
1658,M25874,M,298.2,309.3,1480,41.2,20,0,0,0,0,0,0
1659,L42140,L,301.4,310.7,1290,45.5,229,1,1,0,0,0,0
1660,L66839,L,299.0,307.2,1852,25.2,50,0,0,0,0,0,0
1661,L44092,L,301.4,310.7,1708,34.6,54,0,0,0,0,0,0
1662,M26133,M,296.3,304.8,1404,23.4,123,0,0,0,0,0,0
1663,M95834,M,300.7,311.0,1453,36.8,81,0,0,0,0,0,0
1664,L26555,L,299.2,308.4,1143,32.0,42,0,0,0,0,0,0
1665,H67284,H,302.3,313.3,1585,33.6,249,0,0,0,0,0,0
1666,M46243,M,299.9,310.9,1254,46.5,71,0,0,0,0,0,0
1667,M15010,M,302.5,311.6,1620,42.8,187,0,0,0,0,0,0
1668,L81441,L,301.0,310.2,1685,45.6,184,0,0,0,0,0,0
1669,L19436,L,299.7,310.3,1487,38.7,62,0,0,0,0,0,0
1670,M22019,M,301.6,312.6,1308,47.2,70,0,0,0,0,0,0
1671,L14224,L,301.6,309.6,1725,39.6,135,0,0,0,0,0,0
1672,M24118,M,300.9,311.2,1500,35.1,218,0,0,0,0,0,0
1673,M38297,M,295.4,303.2,1517,45.7,187,0,0,0,0,0,0
1674,L16791,L,298.0,307.5,1332,35.8,77,0,0,0,0,0,0
1675,M26277,M,302.8,313.9,1535,36.7,11,0,0,0,0,0,0
1676,H15734,H,297.5,310.5,1463,50.7,154,0,0,0,0,0,0
1677,M29904,M,301.8,311.5,1261,49.7,120,0,0,0,0,0,0
1678,L24775,L,301.4,310.2,1741,37.0,87,0,0,0,0,0,0
1679,M35428,M,298.5,308.0,1817,48.7,163,0,0,0,0,0,0
1680,L81616,L,296.0,306.1,1683,27.2,241,1,1,0,0,0,0
1681,M20648,M,298.9,308.2,1656,37.1,229,1,1,0,0,0,0
1682,M98669,M,304.2,313.2,1818,32.5,168,0,0,0,0,0,0
1683,M56015,M,298.3,307.8,1311,40.0,243,1,1,0,0,0,0
1684,L28445,L,298.4,308.8,1309,47.3,100,0,0,0,0,0,0
1685,L24558,L,298.0,307.8,1425,45.6,26,0,0,0,0,0,0
1686,L26383,L,302.4,311.5,1554,44.2,114,0,0,0,0,0,0
1687,L78938,L,299.5,308.8,1447,41.4,167,0,0,0,0,0,0
1688,L24883,L,298.7,308.3,1316,38.4,203,0,0,0,0,0,0
1689,L59684,L,302.8,311.8,1501,52.0,237,0,0,0,0,0,0
1690,L13941,L,301.2,310.5,1483,24.5,131,0,0,0,0,0,0
1691,M49856,M,298.2,308.8,1651,33.3,94,0,0,0,0,0,0
1692,H85668,H,297.6,307.3,1508,44.1,71,0,0,0,0,0,0
1693,L82162,L,302.3,310.6,1157,55.3,154,1,0,1,0,0,0
1694,M55906,M,300.0,311.1,1569,36.5,175,0,0,0,0,0,0
1695,M33340,M,296.9,307.3,1785,37.4,160,0,0,0,0,0,0
1696,L39717,L,296.4,305.1,1505,27.1,49,0,0,0,0,0,0
1697,L39506,L,297.8,307.4,1678,34.6,113,0,0,0,0,0,0
1698,M28843,M,297.5,306.7,1409,47.1,19,0,0,0,0,0,0
1699,H69650,H,295.9,306.6,1602,55.8,132,0,0,0,0,0,0
1700,M25713,M,297.8,307.4,1366,37.1,54,0,0,0,0,0,0
1701,H96867,H,298.2,308.1,1456,32.0,225,0,0,0,0,0,0
1702,H19903,H,299.1,308.9,1457,40.7,204,0,0,0,0,0,0
1703,L66182,L,303.4,311.9,1586,23.9,185,0,0,0,0,0,0
1704,M69958,M,299.5,310.9,1352,52.4,28,0,0,0,0,0,0
1705,L69056,L,299.7,310.3,1236,27.7,113,0,0,0,0,0,0
1706,H69356,H,301.0,310.3,1585,43.1,46,0,0,0,0,0,0
1707,L50475,L,299.5,309.7,1578,43.0,11,0,0,0,0,0,0
1708,L21471,L,300.8,311.8,1520,46.3,102,0,0,0,0,0,0
1709,M65710,M,300.6,310.6,1668,42.6,79,0,0,0,0,0,0
1710,L29026,L,300.2,311.8,1464,40.0,232,0,0,0,0,0,0
1711,M28307,M,305.5,318.5,1551,44.3,234,0,0,0,0,0,0
1712,L83645,L,301.8,311.7,1437,48.3,237,1,1,0,0,0,0
1713,H22527,H,297.8,307.3,1453,58.0,4,0,0,0,0,0,0
1714,M58106,M,300.7,309.8,1561,29.0,131,0,0,0,0,0,0
1715,L42827,L,298.4,306.2,1908,21.6,5,0,0,0,0,0,0
1716,M25998,M,300.9,312.1,1634,24.5,153,0,0,0,0,0,0
1717,L95871,L,297.2,306.9,1599,21.9,129,0,0,0,0,0,0
1718,M68648,M,297.8,308.7,1639,28.0,109,0,0,0,0,0,0
1719,M53366,M,300.7,311.8,1077,26.7,13,1,0,0,1,0,0
1720,M85778,M,302.0,310.9,1557,35.8,27,0,0,0,0,0,0
1721,L40896,L,301.0,310.1,1664,48.6,79,0,0,0,0,0,0
1722,L39584,L,301.7,313.5,1515,46.3,61,0,0,0,0,0,0
1723,M13059,M,300.7,310.7,1492,33.8,45,0,0,0,0,0,0
1724,L78551,L,300.3,309.7,1331,34.6,215,0,0,0,0,0,0
1725,L97023,L,299.0,307.9,1422,60.1,7,0,0,0,0,0,0
1726,L85655,L,301.6,311.5,1350,45.9,55,0,0,0,0,0,0
1727,L11697,L,302.0,313.6,1680,41.7,232,0,0,0,0,0,0
1728,M41284,M,299.9,310.6,1770,41.2,221,0,0,0,0,0,0
1729,L96296,L,299.8,309.9,1848,37.1,90,0,0,0,0,0,0
1730,L93178,L,303.2,314.8,1347,60.0,204,0,0,0,0,0,0
1731,H28954,H,300.0,311.4,1380,38.1,39,0,0,0,0,0,0
1732,L46249,L,300.2,310.5,1365,41.5,162,0,0,0,0,0,0
1733,M59736,M,301.0,313.7,1317,23.5,223,1,0,0,1,0,0
1734,L19606,L,299.8,309.6,1320,33.6,119,0,0,0,0,0,0
1735,M45153,M,298.4,309.5,1407,34.5,42,0,0,0,0,0,0
1736,M78153,M,300.8,310.4,1657,44.9,146,0,0,0,0,0,0
1737,M77594,M,299.9,310.8,1371,32.2,189,0,0,0,0,0,0
1738,L25647,L,303.7,313.4,1690,40.5,219,0,0,0,0,0,0
1739,L56985,L,301.6,312.0,1746,33.9,96,0,0,0,0,0,0
1740,M28559,M,298.8,311.2,1551,29.0,72,0,0,0,0,0,0
1741,L76967,L,301.5,312.4,1721,28.6,173,0,0,0,0,0,0
1742,L68997,L,300.6,311.1,1255,38.3,63,0,0,0,0,0,0
1743,L72149,L,302.6,311.8,1400,41.0,61,0,0,0,0,0,0
1744,H55616,H,299.0,309.1,1534,38.1,46,0,0,0,0,0,0
1745,M43385,M,300.4,309.4,1540,31.7,93,0,0,0,0,0,0
1746,M17147,M,299.8,310.7,1757,38.6,111,0,0,0,0,0,0
1747,M77645,M,300.1,311.0,1320,36.8,183,0,0,0,0,0,0
1748,L82033,L,298.2,308.0,1403,29.6,27,0,0,0,0,0,0
1749,L48240,L,301.2,312.8,1485,40.8,108,0,0,0,0,0,0
1750,L11829,L,300.8,312.4,1407,58.1,166,0,0,0,0,0,0
1751,M59869,M,302.6,312.7,1312,38.5,138,0,0,0,0,0,0
1752,L27190,L,300.0,310.5,1414,25.4,199,0,0,0,0,0,0
1753,M93428,M,299.2,308.6,1456,54.7,226,0,0,0,0,0,0
1754,M66332,M,301.6,311.3,1761,52.6,54,1,0,0,1,0,0
1755,L98753,L,298.4,307.3,1316,54.3,230,1,1,0,0,0,0
1756,L79245,L,302.2,311.7,1647,39.6,224,0,0,0,0,0,0
1757,L89236,L,302.2,312.1,1729,32.2,92,0,0,0,0,0,0
1758,H51006,H,302.5,310.9,1408,31.1,206,0,0,0,0,0,0
1759,H94995,H,300.8,311.3,1547,51.4,130,0,0,0,0,0,0
1760,H50697,H,299.0,310.0,1604,56.1,205,0,0,0,0,0,0
1761,L45347,L,300.2,310.2,1574,30.8,189,0,0,0,0,0,0
1762,L94586,L,300.8,308.1,1515,14.8,243,1,0,0,1,0,0
1763,L42113,L,298.9,308.6,1378,39.8,56,0,0,0,0,0,0
1764,L37236,L,302.7,311.3,1619,31.0,186,0,0,0,0,0,0
1765,L56792,L,301.2,310.6,1433,32.9,4,0,0,0,0,0,0
1766,L59346,L,298.2,309.7,1505,37.6,233,0,0,0,0,0,0
1767,H58774,H,303.8,311.3,1532,44.1,50,0,0,0,0,0,0
1768,L68025,L,300.2,309.4,1654,32.2,94,0,0,0,0,0,0
1769,L51303,L,297.8,308.6,1847,41.4,213,0,0,0,0,0,0
1770,M93482,M,298.3,307.6,1367,38.7,121,0,0,0,0,0,0
1771,L90566,L,303.0,312.2,1509,16.9,168,1,0,0,1,0,0
1772,M78803,M,303.6,315.7,1233,45.4,91,0,0,0,0,0,0
1773,M42195,M,302.0,312.4,1767,35.5,141,0,0,0,0,0,0
1774,M20654,M,302.6,313.6,1508,27.4,214,0,0,0,0,0,0
1775,M10283,M,302.4,312.9,1446,32.7,226,0,0,0,0,0,0
1776,L78882,L,301.1,311.3,1509,42.0,115,0,0,0,0,0,0
1777,M24242,M,300.7,311.9,1518,40.5,182,0,0,0,0,0,0
1778,L65957,L,301.1,313.0,1368,46.4,118,0,0,0,0,0,0
1779,L49763,L,301.5,309.8,1714,44.4,238,1,1,0,0,0,0
1780,L79703,L,298.5,308.5,1616,28.3,184,0,0,0,0,0,0
1781,L86893,L,301.5,311.4,1641,10.5,109,1,0,0,1,0,0
1782,M18815,M,302.9,312.5,1378,41.2,126,0,0,0,0,0,0
1783,L53470,L,299.6,310.6,1368,46.3,46,0,0,0,0,0,0
1784,L92855,L,299.4,309.6,1480,38.0,238,0,0,0,0,0,0
1785,L44367,L,301.0,312.9,1644,46.6,65,0,0,0,0,0,0
1786,M81423,M,298.7,309.8,1590,30.0,46,0,0,0,0,0,0
1787,L76732,L,297.4,308.7,1360,36.5,114,0,0,0,0,0,0
1788,M86289,M,302.3,311.1,1620,30.8,184,0,0,0,0,0,0
1789,M16577,M,299.1,308.3,1325,47.0,173,0,0,0,0,0,0
1790,L89280,L,300.0,309.3,1381,30.9,64,0,0,0,0,0,0
1791,M11319,M,298.8,310.1,1528,60.6,67,1,0,0,1,0,0
1792,L18628,L,302.6,311.6,1289,35.0,60,0,0,0,0,0,0
1793,L26237,L,301.7,310.8,1327,48.0,153,0,0,0,0,0,0
1794,M81828,M,299.5,308.4,1779,35.1,242,0,0,0,0,0,0
1795,H23279,H,297.6,310.4,1746,53.4,225,1,0,0,1,0,0
1796,L73010,L,299.3,309.2,1912,53.0,128,1,0,0,1,0,0
1797,L36255,L,301.1,311.7,1581,36.8,96,0,0,0,0,0,0
1798,L71245,L,300.4,309.2,1616,42.7,100,0,0,0,0,0,0
1799,L72684,L,300.2,311.2,1472,52.7,204,0,0,0,0,0,0
1800,M44419,M,300.4,308.6,1437,43.0,165,0,0,0,0,0,0
1801,M96702,M,301.5,310.5,1657,30.8,10,0,0,0,0,0,0
1802,M33737,M,299.9,309.2,1745,40.7,19,0,0,0,0,0,0
1803,L17294,L,300.9,311.1,1642,32.5,122,0,0,0,0,0,0
1804,M64801,M,298.0,307.2,1349,41.5,135,0,0,0,0,0,0
1805,M14928,M,305.1,316.6,1570,32.1,243,1,1,0,0,0,0
1806,M35721,M,299.4,309.9,1361,43.7,36,0,0,0,0,0,0
1807,L56174,L,300.4,309.7,1442,22.1,204,0,0,0,0,0,0
1808,L92543,L,301.1,312.1,1795,28.8,227,1,1,0,0,0,0
1809,L73567,L,299.2,308.8,1284,32.1,96,0,0,0,0,0,0
1810,L64749,L,300.0,309.4,1890,38.4,41,0,0,0,0,0,0
1811,L57795,L,300.0,310.9,1599,24.9,62,0,0,0,0,0,0
1812,L42298,L,298.2,305.7,1416,31.2,168,0,0,0,0,0,0
1813,M84531,M,300.9,311.6,1512,47.8,18,0,0,0,0,0,0
1814,L11911,L,296.7,306.0,1377,49.0,224,0,0,0,0,0,0
1815,M24336,M,303.5,312.8,1402,14.7,191,1,0,0,1,0,0
1816,L24420,L,301.6,313.5,1513,34.1,201,0,0,0,0,0,0
1817,M66008,M,301.3,310.7,1441,52.7,187,0,0,0,0,0,0
1818,L36174,L,296.5,307.5,1332,43.9,33,0,0,0,0,0,0
1819,L15929,L,298.4,308.7,1460,44.1,185,0,0,0,0,0,0
1820,M24585,M,302.8,313.2,1263,45.6,152,0,0,0,0,0,0
1821,H69394,H,308.3,318.1,1271,30.4,13,0,0,0,0,0,0
1822,L59085,L,302.4,312.1,1269,42.1,72,0,0,0,0,0,0
1823,L58341,L,302.1,313.6,1801,44.7,107,0,0,0,0,0,0
1824,M74908,M,301.0,312.0,1573,41.1,137,0,0,0,0,0,0
1825,M56719,M,298.3,307.8,1607,36.1,46,0,0,0,0,0,0
1826,L89559,L,302.0,310.9,1502,39.5,133,0,0,0,0,0,0
1827,L61254,L,297.8,307.2,1591,28.6,242,1,1,0,0,0,0
1828,L68035,L,297.6,308.6,1712,46.1,90,0,0,0,0,0,0
1829,H38599,H,297.5,308.6,1573,25.6,38,0,0,0,0,0,0
1830,L62046,L,302.0,312.5,1795,31.8,119,0,0,0,0,0,0
1831,L26401,L,299.9,308.3,1493,46.8,114,0,0,0,0,0,0
1832,H31574,H,300.2,311.0,1608,42.9,232,0,0,0,0,0,0
1833,L96346,L,300.0,311.3,1627,35.2,117,0,0,0,0,0,0
1834,L88637,L,297.7,307.9,1332,22.9,62,1,0,0,1,0,0
1835,L46566,L,298.7,310.6,1508,39.5,57,0,0,0,0,0,0
1836,L38435,L,298.8,307.4,1169,33.7,9,0,0,0,0,0,0
1837,L65580,L,297.2,307.9,1477,44.8,188,0,0,0,0,0,0
1838,L73277,L,299.0,308.0,1450,34.8,68,0,0,0,0,0,0
1839,M12954,M,297.8,308.9,1439,22.5,199,0,0,0,0,0,0
1840,M77278,M,301.2,311.8,1427,26.2,139,0,0,0,0,0,0
1841,L13311,L,301.3,313.1,1592,35.7,180,0,0,0,0,0,0
1842,L14028,L,297.4,307.9,1341,41.1,51,0,0,0,0,0,0
1843,L52581,L,299.4,309.0,1835,28.4,39,0,0,0,0,0,0
1844,H68568,H,303.7,313.2,1602,32.4,106,0,0,0,0,0,0
1845,L40938,L,298.0,307.8,1355,47.9,90,0,0,0,0,0,0
1846,M93806,M,300.9,310.3,1616,51.1,128,0,0,0,0,0,0
1847,L47131,L,300.2,311.6,1679,42.8,189,0,0,0,0,0,0
1848,M72428,M,302.2,313.5,1566,37.1,230,1,1,0,0,0,0
1849,L56086,L,300.6,309.1,1319,33.8,150,0,0,0,0,0,0
1850,M52904,M,299.1,309.2,1903,45.4,57,0,0,0,0,0,0
1851,L36280,L,300.1,310.2,1615,36.8,75,0,0,0,0,0,0
1852,H46227,H,300.2,309.4,1275,49.2,229,0,0,0,0,0,0
1853,L43478,L,299.8,310.3,1538,49.7,53,0,0,0,0,0,0
1854,M23489,M,297.4,308.8,1460,44.1,24,0,0,0,0,0,0
1855,M77314,M,302.5,313.4,1501,35.0,233,0,0,0,0,0,0
1856,H30238,H,302.1,313.5,1285,35.8,7,0,0,0,0,0,0
1857,L10224,L,297.9,307.2,1510,23.6,189,0,0,0,0,0,0
1858,L90011,L,299.4,309.4,1350,39.5,37,0,0,0,0,0,0
1859,L72883,L,299.5,308.8,1437,39.2,169,0,0,0,0,0,0
1860,L45122,L,297.7,307.9,1570,26.2,47,0,0,0,0,0,0
1861,L76576,L,296.3,306.6,1414,63.6,227,1,1,0,0,1,0
1862,H24613,H,298.7,309.6,1448,45.6,13,0,0,0,0,0,0
1863,H42410,H,299.3,310.6,1648,31.6,77,0,0,0,0,0,0
1864,L45859,L,297.1,307.8,1340,60.5,198,0,0,0,0,0,0
1865,M52308,M,300.4,309.5,1383,35.0,144,0,0,0,0,0,0
1866,M49427,M,302.3,311.0,1274,48.3,107,0,0,0,0,0,0
1867,H48278,H,301.7,312.2,1352,40.9,110,0,0,0,0,0,0
1868,L40542,L,299.7,311.2,1523,35.4,127,0,0,0,0,0,0
1869,L45992,L,296.3,306.3,1615,36.6,252,0,0,0,0,0,0
1870,M11523,M,301.4,309.9,1355,54.4,170,0,0,0,0,0,0
1871,L11212,L,300.3,312.4,1610,48.8,123,0,0,0,0,0,0
1872,L43054,L,300.8,311.3,1519,38.8,81,0,0,0,0,0,0
1873,H70712,H,303.9,314.0,1251,19.5,127,1,0,0,1,0,0
1874,H90710,H,298.4,307.2,1531,43.0,233,0,0,0,0,0,0
1875,H91410,H,294.3,304.3,1715,27.5,55,0,0,0,0,0,0
1876,M34732,M,297.9,308.6,1159,45.4,87,0,0,0,0,0,0
1877,L59114,L,301.0,311.5,1861,32.9,16,0,0,0,0,0,0
1878,L42609,L,300.1,309.4,1390,33.9,159,0,0,0,0,0,0
1879,L15746,L,297.6,307.5,1203,33.6,194,0,0,0,0,0,0
1880,L74406,L,297.2,306.5,1525,50.2,160,0,0,0,0,0,0
1881,L14070,L,299.3,311.0,1650,22.3,205,0,0,0,0,0,0
1882,M24022,M,297.5,308.4,1450,47.4,195,0,0,0,0,0,0
1883,L87616,L,301.0,310.5,1556,43.4,246,1,1,0,0,0,0
1884,M85709,M,299.2,308.0,1882,39.3,114,0,0,0,0,0,0
1885,L63416,L,298.7,309.0,1537,35.5,21,0,0,0,0,0,0
1886,L59078,L,298.5,308.0,2037,44.9,135,1,0,0,1,0,0
1887,L76367,L,300.5,310.1,1728,35.6,195,0,0,0,0,0,0
1888,L58018,L,300.1,309.0,1509,35.5,103,0,0,0,0,0,0
1889,M76670,M,300.4,309.4,1552,40.6,114,0,0,0,0,0,0
1890,L21492,L,300.4,310.5,1443,57.2,187,0,0,0,0,0,0
1891,L98317,L,299.9,309.6,1545,24.9,4,0,0,0,0,0,0
1892,M16079,M,297.9,310.4,1601,45.0,166,0,0,0,0,0,0
1893,L76274,L,298.5,309.1,1427,38.6,179,0,0,0,0,0,0
1894,L86331,L,299.2,308.1,1252,37.8,246,1,1,0,0,0,0
1895,L12740,L,304.1,312.6,1738,24.7,185,0,0,0,0,0,0
1896,L29907,L,297.3,307.7,1675,22.4,33,0,0,0,0,0,0
1897,M34892,M,299.2,308.8,1245,43.4,126,0,0,0,0,0,0
1898,L49226,L,300.2,311.5,1531,27.3,103,0,0,0,0,0,0
1899,L25165,L,299.4,309.7,1685,50.2,101,0,0,0,0,0,0
1900,L55681,L,302.1,310.2,1666,29.8,199,0,0,0,0,0,0
1901,L96131,L,299.4,308.4,1375,45.5,147,0,0,0,0,0,0
1902,L12144,L,299.5,308.9,1677,34.2,185,0,0,0,0,0,0
1903,M89588,M,301.6,312.1,1503,33.8,189,0,0,0,0,0,0
1904,L73339,L,303.6,312.6,1570,30.9,174,0,0,0,0,0,0
1905,M49589,M,302.8,313.0,1334,44.4,192,0,0,0,0,0,0
1906,L58836,L,299.7,308.4,1000,47.2,55,0,0,0,0,0,0
1907,L23888,L,299.9,309.9,1360,36.8,25,0,0,0,0,0,0
1908,L91807,L,300.1,310.5,1597,45.9,41,0,0,0,0,0,0
1909,M14182,M,300.3,311.8,1463,40.1,205,0,0,0,0,0,0
1910,M21778,M,298.3,308.6,1617,26.7,242,0,0,0,0,0,0
1911,L73573,L,301.9,311.1,1699,43.8,237,0,0,0,0,0,0
1912,L25140,L,300.4,311.9,1441,37.0,3,0,0,0,0,0,0
1913,H17165,H,299.9,309.7,1423,13.9,252,1,1,0,1,0,0
1914,L33267,L,297.5,308.2,1106,36.1,224,0,0,0,0,0,0
1915,L61224,L,300.1,309.5,1221,23.1,50,1,0,0,1,0,0
1916,L37443,L,296.2,306.3,1259,27.7,141,0,0,0,0,0,0
1917,M85757,M,298.8,308.0,1600,37.5,249,1,1,0,0,0,0
1918,M94843,M,298.9,309.2,1442,39.2,119,0,0,0,0,0,0
1919,L47569,L,300.6,311.4,1404,31.6,241,1,1,0,0,0,0
1920,H61096,H,303.8,313.3,1383,45.3,138,0,0,0,0,0,0
1921,L63992,L,301.1,310.6,1360,38.9,87,0,0,0,0,0,0
1922,L34335,L,302.9,313.3,1666,35.8,41,0,0,0,0,0,0
1923,L53318,L,301.3,310.5,1517,40.4,26,0,0,0,0,0,0
1924,L29341,L,302.3,310.7,1678,52.1,179,0,0,0,0,0,0
1925,L96966,L,303.7,314.1,1105,18.5,83,1,0,0,1,0,0
1926,L56987,L,298.5,308.4,1596,53.0,103,0,0,0,0,0,0
1927,L47977,L,298.4,308.3,1413,33.8,237,0,0,0,0,0,0
1928,M28103,M,301.3,311.9,1449,32.2,51,0,0,0,0,0,0
1929,L23093,L,300.0,310.7,1744,36.0,94,0,0,0,0,0,0
1930,L17231,L,300.4,310.3,1430,31.1,230,0,0,0,0,0,0
1931,M37056,M,299.5,308.4,1589,29.6,238,1,1,0,0,0,0
1932,M66154,M,298.8,308.2,1317,48.5,203,0,0,0,0,0,0
1933,M94152,M,303.2,313.8,1506,41.6,97,0,0,0,0,0,0
1934,M70149,M,297.8,307.9,1214,20.8,32,1,0,0,1,0,0
1935,M24572,M,301.4,310.8,1490,46.7,200,0,0,0,0,0,0
1936,L16674,L,301.0,310.3,1569,45.3,212,0,0,0,0,0,0
1937,L56411,L,296.8,307.5,1699,25.2,181,0,0,0,0,0,0
1938,M55495,M,298.3,308.1,1353,41.8,85,0,0,0,0,0,0
1939,L16649,L,298.7,309.4,1405,46.2,165,0,0,0,0,0,0
1940,L61459,L,301.1,312.0,1384,24.0,178,0,0,0,0,0,0
1941,L19581,L,299.3,309.0,1454,42.9,225,0,0,0,0,0,0
1942,L67175,L,299.8,310.8,1326,33.2,35,0,0,0,0,0,0
1943,L98586,L,297.1,307.2,1112,45.4,67,0,0,0,0,0,0
1944,L10736,L,304.7,314.9,1312,30.7,102,0,0,0,0,0,0
1945,M34790,M,300.1,308.0,1491,50.4,205,0,0,0,0,0,0
1946,H81461,H,301.0,310.0,1473,37.6,226,1,1,0,0,0,0
1947,L75901,L,298.9,308.0,1599,33.9,70,0,0,0,0,0,0
1948,H57566,H,298.7,308.4,1652,32.8,128,0,0,0,0,0,0
1949,L94014,L,303.8,313.9,1419,48.7,154,0,0,0,0,0,0
1950,H47128,H,296.2,306.3,1215,32.8,42,0,0,0,0,0,0
1951,H69869,H,300.6,310.8,1573,50.6,200,0,0,0,0,0,0
1952,L49544,L,297.6,306.9,1498,42.1,119,0,0,0,0,0,0
1953,M97181,M,299.2,309.9,1453,26.1,226,1,1,0,0,0,0
1954,H50773,H,298.7,310.5,1720,40.3,139,0,0,0,0,0,0
1955,H20228,H,298.0,307.7,1581,40.5,211,0,0,0,0,0,0
1956,H86593,H,300.1,309.4,1522,25.8,12,0,0,0,0,0,0
1957,L46791,L,294.9,304.2,1529,40.1,111,0,0,0,0,0,0
1958,L71895,L,299.4,309.5,1653,45.4,106,0,0,0,0,0,0
1959,M46484,M,299.8,309.3,1376,51.3,49,0,0,0,0,0,0
1960,M35741,M,297.3,305.6,1342,50.8,142,1,0,1,0,0,0
1961,M32372,M,303.0,311.6,1458,63.9,190,1,0,0,1,0,0
1962,L11128,L,298.8,309.8,1288,40.0,125,0,0,0,0,0,0
1963,L18169,L,299.5,310.8,1492,45.5,210,0,0,0,0,0,0
1964,L43898,L,298.8,310.4,1517,33.9,74,0,0,0,0,0,0
1965,M79776,M,299.8,310.1,1488,58.8,75,0,0,0,0,0,0
1966,L27067,L,302.6,311.6,1435,31.1,42,0,0,0,0,0,0
1967,M72726,M,304.9,314.5,1798,58.4,198,1,0,0,1,0,0
1968,M64619,M,301.5,310.0,1669,57.1,37,1,0,0,1,0,0
1969,L71994,L,302.2,310.6,1483,32.2,38,0,0,0,0,0,0
1970,L67674,L,303.4,313.7,1517,50.4,2,0,0,0,0,0,0
1971,L86684,L,300.5,311.0,1748,44.6,98,0,0,0,0,0,0
1972,H39036,H,303.1,315.1,1395,35.9,111,0,0,0,0,0,0
1973,M70243,M,301.6,311.5,1326,38.6,114,0,0,0,0,0,0
1974,L87670,L,300.3,308.9,1541,42.7,194,0,0,0,0,0,0
1975,L69448,L,300.7,310.6,1575,43.6,105,0,0,0,0,0,0
1976,L98394,L,296.4,306.1,1588,54.9,1,0,0,0,0,0,0
1977,L84004,L,300.6,310.1,1649,45.7,154,0,0,0,0,0,0
1978,H52292,H,296.9,307.3,1368,32.3,43,0,0,0,0,0,0
1979,M79538,M,296.7,305.5,1246,47.4,6,0,0,0,0,0,0
1980,L52521,L,300.4,310.5,1395,22.5,197,1,0,0,1,0,0
1981,M91778,M,297.8,308.4,1605,36.1,62,0,0,0,0,0,0
1982,L17055,L,300.0,311.4,1334,37.1,191,0,0,0,0,0,0
1983,M99269,M,300.3,310.6,1152,46.6,162,0,0,0,0,0,0
1984,L89054,L,300.4,311.4,1526,57.7,223,1,0,0,0,1,0
1985,M36930,M,298.2,307.7,1398,42.2,91,0,0,0,0,0,0
1986,H22895,H,301.8,311.5,1189,36.4,164,0,0,0,0,0,0
1987,L62185,L,299.8,311.2,1513,33.0,144,0,0,0,0,0,0
1988,M66562,M,300.9,309.5,1430,48.4,198,0,0,0,0,0,0
1989,H43444,H,297.6,307.2,1802,38.1,83,0,0,0,0,0,0
1990,L68074,L,299.6,310.8,1516,35.0,152,0,0,0,0,0,0
1991,L58098,L,302.2,312.0,1605,49.5,137,0,0,0,0,0,0
1992,M41087,M,301.9,311.7,1497,51.7,11,0,0,0,0,0,0
1993,L53179,L,298.4,308.1,1392,30.4,9,0,0,0,0,0,0
1994,L18933,L,298.9,309.0,1412,25.0,228,0,0,0,0,0,0
1995,L58947,L,298.0,309.1,1695,39.0,162,0,0,0,0,0,0
1996,M68897,M,298.7,309.6,1635,28.6,155,0,0,0,0,0,0
1997,L96819,L,297.2,307.2,1232,27.2,188,0,0,0,0,0,0
1998,L40774,L,299.7,310.8,1275,29.6,4,0,0,0,0,0,0
1999,M17913,M,301.3,311.6,1285,50.5,59,0,0,0,0,0,0
2000,L23761,L,298.4,309.3,1691,46.5,164,0,0,0,0,0,0
2001,M89115,M,299.8,308.8,1188,64.6,182,0,0,0,0,0,0
2002,L92254,L,299.6,311.3,1642,33.6,159,0,0,0,0,0,0
2003,H80672,H,302.1,312.3,1572,53.3,104,0,0,0,0,0,0
2004,M53791,M,298.8,306.0,1526,44.9,149,0,0,0,0,0,0
2005,L98417,L,298.8,310.5,1415,34.4,177,0,0,0,0,0,0
2006,M73038,M,298.3,308.3,1714,38.5,103,0,0,0,0,0,0
2007,L30211,L,297.7,307.3,1520,34.4,143,0,0,0,0,0,0
2008,L37053,L,301.1,310.5,1240,42.6,20,0,0,0,0,0,0
2009,L95065,L,299.7,310.2,1282,49.9,43,0,0,0,0,0,0
2010,M23332,M,300.1,309.2,1204,36.3,195,0,0,0,0,0,0
2011,L74710,L,302.5,312.0,1716,48.5,96,0,0,0,0,0,0
2012,L13102,L,302.7,312.1,1756,52.7,197,1,0,0,1,0,0
2013,L72875,L,296.7,306.4,1696,54.9,171,1,0,0,1,0,0
2014,L41012,L,301.3,310.8,1474,28.3,92,0,0,0,0,0,0
2015,L11457,L,300.5,311.3,1243,39.5,195,0,0,0,0,0,0
2016,L14516,L,299.1,309.3,1310,47.1,32,0,0,0,0,0,0
2017,L26770,L,300.7,311.0,1322,29.1,41,0,0,0,0,0,0
2018,L99108,L,296.5,307.2,1492,26.9,104,0,0,0,0,0,0
2019,M97661,M,302.9,312.8,1750,39.7,166,0,0,0,0,0,0
2020,L30997,L,301.0,310.0,1749,35.9,75,0,0,0,0,0,0
2021,M37003,M,298.3,310.1,1412,38.3,82,0,0,0,0,0,0
2022,L21330,L,298.8,309.8,1097,35.3,218,0,0,0,0,0,0
2023,L55001,L,296.6,308.2,1290,61.6,228,1,1,0,0,1,0
2024,L83909,L,299.4,310.4,1714,35.4,231,1,1,0,0,0,0
2025,L57978,L,299.0,308.6,1542,45.9,6,0,0,0,0,0,0
2026,L81923,L,297.3,305.0,1436,45.2,202,0,0,0,0,0,0
2027,M97448,M,301.6,310.3,1423,23.1,193,0,0,0,0,0,0
2028,L99702,L,302.6,313.2,1365,54.7,65,0,0,0,0,0,0
2029,L39870,L,299.9,309.8,1283,46.3,57,0,0,0,0,0,0
2030,L31955,L,299.4,309.0,1873,41.6,9,0,0,0,0,0,0
2031,L53985,L,300.9,308.4,1809,50.6,208,1,0,0,1,0,0
2032,L14334,L,300.0,309.9,1352,39.5,154,0,0,0,0,0,0
2033,L50531,L,297.8,306.8,1184,48.8,4,0,0,0,0,0,0
2034,L75090,L,298.7,308.0,1530,21.2,57,0,0,0,0,0,0
2035,L27408,L,299.4,310.3,1473,48.2,210,0,0,0,0,0,0
2036,M82716,M,300.5,309.5,1613,41.8,152,0,0,0,0,0,0
2037,H86882,H,300.0,309.1,1654,42.0,217,0,0,0,0,0,0
2038,L41499,L,300.4,310.6,1289,31.6,37,0,0,0,0,0,0
2039,M37712,M,297.0,307.8,1730,37.8,241,0,0,0,0,0,0
2040,M94229,M,301.3,310.9,1436,37.5,52,0,0,0,0,0,0
2041,L83533,L,300.0,311.5,1609,28.6,77,0,0,0,0,0,0
2042,M79461,M,305.1,313.8,1453,43.6,234,1,1,0,0,0,0
2043,M40345,M,299.2,307.8,1666,55.7,79,1,0,0,1,0,0
2044,H46887,H,300.6,309.1,1075,25.8,151,1,0,0,1,0,0
2045,H72513,H,305.7,314.0,1633,44.9,87,0,0,0,0,0,0
2046,L74779,L,300.4,310.7,1350,35.8,187,0,0,0,0,0,0
2047,L31950,L,299.9,308.9,1513,34.6,79,0,0,0,0,0,0
2048,L10086,L,298.0,306.6,1724,40.7,112,0,0,0,0,0,0
2049,L15057,L,303.1,313.4,1355,40.9,21,0,0,0,0,0,0
2050,L40557,L,297.7,308.5,1327,41.8,233,1,1,0,0,0,0
2051,H51979,H,300.9,311.9,1433,28.7,229,0,0,0,0,0,0
2052,L25298,L,299.1,309.9,1422,50.9,203,0,0,0,0,0,0
2053,L12774,L,299.6,308.7,1311,40.8,221,0,0,0,0,0,0
2054,M37474,M,297.2,307.4,1519,45.9,152,0,0,0,0,0,0
2055,L88459,L,302.7,313.2,1528,52.1,22,0,0,0,0,0,0
2056,L28811,L,299.4,309.0,1583,20.8,18,0,0,0,0,0,0
2057,H69632,H,297.6,307.7,1352,46.3,199,0,0,0,0,0,0
2058,L74351,L,302.5,311.3,1330,38.4,131,0,0,0,0,0,0
2059,L65928,L,299.0,308.4,1479,50.2,70,0,0,0,0,0,0
2060,L84612,L,300.7,311.0,1456,32.0,9,0,0,0,0,0,0
2061,H35856,H,301.7,313.2,1459,49.4,249,1,1,0,0,0,0
2062,L26220,L,300.9,312.1,1373,29.4,24,0,0,0,0,0,0
2063,L24743,L,295.6,306.3,1559,44.0,92,0,0,0,0,0,0
2064,L47555,L,301.4,311.5,1330,42.8,172,0,0,0,0,0,0
2065,L57105,L,299.8,309.7,1478,38.4,158,0,0,0,0,0,0
2066,H63876,H,299.3,307.9,1445,29.7,32,0,0,0,0,0,0
2067,L89504,L,299.8,308.9,1494,36.3,157,0,0,0,0,0,0
2068,H23000,H,296.8,306.0,1713,49.2,85,0,0,0,0,0,0
2069,L64906,L,300.4,311.0,1263,54.9,43,0,0,0,0,0,0
2070,L42467,L,297.3,308.2,1070,59.5,156,0,0,0,0,0,0
2071,M72139,M,299.4,310.2,1393,45.3,228,0,0,0,0,0,0
2072,L27592,L,300.3,311.5,1293,42.5,190,0,0,0,0,0,0
2073,L11529,L,302.1,312.2,1000,44.5,41,0,0,0,0,0,0
2074,M60587,M,298.4,307.4,1814,59.3,44,1,0,0,1,0,0
2075,L37380,L,302.9,312.9,1601,45.2,119,0,0,0,0,0,0
2076,L91183,L,301.9,311.2,1620,40.9,5,0,0,0,0,0,0
2077,H75731,H,299.1,309.8,1449,37.2,5,0,0,0,0,0,0
2078,L51655,L,297.8,307.4,1576,38.4,64,0,0,0,0,0,0
2079,L44372,L,297.1,307.0,1424,43.9,27,0,0,0,0,0,0
2080,L70394,L,300.5,311.2,1647,32.5,138,0,0,0,0,0,0
2081,L51407,L,298.5,307.8,1534,33.7,11,0,0,0,0,0,0
2082,L74828,L,302.4,313.4,1493,39.4,62,0,0,0,0,0,0
2083,M75827,M,298.6,307.3,1507,35.5,15,0,0,0,0,0,0
2084,L99157,L,298.2,308.5,1764,46.0,134,0,0,0,0,0,0
2085,M38055,M,300.5,310.4,1530,46.7,89,0,0,0,0,0,0
2086,L66510,L,298.6,309.5,1315,42.6,21,0,0,0,0,0,0
2087,L54474,L,300.0,308.6,1561,44.9,90,0,0,0,0,0,0
2088,L26653,L,302.0,310.4,1588,41.2,0,0,0,0,0,0,0
2089,M30762,M,300.2,311.0,1474,3.0,209,1,0,0,1,0,0
2090,L10936,L,300.2,309.9,1491,31.2,92,0,0,0,0,0,0
2091,L36969,L,300.4,310.3,1308,47.1,168,0,0,0,0,0,0
2092,M22504,M,296.6,306.0,1517,31.6,179,0,0,0,0,0,0
2093,L26601,L,300.8,311.7,1281,48.6,140,0,0,0,0,0,0
2094,L21220,L,300.3,310.6,1455,49.1,149,0,0,0,0,0,0
2095,H10179,H,301.8,312.0,1380,37.3,108,0,0,0,0,0,0
2096,L57069,L,301.2,310.0,1677,34.1,103,0,0,0,0,0,0
2097,L93774,L,299.6,310.1,1779,40.1,77,0,0,0,0,0,0
2098,L49533,L,302.1,311.1,1294,39.6,18,0,0,0,0,0,0
2099,L55518,L,299.4,308.8,1499,46.3,88,0,0,0,0,0,0
2100,L65312,L,300.5,309.1,1444,16.6,117,1,0,0,1,0,0
2101,M62292,M,299.4,309.2,1584,32.7,34,0,0,0,0,0,0
2102,L16993,L,300.9,312.0,1517,29.9,230,0,0,0,0,0,0
2103,M50067,M,299.2,309.5,1430,14.8,2,1,0,0,1,0,0
2104,H83829,H,303.3,312.9,1517,35.1,57,0,0,0,0,0,0
2105,M29460,M,304.0,314.1,1461,25.0,172,0,0,0,0,0,0
2106,M19803,M,301.7,311.9,1786,36.1,208,0,0,0,0,0,0
2107,M67906,M,303.1,313.1,1357,35.1,120,0,0,0,0,0,0
2108,H71513,H,296.9,307.1,1546,44.5,149,0,0,0,0,0,0
2109,L75186,L,297.2,306.1,1592,37.5,69,0,0,0,0,0,0
2110,L72359,L,299.4,309.5,1579,23.1,241,1,1,0,0,0,0
2111,L36709,L,300.1,308.3,1446,43.5,163,0,0,0,0,0,0
2112,L61113,L,299.6,310.2,1746,64.2,33,1,0,0,1,0,0
2113,L86559,L,296.7,305.6,1124,50.8,186,0,0,0,0,0,0
2114,M25736,M,302.3,313.5,1303,46.8,32,0,0,0,0,0,0
2115,L72314,L,304.3,311.9,1619,38.0,102,0,0,0,0,0,0
2116,H65162,H,302.6,314.2,1342,35.1,124,0,0,0,0,0,0
2117,L34602,L,302.2,310.5,1331,34.4,183,1,0,1,0,0,0
2118,L93232,L,300.5,309.3,1416,42.4,252,1,1,0,0,0,0
2119,L24876,L,298.3,308.6,1359,28.6,94,0,0,0,0,0,0
2120,L82465,L,300.1,310.8,1615,42.2,171,0,0,0,0,0,0
2121,L61132,L,304.2,313.9,1663,33.4,170,0,0,0,0,0,0
2122,L21693,L,299.3,310.2,1516,22.9,47,0,0,0,0,0,0
2123,L49653,L,299.1,308.3,1690,33.2,163,0,0,0,0,0,0
2124,L39796,L,302.2,311.8,1250,52.5,222,0,0,0,0,0,0
2125,L47527,L,302.3,312.0,1514,41.4,141,0,0,0,0,0,0
2126,L81086,L,298.3,307.8,1743,4.5,121,1,0,0,1,0,0
2127,L67811,L,299.5,307.5,1676,33.3,164,0,0,0,0,0,0
2128,L27711,L,299.0,309.0,1759,49.0,204,0,0,0,0,0,0
2129,L76875,L,300.1,310.0,1394,37.0,57,0,0,0,0,0,0
2130,L74341,L,302.2,313.3,1665,45.2,41,0,0,0,0,0,0
2131,L18432,L,298.4,307.1,1423,36.0,165,0,0,0,0,0,0
2132,M92650,M,302.2,311.5,1607,41.8,9,0,0,0,0,0,0
2133,H10592,H,300.2,311.4,1736,40.4,209,0,0,0,0,0,0
2134,H35587,H,304.7,314.9,1357,33.5,76,0,0,0,0,0,0
2135,L36110,L,300.6,311.2,1166,45.7,28,0,0,0,0,0,0
2136,L18476,L,299.8,310.3,1833,55.3,193,1,0,0,1,0,0
2137,L69662,L,301.1,311.6,1588,43.8,56,0,0,0,0,0,0
2138,M51418,M,299.3,311.1,1481,41.0,102,0,0,0,0,0,0
2139,M83426,M,296.4,306.5,1471,31.6,105,0,0,0,0,0,0
2140,M38202,M,299.5,308.5,1123,49.4,208,0,0,0,0,0,0
2141,M86926,M,299.5,310.1,1538,34.9,67,0,0,0,0,0,0
2142,L55808,L,296.8,306.2,1404,45.6,160,0,0,0,0,0,0
2143,M10497,M,299.9,309.7,1509,47.6,253,1,1,0,0,0,0
2144,M37247,M,295.9,306.2,1505,49.9,152,0,0,0,0,0,0
2145,L42577,L,299.3,308.5,1000,50.1,36,0,0,0,0,0,0
2146,H55343,H,300.5,310.0,1588,49.7,72,0,0,0,0,0,0
2147,L73382,L,300.2,310.7,1534,27.4,135,0,0,0,0,0,0
2148,H24203,H,299.2,308.6,1558,31.4,82,0,0,0,0,0,0
2149,M82610,M,299.8,310.8,1467,26.3,131,0,0,0,0,0,0
2150,L25545,L,298.4,307.4,1509,25.6,137,0,0,0,0,0,0
2151,M99539,M,300.0,309.0,1531,55.3,186,0,0,0,0,0,0
2152,L44627,L,300.1,312.0,1549,30.1,158,0,0,0,0,0,0
2153,M94368,M,298.2,306.7,1586,28.7,177,0,0,0,0,0,0
2154,M18070,M,300.5,310.5,1551,39.4,55,0,0,0,0,0,0
2155,M28286,M,300.5,312.4,1833,32.5,107,0,0,0,0,0,0
2156,M98557,M,299.7,309.6,1369,62.6,209,0,0,0,0,0,0
2157,L25079,L,304.8,316.2,1433,37.3,190,0,0,0,0,0,0
2158,L39036,L,299.7,310.4,1805,44.5,46,0,0,0,0,0,0
2159,L60492,L,299.4,309.4,1472,32.2,16,0,0,0,0,0,0
2160,L27995,L,299.2,309.0,1668,23.4,165,0,0,0,0,0,0
2161,L41319,L,298.1,305.9,1524,32.7,112,0,0,0,0,0,0
2162,L73295,L,301.4,311.1,1459,32.8,104,0,0,0,0,0,0
2163,L53115,L,298.6,308.9,1678,32.8,6,0,0,0,0,0,0
2164,L47893,L,298.9,309.1,1593,24.0,97,0,0,0,0,0,0
2165,M70347,M,298.9,311.4,1224,41.4,45,0,0,0,0,0,0
2166,L96209,L,298.0,308.3,1531,36.6,9,0,0,0,0,0,0
2167,M85797,M,296.5,307.1,1321,24.6,101,0,0,0,0,0,0
2168,L14765,L,299.1,310.2,1729,41.1,209,0,0,0,0,0,0
2169,L66598,L,301.7,312.3,1816,47.6,226,1,1,0,0,0,0
2170,L53119,L,300.4,310.3,1837,52.0,60,1,0,0,1,0,0
2171,L48739,L,303.1,313.0,1564,15.8,70,1,0,0,1,0,0
2172,L31109,L,301.5,311.2,1417,32.7,25,0,0,0,0,0,0
2173,L34065,L,301.0,311.5,1558,26.3,230,1,1,0,0,0,0
2174,L73284,L,303.8,313.6,1331,33.5,16,0,0,0,0,0,0
2175,L97674,L,299.8,310.4,1922,53.9,237,1,0,0,1,1,0
2176,L59100,L,300.1,309.1,1715,32.7,162,0,0,0,0,0,0
2177,L28748,L,300.0,310.1,1555,35.2,199,0,0,0,0,0,0
2178,M31428,M,303.1,314.6,1679,31.7,56,0,0,0,0,0,0
2179,L27062,L,300.0,309.8,1411,56.3,154,0,0,0,0,0,0
2180,H57256,H,298.7,310.5,1301,17.0,28,1,0,0,1,0,0
2181,M73762,M,301.2,311.3,1102,34.4,167,0,0,0,0,0,0
2182,H80072,H,298.4,308.3,1515,31.3,152,0,0,0,0,0,0
2183,M68047,M,301.1,311.2,1463,22.8,208,0,0,0,0,0,0
2184,L97728,L,300.8,310.5,1593,51.0,163,0,0,0,0,0,0
2185,L90417,L,299.6,307.6,1502,22.0,246,0,0,0,0,0,0
2186,L30407,L,301.1,312.0,1585,35.4,124,0,0,0,0,0,0
2187,M92118,M,297.0,309.2,1646,39.2,140,0,0,0,0,0,0
2188,L14887,L,300.3,310.8,1237,32.5,19,0,0,0,0,0,0
2189,L77002,L,299.1,309.6,1656,22.7,27,0,0,0,0,0,0
2190,H60921,H,305.7,315.5,1427,38.3,44,0,0,0,0,0,0
2191,L12535,L,300.3,311.5,1593,32.4,30,0,0,0,0,0,0
2192,L37753,L,298.8,308.8,1684,48.1,35,0,0,0,0,0,0
2193,M88086,M,297.2,307.5,1685,45.2,66,0,0,0,0,0,0
2194,L77038,L,302.6,311.0,1523,59.4,70,0,0,0,0,0,0
2195,L60996,L,299.3,308.8,1532,41.1,176,0,0,0,0,0,0
2196,M79136,M,298.4,308.8,1661,45.9,123,0,0,0,0,0,0
2197,L27553,L,300.7,311.6,1230,36.4,235,0,0,0,0,0,0
2198,L27029,L,301.3,312.2,1329,57.1,87,0,0,0,0,0,0
2199,L65606,L,301.3,309.7,1450,40.1,16,0,0,0,0,0,0
2200,M50250,M,300.0,308.6,1260,39.0,214,0,0,0,0,0,0
2201,L30459,L,300.3,310.9,1451,45.4,213,0,0,0,0,0,0
2202,H12132,H,300.5,309.7,1441,33.6,92,0,0,0,0,0,0
2203,M49580,M,300.7,311.6,1516,35.0,18,0,0,0,0,0,0
2204,L75297,L,300.8,309.2,1490,45.4,223,0,0,0,0,0,0
2205,L44252,L,302.2,312.1,1692,47.3,236,1,1,0,0,0,0
2206,L59225,L,300.1,310.1,1603,46.0,252,0,0,0,0,0,0
2207,M27456,M,298.4,308.8,1487,39.2,99,0,0,0,0,0,0
2208,L98114,L,299.7,308.7,1440,42.7,32,0,0,0,0,0,0
2209,L82797,L,301.5,309.5,1491,49.6,96,0,0,0,0,0,0
2210,L40430,L,296.4,306.6,1495,29.1,148,0,0,0,0,0,0
2211,H53875,H,296.4,307.0,1953,40.0,11,0,0,0,0,0,0
2212,L69122,L,301.8,312.8,1238,10.9,69,1,0,0,1,0,0
2213,M23104,M,303.0,312.7,1333,47.4,238,1,1,0,0,0,0
2214,L61545,L,297.5,308.2,1307,32.2,11,0,0,0,0,0,0
2215,H31390,H,300.2,310.7,1548,32.4,38,0,0,0,0,0,0
2216,L59938,L,299.2,310.5,1541,38.8,147,0,0,0,0,0,0
2217,L54825,L,299.5,309.4,1397,46.2,242,0,0,0,0,0,0
2218,H48185,H,300.6,308.9,1661,63.9,238,1,0,0,1,1,0
2219,H67298,H,297.4,307.3,1567,24.5,65,0,0,0,0,0,0
2220,L43565,L,297.8,307.9,1669,31.5,155,0,0,0,0,0,0
2221,L79322,L,299.4,309.9,1717,42.3,244,0,0,0,0,0,0
2222,L30701,L,299.7,308.2,1116,32.7,159,0,0,0,0,0,0
2223,L14126,L,297.7,307.4,1623,48.4,56,0,0,0,0,0,0
2224,L72211,L,301.6,312.4,1268,38.3,175,0,0,0,0,0,0
2225,M63873,M,299.2,309.1,1545,48.9,129,0,0,0,0,0,0
2226,L73333,L,299.2,308.9,1487,37.5,125,0,0,0,0,0,0
2227,M45004,M,300.6,312.5,1495,45.4,124,0,0,0,0,0,0
2228,L70022,L,299.7,308.7,1283,30.4,28,0,0,0,0,0,0
2229,L14229,L,301.7,312.9,1685,59.4,200,1,0,0,1,0,0
2230,M98010,M,298.1,309.2,1268,23.0,88,1,0,0,1,0,0
2231,L89556,L,297.2,307.0,1635,32.9,47,0,0,0,0,0,0
2232,M39320,M,299.4,309.3,1242,25.8,112,0,0,0,0,0,0
2233,L37329,L,300.1,310.1,1497,48.0,163,0,0,0,0,0,0
2234,H24501,H,297.5,307.7,1825,45.4,140,0,0,0,0,0,0
2235,M97081,M,297.2,306.6,1925,27.8,207,0,0,0,0,0,0
2236,M15323,M,300.4,309.9,1209,50.0,213,0,0,0,0,0,0
2237,L84168,L,298.5,308.1,1373,33.0,157,0,0,0,0,0,0
2238,L21968,L,297.1,306.8,1406,43.9,140,0,0,0,0,0,0
2239,L97169,L,301.9,311.6,1906,46.2,143,0,0,0,0,0,0
2240,L33850,L,298.7,306.5,1488,37.6,99,0,0,0,0,0,0
2241,L49513,L,302.3,312.4,1693,49.1,119,0,0,0,0,0,0
2242,L15390,L,300.1,309.5,1554,38.6,133,0,0,0,0,0,0
2243,L36481,L,300.6,308.7,1284,43.4,203,1,0,1,0,0,0
2244,L94937,L,299.6,309.2,1165,37.3,189,0,0,0,0,0,0
2245,L63154,L,294.7,304.3,1390,21.3,49,1,0,0,1,0,0
2246,L39264,L,297.7,309.0,1917,38.8,247,0,0,0,0,0,0
2247,L90154,L,299.7,309.2,1546,31.3,244,0,0,0,0,0,0
2248,M93765,M,300.7,311.4,1690,53.9,71,1,0,0,1,0,0
2249,L46952,L,296.4,307.8,1245,26.4,253,1,1,0,0,0,0
2250,L43851,L,299.9,309.3,1441,52.3,133,0,0,0,0,0,0
2251,L85152,L,297.8,307.7,1640,38.2,57,0,0,0,0,0,0
2252,M58603,M,300.5,312.2,1304,44.1,182,0,0,0,0,0,0
2253,L35660,L,300.0,310.2,1488,26.2,12,0,0,0,0,0,0
2254,L63521,L,301.5,311.9,1342,36.9,174,0,0,0,0,0,0
2255,H42700,H,302.1,311.7,1649,33.4,211,0,0,0,0,0,0
2256,L45883,L,300.9,311.6,1572,61.0,89,1,0,0,1,0,0
2257,H69636,H,301.7,311.7,1623,33.1,85,0,0,0,0,0,0
2258,M42179,M,299.3,307.5,1657,51.5,69,0,0,0,0,0,0
2259,L57390,L,305.6,315.3,1459,51.7,103,0,0,0,0,0,0
2260,L69675,L,297.6,306.4,1681,51.4,145,0,0,0,0,0,0
2261,M91806,M,298.9,309.1,1394,34.1,193,0,0,0,0,0,0
2262,H91091,H,301.8,310.9,1613,58.0,224,1,0,0,1,0,0
2263,L89767,L,301.5,312.0,1145,60.1,139,0,0,0,0,0,0
2264,L77305,L,301.0,311.0,1366,43.7,120,0,0,0,0,0,0
2265,L51162,L,301.4,310.1,1917,35.3,95,0,0,0,0,0,0
2266,L49671,L,295.8,305.3,1610,31.4,151,0,0,0,0,0,0
2267,M16075,M,303.2,313.8,1610,44.7,37,0,0,0,0,0,0
2268,L80679,L,299.6,310.7,1352,40.6,118,0,0,0,0,0,0
2269,M94012,M,302.5,311.6,1303,41.8,129,0,0,0,0,0,0
2270,M66949,M,295.9,304.8,1452,26.5,159,0,0,0,0,0,0
2271,M93823,M,300.5,312.5,1488,40.3,17,0,0,0,0,0,0
2272,M56014,M,298.9,308.9,1845,51.4,109,1,0,0,1,0,0
2273,M20234,M,301.1,311.2,1683,48.2,193,0,0,0,0,0,0
2274,M89636,M,300.6,309.9,1520,35.9,198,0,0,0,0,0,0
2275,M46680,M,300.7,310.9,1512,38.9,137,0,0,0,0,0,0
2276,L55420,L,297.9,309.6,1636,25.3,221,0,0,0,0,0,0
2277,L65112,L,299.9,310.1,1263,33.3,191,0,0,0,0,0,0
2278,L49530,L,299.6,310.7,1154,36.6,202,0,0,0,0,0,0
2279,M49438,M,301.0,311.0,1634,46.3,201,0,0,0,0,0,0
2280,M70039,M,302.0,311.0,1513,32.9,184,0,0,0,0,0,0
2281,L38799,L,300.3,309.6,1264,29.6,217,0,0,0,0,0,0
2282,L49018,L,297.4,306.3,1123,47.6,25,0,0,0,0,0,0
2283,L23400,L,300.2,310.4,1661,35.8,127,0,0,0,0,0,0
2284,M35817,M,305.2,316.4,1406,31.6,209,0,0,0,0,0,0
2285,L75005,L,303.3,313.5,1572,48.1,28,0,0,0,0,0,0
2286,L56353,L,294.1,303.7,1453,44.6,39,0,0,0,0,0,0
2287,M42978,M,300.1,309.3,1494,37.9,102,0,0,0,0,0,0
2288,M94415,M,301.9,312.2,1393,36.5,143,0,0,0,0,0,0
2289,L28046,L,299.6,308.4,1486,43.8,183,0,0,0,0,0,0
2290,L55159,L,299.1,307.9,1604,45.4,142,0,0,0,0,0,0
2291,H16052,H,299.5,310.4,1450,42.1,55,0,0,0,0,0,0
2292,M99084,M,301.1,310.8,1440,41.2,215,0,0,0,0,0,0
2293,M85600,M,297.7,307.4,1609,33.9,67,0,0,0,0,0,0
2294,L83810,L,302.4,312.2,1621,34.5,217,0,0,0,0,0,0
2295,L34242,L,299.9,310.6,1295,38.3,125,0,0,0,0,0,0
2296,L53674,L,298.1,308.3,1495,30.4,10,0,0,0,0,0,0
2297,M50737,M,302.2,311.5,1406,29.2,121,0,0,0,0,0,0
2298,L40374,L,296.9,306.2,1502,39.1,165,0,0,0,0,0,0
2299,L12090,L,298.9,308.7,1758,49.9,223,0,0,0,0,0,0
2300,M68102,M,298.9,309.2,1565,19.3,147,1,0,0,1,0,0
2301,H11692,H,304.3,314.3,1890,36.1,251,1,1,0,0,0,0
2302,M95923,M,298.6,308.5,1540,42.7,96,0,0,0,0,0,0
2303,L23117,L,295.7,305.7,1470,50.7,62,0,0,0,0,0,0
2304,L47260,L,298.8,308.8,1496,58.0,112,0,0,0,0,0,0
2305,L37149,L,300.9,310.1,1526,37.4,167,0,0,0,0,0,0
2306,L29222,L,301.6,312.7,1558,59.7,24,1,0,0,1,0,0
2307,L98622,L,304.6,314.1,1321,44.6,23,0,0,0,0,0,0
2308,L21783,L,302.8,312.9,1458,48.1,158,0,0,0,0,0,0
2309,L82253,L,300.4,308.3,1370,29.3,97,0,0,0,0,0,0
2310,M56521,M,298.2,308.0,1685,44.5,198,0,0,0,0,0,0
2311,H70988,H,303.2,312.1,1153,49.0,67,0,0,0,0,0,0
2312,L49971,L,299.3,308.3,1528,33.1,110,0,0,0,0,0,0
2313,L10640,L,298.7,311.1,1227,13.9,130,1,0,0,1,0,0
2314,L56277,L,299.2,309.4,1578,41.5,238,0,0,0,0,0,0
2315,L12396,L,297.5,308.7,1428,37.9,2,0,0,0,0,0,0
2316,L53750,L,299.1,309.9,1173,53.4,55,0,0,0,0,0,0
2317,L62029,L,299.5,310.5,1670,34.6,23,0,0,0,0,0,0
2318,M61677,M,301.5,311.3,1047,32.9,251,0,0,0,0,0,0
2319,L73825,L,299.2,310.8,1494,28.3,33,0,0,0,0,0,0
2320,H38252,H,297.5,308.3,1624,33.7,208,0,0,0,0,0,0
2321,L98671,L,296.8,306.8,1748,66.7,132,1,0,0,1,0,0
2322,L52800,L,300.4,310.7,1210,24.1,198,1,0,0,1,0,0
2323,L72358,L,300.1,310.0,1407,26.6,76,0,0,0,0,0,0
2324,L48465,L,298.9,308.9,1695,39.5,120,0,0,0,0,0,0
2325,L42840,L,299.1,309.0,1707,59.7,247,1,1,0,1,1,0
2326,H57413,H,300.8,311.2,1731,47.4,24,0,0,0,0,0,0
2327,L85090,L,302.8,314.5,1961,55.5,157,1,0,0,1,0,0
2328,L50473,L,298.4,307.2,1408,36.1,242,0,0,0,0,0,0
2329,L16022,L,300.2,311.3,1567,26.1,32,0,0,0,0,0,0
2330,L68509,L,301.9,311.5,1438,35.5,213,0,0,0,0,0,0
2331,L41371,L,298.4,309.7,1144,38.8,70,0,0,0,0,0,0
2332,L73940,L,300.0,309.6,1484,40.1,51,0,0,0,0,0,0
2333,M84949,M,299.9,310.3,1141,37.9,42,0,0,0,0,0,0
2334,L46036,L,297.4,307.2,1406,45.9,186,0,0,0,0,0,0
2335,L93504,L,300.3,308.6,1236,32.9,9,1,0,1,0,0,0
2336,M75861,M,300.1,311.8,1579,30.7,106,0,0,0,0,0,0
2337,M70504,M,301.1,310.2,1360,28.0,176,0,0,0,0,0,0
2338,L92111,L,297.6,307.7,1179,42.1,35,0,0,0,0,0,0
2339,L89121,L,300.0,309.0,1656,41.1,57,0,0,0,0,0,0
2340,L79163,L,302.8,311.4,1391,50.9,39,0,0,0,0,0,0
2341,L98932,L,304.2,314.0,1422,55.5,7,0,0,0,0,0,0
2342,L79750,L,302.6,312.0,1324,27.9,115,0,0,0,0,0,0
2343,M86840,M,297.6,306.5,1707,40.2,126,0,0,0,0,0,0
2344,L75968,L,300.9,310.9,1549,37.9,239,0,0,0,0,0,0
2345,M51300,M,299.0,307.6,1390,24.6,184,0,0,0,0,0,0
2346,L45419,L,300.6,310.7,1155,34.7,245,0,0,0,0,0,0
2347,M82585,M,298.5,308.3,1952,55.7,191,1,0,0,1,0,0
2348,M95938,M,296.6,304.1,1856,33.7,248,1,1,0,0,0,0
2349,L62490,L,299.3,308.8,1760,32.0,63,0,0,0,0,0,0
2350,L27281,L,301.4,311.9,1373,39.5,42,0,0,0,0,0,0
2351,L82910,L,300.6,309.5,1410,49.1,99,0,0,0,0,0,0
2352,M36384,M,300.8,311.3,1572,37.0,124,0,0,0,0,0,0
2353,L76058,L,300.4,310.9,1339,41.3,209,0,0,0,0,0,0
2354,L28679,L,300.8,309.8,1322,17.2,137,1,0,0,1,0,0
2355,L87274,L,301.1,311.0,1763,45.7,241,1,1,0,0,0,0
2356,M53591,M,299.5,310.3,1490,42.2,73,0,0,0,0,0,0
2357,L43411,L,300.2,309.3,1298,48.8,146,0,0,0,0,0,0
2358,L77295,L,303.5,313.3,1671,21.3,165,0,0,0,0,0,0
2359,H73589,H,300.3,311.4,1397,37.0,39,0,0,0,0,0,0
2360,L33254,L,300.1,309.2,1144,49.6,199,0,0,0,0,0,0
2361,M16039,M,300.2,310.7,1296,34.4,162,0,0,0,0,0,0
2362,L96457,L,299.6,308.5,1407,40.5,49,0,0,0,0,0,0
2363,L97365,L,299.1,309.0,1540,35.9,105,0,0,0,0,0,0
2364,M69474,M,300.4,310.9,1531,36.1,162,0,0,0,0,0,0
2365,M19937,M,299.0,306.6,1721,51.7,186,0,0,0,0,0,0
2366,M94244,M,299.7,309.2,1457,25.8,106,0,0,0,0,0,0
2367,L51570,L,298.4,308.8,1416,39.5,183,0,0,0,0,0,0
2368,L64532,L,300.2,310.4,1724,42.5,66,0,0,0,0,0,0
2369,L70774,L,301.2,310.6,1676,49.4,77,0,0,0,0,0,0
2370,L62849,L,299.6,308.5,1462,38.8,3,0,0,0,0,0,0
2371,L30746,L,296.0,306.6,1553,49.7,123,0,0,0,0,0,0
2372,L96825,L,301.2,310.9,1414,39.5,48,0,0,0,0,0,0
2373,L57643,L,300.2,310.8,1291,41.2,152,0,0,0,0,0,0
2374,L95106,L,298.0,308.4,1896,40.8,244,1,1,0,0,0,0
2375,L22071,L,301.5,311.1,1402,46.6,253,1,1,0,0,0,0
2376,L72438,L,297.2,308.3,1553,45.4,95,0,0,0,0,0,0
2377,M26281,M,302.1,311.5,1227,28.9,186,0,0,0,0,0,0
2378,M20314,M,299.9,311.1,1633,42.2,243,0,0,0,0,0,0
2379,L89055,L,295.5,306.8,1283,45.4,132,0,0,0,0,0,0
2380,M20631,M,300.4,311.4,1802,54.6,84,1,0,0,1,0,0
2381,M13639,M,299.2,309.0,1824,29.9,39,0,0,0,0,0,0
2382,L13035,L,298.9,311.4,1602,45.4,45,0,0,0,0,0,0
2383,L42970,L,298.5,308.7,1521,36.5,216,0,0,0,0,0,0
2384,L23269,L,299.7,310.0,1466,41.9,66,0,0,0,0,0,0
2385,L16653,L,299.0,309.0,1491,29.3,68,0,0,0,0,0,0
2386,M59256,M,296.3,305.2,1574,39.9,189,0,0,0,0,0,0
2387,H28713,H,302.5,313.8,1516,43.2,212,0,0,0,0,0,0
2388,L50095,L,299.5,308.9,1677,30.3,53,0,0,0,0,0,0
2389,M19014,M,298.5,309.5,1335,54.5,174,0,0,0,0,0,0
2390,L72449,L,297.7,308.9,1775,24.6,113,0,0,0,0,0,0
2391,L47707,L,301.5,312.1,1424,45.4,70,0,0,0,0,0,0
2392,M90292,M,297.4,306.7,1366,15.7,132,1,0,0,1,0,0
2393,L82672,L,300.3,309.9,1565,37.5,197,0,0,0,0,0,0
2394,L43887,L,298.8,306.2,1577,44.8,25,0,0,0,0,0,0
2395,L39900,L,298.9,308.8,1187,47.1,18,0,0,0,0,0,0
2396,H88236,H,297.8,308.6,1413,38.9,231,0,0,0,0,0,0
2397,L42819,L,298.8,308.5,1109,37.6,244,1,1,0,0,0,0
2398,L90655,L,300.0,309.4,1378,45.7,134,0,0,0,0,0,0
2399,L18761,L,300.5,310.2,1386,49.5,36,0,0,0,0,0,0
2400,L71021,L,298.4,309.6,1554,53.8,20,0,0,0,0,0,0
2401,L50139,L,299.8,309.8,1358,27.1,39,0,0,0,0,0,0
2402,M85189,M,301.8,313.6,1401,38.0,72,0,0,0,0,0,0
2403,M17860,M,296.7,306.1,1735,18.1,173,1,0,0,1,0,0
2404,M93326,M,300.0,310.2,1872,26.3,28,0,0,0,0,0,0
2405,M99876,M,298.1,307.7,1334,33.0,35,0,0,0,0,0,0
2406,L51112,L,297.9,310.0,1683,48.7,180,0,0,0,0,0,0
2407,L69059,L,300.5,310.7,1570,35.2,65,0,0,0,0,0,0
2408,L55275,L,298.9,311.0,1187,37.1,55,0,0,0,0,0,0
2409,L64939,L,297.6,307.1,1358,43.0,147,0,0,0,0,0,0
2410,H56459,H,302.6,314.2,1000,33.3,20,0,0,0,0,0,0
2411,M69716,M,301.8,312.0,1558,20.1,159,1,0,0,1,0,0
2412,H51420,H,296.1,307.0,1306,32.5,5,0,0,0,0,0,0
2413,L99058,L,297.1,305.8,1524,38.8,59,0,0,0,0,0,0
2414,L95327,L,301.2,311.5,1963,44.7,114,0,0,0,0,0,0
2415,L81930,L,299.4,308.4,1787,37.9,160,0,0,0,0,0,0
2416,L18234,L,303.0,313.3,1362,44.5,52,0,0,0,0,0,0
2417,L30838,L,301.2,309.7,1318,49.2,222,0,0,0,0,0,0
2418,L42692,L,300.6,310.5,1733,51.2,233,0,0,0,0,0,0
2419,L21272,L,298.0,309.1,1319,41.7,122,0,0,0,0,0,0
2420,H91577,H,301.0,311.5,1678,28.6,69,0,0,0,0,0,0
2421,L34665,L,297.4,306.2,1992,27.5,28,0,0,0,0,0,0
2422,L79691,L,302.6,310.7,1622,28.5,237,0,0,0,0,0,0
2423,M91359,M,300.8,311.3,1713,29.3,34,0,0,0,0,0,0
2424,L35949,L,298.4,309.9,1692,41.0,76,0,0,0,0,0,0
2425,H75233,H,301.6,310.6,1400,58.9,83,0,0,0,0,0,0
2426,M69719,M,304.5,316.6,1552,42.1,68,0,0,0,0,0,0
2427,L67528,L,299.6,309.6,1328,39.2,1,0,0,0,0,0,0
2428,M10173,M,301.1,309.1,1732,49.6,52,0,0,0,0,0,0
2429,M59481,M,299.1,307.6,1305,31.7,189,0,0,0,0,0,0
2430,M57940,M,300.2,310.9,1626,50.4,52,0,0,0,0,0,0
2431,M10408,M,297.0,307.1,1704,49.7,193,0,0,0,0,0,0
2432,M92658,M,300.0,311.5,1412,40.6,105,0,0,0,0,0,0
2433,L78324,L,300.1,308.9,1370,60.9,20,0,0,0,0,0,0
2434,L65646,L,303.6,313.7,1469,51.2,209,0,0,0,0,0,0
2435,M42725,M,296.4,306.4,1339,40.5,161,0,0,0,0,0,0
2436,H91817,H,299.4,309.3,1528,38.6,155,0,0,0,0,0,0
2437,L48276,L,302.6,312.2,1335,35.7,38,0,0,0,0,0,0
2438,M16799,M,299.5,309.2,1348,38.7,158,0,0,0,0,0,0
2439,L99942,L,299.7,309.8,1598,39.0,202,0,0,0,0,0,0
2440,M58032,M,298.3,308.6,1611,36.8,252,0,0,0,0,0,0
2441,H63034,H,298.1,308.4,1447,37.9,170,0,0,0,0,0,0
2442,L71581,L,296.3,307.6,1204,28.1,109,0,0,0,0,0,0
2443,L24802,L,298.7,307.5,1711,34.3,207,0,0,0,0,0,0
2444,L12993,L,298.0,306.2,1419,24.0,13,0,0,0,0,0,0
2445,L51207,L,300.2,311.3,1871,44.1,106,0,0,0,0,0,0
2446,L87974,L,298.4,307.5,1476,40.8,185,0,0,0,0,0,0
2447,L99421,L,299.0,308.7,1524,38.8,91,0,0,0,0,0,0
2448,L33083,L,299.1,308.5,1422,48.9,15,0,0,0,0,0,0
2449,L98835,L,299.9,309.3,1544,31.4,28,0,0,0,0,0,0
2450,L87831,L,298.9,307.5,2126,32.9,42,0,0,0,0,0,0
2451,M83567,M,297.9,307.3,1437,25.2,210,0,0,0,0,0,0
2452,M35173,M,300.2,310.8,1730,50.2,182,0,0,0,0,0,0
2453,M75987,M,302.1,312.1,1516,46.1,193,0,0,0,0,0,0
2454,M98333,M,300.3,310.8,1711,53.3,230,1,1,0,1,0,0
2455,M62300,M,298.8,308.3,1152,55.8,77,0,0,0,0,0,0
2456,L89869,L,299.8,310.7,1850,35.8,188,0,0,0,0,0,0
2457,M34897,M,295.9,305.4,1561,32.9,92,0,0,0,0,0,0
2458,L87067,L,299.7,307.6,1452,22.0,199,0,0,0,0,0,0
2459,L25998,L,299.2,309.5,1663,29.0,176,0,0,0,0,0,0
2460,L71869,L,298.1,308.9,1526,36.8,250,0,0,0,0,0,0
2461,M42620,M,298.5,307.9,1293,19.4,192,1,0,0,1,0,0
2462,M46132,M,299.2,310.4,1064,29.2,1,1,0,0,1,0,0
2463,L76076,L,302.0,311.1,1829,39.2,177,0,0,0,0,0,0
2464,L51224,L,302.2,312.9,1460,48.9,26,0,0,0,0,0,0
2465,L85917,L,298.1,309.9,1390,32.8,138,0,0,0,0,0,0
2466,M62841,M,299.0,309.0,1404,41.3,40,0,0,0,0,0,0
2467,M56123,M,299.0,308.8,1764,58.6,125,1,0,0,1,0,0
2468,L34060,L,301.6,311.5,1412,21.9,201,1,0,0,1,0,0
2469,L68027,L,300.3,311.9,1616,50.9,73,0,0,0,0,0,0
2470,L33070,L,300.2,310.6,1440,43.8,39,0,0,0,0,0,0
2471,L77351,L,301.1,313.2,1274,52.7,80,0,0,0,0,0,0
2472,M53682,M,298.8,309.1,1662,49.7,44,0,0,0,0,0,0
2473,M57828,M,302.7,312.1,1699,33.4,46,0,0,0,0,0,0
2474,L57598,L,300.0,309.4,1378,40.0,176,0,0,0,0,0,0
2475,L13868,L,298.3,308.3,1493,25.4,178,0,0,0,0,0,0
2476,L81767,L,299.5,307.5,1517,34.8,134,0,0,0,0,0,0
2477,L99355,L,302.5,312.0,1580,40.3,64,0,0,0,0,0,0
2478,L77039,L,299.1,308.7,1855,43.0,134,0,0,0,0,0,0
2479,L26374,L,301.9,312.1,1442,47.9,240,0,0,0,0,0,0
2480,H66264,H,298.7,310.7,1441,55.8,97,0,0,0,0,0,0
2481,L24480,L,298.5,308.5,1468,35.6,107,0,0,0,0,0,0
2482,L68881,L,301.3,309.4,1330,51.4,125,1,0,1,0,0,0
2483,L49865,L,298.3,307.3,1190,42.7,45,0,0,0,0,0,0
2484,L88448,L,301.6,311.9,1524,26.9,62,0,0,0,0,0,0
2485,M62375,M,300.7,310.8,1595,38.5,175,0,0,0,0,0,0
2486,L15229,L,298.3,309.9,1500,41.2,41,0,0,0,0,0,0
2487,M88378,M,299.9,310.8,1489,31.6,153,0,0,0,0,0,0
2488,M61355,M,298.9,309.8,1338,29.6,98,0,0,0,0,0,0
2489,L89933,L,300.7,310.5,1545,29.3,77,0,0,0,0,0,0
2490,M15444,M,303.8,314.9,1531,34.6,139,0,0,0,0,0,0
2491,H31372,H,299.3,308.4,1585,31.4,57,0,0,0,0,0,0
2492,L19901,L,301.1,312.0,1558,52.3,78,0,0,0,0,0,0
2493,L36684,L,300.0,309.8,1571,15.5,133,1,0,0,1,0,0
2494,H52808,H,300.0,308.6,1737,41.1,166,0,0,0,0,0,0
2495,M68919,M,299.7,310.3,1603,45.3,212,0,0,0,0,0,0
2496,L45254,L,298.3,309.7,1587,30.4,209,0,0,0,0,0,0
2497,L53130,L,300.7,310.3,1186,37.7,126,0,0,0,0,0,0
2498,L76053,L,299.4,311.0,1690,36.6,19,0,0,0,0,0,0
2499,M47220,M,298.2,306.5,1446,39.2,48,0,0,0,0,0,0
2500,L83677,L,302.0,310.8,1514,46.6,0,0,0,0,0,0,0
2501,L20416,L,300.2,310.1,1271,45.7,47,0,0,0,0,0,0
2502,M81102,M,299.5,309.2,1876,34.0,8,0,0,0,0,0,0
2503,H82059,H,302.7,312.0,1055,25.0,181,1,0,0,1,0,0
2504,M62173,M,296.3,306.5,1768,41.7,138,0,0,0,0,0,0
2505,L36894,L,302.5,312.0,1577,33.4,9,0,0,0,0,0,0
2506,L10541,L,298.2,307.9,1157,34.7,156,0,0,0,0,0,0
2507,H98571,H,300.4,310.7,1867,42.2,206,0,0,0,0,0,0
2508,H12102,H,298.8,308.2,1592,35.6,7,0,0,0,0,0,0
2509,L17864,L,298.2,308.0,1076,43.1,32,0,0,0,0,0,0
2510,M27116,M,302.6,312.0,1424,65.1,119,1,0,0,1,0,0
2511,L27298,L,303.7,312.5,1596,46.9,11,0,0,0,0,0,0
2512,L34144,L,299.6,310.3,1808,53.4,5,1,0,0,1,0,0
2513,L29319,L,300.7,312.4,1426,45.1,147,0,0,0,0,0,0
2514,L51479,L,300.1,311.2,1024,40.8,142,0,0,0,0,0,0
2515,L90847,L,303.5,313.8,1763,45.3,204,0,0,0,0,0,0
2516,M44204,M,295.8,305.1,1590,44.8,20,0,0,0,0,0,0
2517,L22622,L,300.8,310.5,1098,48.6,227,0,0,0,0,0,0
2518,L23604,L,298.5,309.6,1562,40.6,5,0,0,0,0,0,0
2519,L86395,L,295.3,303.0,1581,26.9,76,0,0,0,0,0,0
2520,L18678,L,299.3,308.9,1442,25.3,12,0,0,0,0,0,0
2521,L95609,L,303.7,314.4,1351,44.6,62,0,0,0,0,0,0
2522,L11946,L,298.7,307.5,1390,28.7,206,0,0,0,0,0,0
2523,L13762,L,301.6,312.0,1441,46.9,32,0,0,0,0,0,0
2524,M16221,M,302.4,312.8,1564,53.4,51,0,0,0,0,0,0
2525,H93099,H,300.0,308.5,1642,37.8,155,0,0,0,0,0,0
2526,L10054,L,300.2,310.3,1113,52.1,5,0,0,0,0,0,0
2527,H89718,H,296.6,305.9,1546,42.6,152,0,0,0,0,0,0
2528,H12905,H,298.6,309.0,1588,40.3,226,0,0,0,0,0,0
2529,M74541,M,301.8,312.5,1530,40.7,18,0,0,0,0,0,0
2530,M50256,M,300.1,310.5,1427,31.7,1,0,0,0,0,0,0
2531,M32073,M,300.7,310.8,1756,30.4,103,0,0,0,0,0,0
2532,M70799,M,300.3,310.6,1742,23.6,215,0,0,0,0,0,0
2533,M74131,M,304.4,313.2,1434,32.7,237,0,0,0,0,0,0
2534,L47678,L,299.1,309.1,1485,61.4,203,1,0,0,1,0,0
2535,H19587,H,303.2,312.4,1639,25.1,164,0,0,0,0,0,0
2536,L33633,L,300.3,311.3,1731,28.2,108,0,0,0,0,0,0
2537,M11737,M,303.4,314.1,1353,31.9,200,0,0,0,0,0,0
2538,L65394,L,297.6,308.2,1312,32.4,191,0,0,0,0,0,0
2539,L42074,L,300.4,312.1,1549,42.7,46,0,0,0,0,0,0
2540,L66909,L,299.2,308.9,1298,33.9,181,0,0,0,0,0,0
2541,L58588,L,300.3,309.7,1150,38.0,201,0,0,0,0,0,0
2542,L73991,L,302.4,312.1,1352,31.5,228,0,0,0,0,0,0
2543,L50964,L,300.8,309.2,1575,35.2,185,0,0,0,0,0,0
2544,L35586,L,302.4,310.9,1780,39.4,185,0,0,0,0,0,0
2545,L66076,L,298.7,309.3,1372,38.7,228,0,0,0,0,0,0
2546,L96075,L,298.4,307.0,1478,59.8,49,0,0,0,0,0,0
2547,H72329,H,300.0,309.0,1528,39.7,139,0,0,0,0,0,0
2548,L25482,L,299.9,309.8,1383,37.9,226,0,0,0,0,0,0
2549,L33079,L,299.6,309.2,1369,15.0,160,1,0,0,1,0,0
2550,L96712,L,298.1,309.0,1560,42.4,236,0,0,0,0,0,0
2551,L74549,L,302.4,312.5,1284,20.2,13,1,0,0,1,0,0
2552,L66979,L,299.3,308.5,1362,45.5,54,0,0,0,0,0,0
2553,M75112,M,302.9,313.8,1464,41.4,56,0,0,0,0,0,0
2554,H34505,H,300.0,310.8,1558,48.0,20,0,0,0,0,0,0
2555,L92834,L,301.3,309.9,1227,33.7,158,0,0,0,0,0,0
2556,M27923,M,301.1,311.4,1476,40.3,102,0,0,0,0,0,0
2557,L94869,L,298.4,307.6,1268,46.8,61,0,0,0,0,0,0
2558,L30851,L,300.7,310.0,1377,30.7,184,0,0,0,0,0,0
2559,L38215,L,303.9,315.7,1642,46.1,171,0,0,0,0,0,0
2560,L68147,L,300.5,310.6,1487,45.6,10,0,0,0,0,0,0
2561,M54775,M,301.8,311.6,1800,38.7,111,0,0,0,0,0,0
2562,M96218,M,301.4,311.5,1487,55.8,182,0,0,0,0,0,0
2563,M86789,M,300.6,311.5,1674,45.2,26,0,0,0,0,0,0
2564,L88098,L,300.4,309.7,1643,23.3,201,0,0,0,0,0,0
2565,M61226,M,301.1,310.6,1498,49.9,156,0,0,0,0,0,0
2566,L98323,L,301.5,312.2,1263,33.4,182,0,0,0,0,0,0
2567,L75483,L,297.3,305.8,1481,48.0,63,0,0,0,0,0,0
2568,L38985,L,300.5,311.5,1404,43.0,189,0,0,0,0,0,0
2569,M63807,M,299.6,308.0,1397,13.6,44,1,0,0,1,0,0
2570,H44899,H,299.2,309.0,1528,46.0,218,0,0,0,0,0,0
2571,L34722,L,302.6,311.0,1239,37.8,52,1,0,1,0,0,0
2572,L77228,L,298.5,307.5,1343,35.4,68,0,0,0,0,0,0
2573,M46832,M,297.2,308.5,1318,35.8,170,0,0,0,0,0,0
2574,M32525,M,301.6,312.6,1454,47.9,84,0,0,0,0,0,0
2575,L87144,L,297.2,308.3,1362,30.8,78,0,0,0,0,0,0
2576,M40340,M,296.1,304.7,1374,51.1,16,0,0,0,0,0,0
2577,M76777,M,301.8,310.8,1524,24.8,207,0,0,0,0,0,0
2578,M35783,M,300.3,310.7,1420,43.0,116,0,0,0,0,0,0
2579,L44427,L,300.9,311.7,1501,47.7,99,0,0,0,0,0,0
2580,H46715,H,299.1,308.3,1299,47.5,62,0,0,0,0,0,0
2581,L53524,L,297.2,306.7,1351,41.8,140,0,0,0,0,0,0
2582,M79473,M,297.6,306.5,1867,37.9,142,0,0,0,0,0,0
2583,L41726,L,299.5,311.1,1374,34.5,1,0,0,0,0,0,0
2584,L10799,L,297.5,307.0,1121,27.8,22,1,0,0,1,0,0
2585,L23906,L,300.6,310.6,1562,33.1,155,0,0,0,0,0,0
2586,L12341,L,299.1,309.2,1373,30.4,72,0,0,0,0,0,0
2587,L92091,L,300.4,311.5,1544,28.7,249,0,0,0,0,0,0
2588,L10331,L,300.3,309.4,1484,58.0,63,0,0,0,0,0,0
2589,L92900,L,300.8,311.9,1599,22.8,38,0,0,0,0,0,0
2590,L67545,L,301.0,309.7,1482,51.3,11,0,0,0,0,0,0
2591,M10858,M,299.3,310.5,1459,27.6,174,0,0,0,0,0,0
2592,M42991,M,300.4,308.7,1707,29.8,74,0,0,0,0,0,0
2593,M79674,M,300.5,310.4,1101,29.6,69,0,0,0,0,0,0
2594,L52395,L,295.1,306.8,1261,28.9,28,0,0,0,0,0,0
2595,L82705,L,301.3,312.0,1351,49.2,13,0,0,0,0,0,0
2596,H51966,H,300.3,310.7,1195,45.9,58,0,0,0,0,0,0
2597,L42439,L,301.1,310.1,1414,37.7,100,0,0,0,0,0,0
2598,L28282,L,297.4,306.7,1396,67.1,168,1,0,0,1,0,0
2599,H69798,H,299.4,310.7,1675,39.8,26,0,0,0,0,0,0
2600,H81146,H,297.8,308.3,1484,40.6,93,0,0,0,0,0,0
2601,L71875,L,301.5,312.4,1462,33.1,251,0,0,0,0,0,0
2602,M26800,M,297.2,307.3,1432,32.0,172,0,0,0,0,0,0
2603,L41868,L,298.1,307.9,1311,34.7,253,1,1,0,0,0,0
2604,M71583,M,301.1,311.8,1660,48.5,20,0,0,0,0,0,0
2605,L29119,L,298.7,309.0,1718,45.7,102,0,0,0,0,0,0
2606,L76545,L,298.1,308.0,1282,52.9,58,0,0,0,0,0,0
2607,M92841,M,301.8,310.4,1792,32.8,238,0,0,0,0,0,0
2608,L32993,L,301.9,312.8,1379,45.9,229,0,0,0,0,0,0
2609,M43056,M,301.4,311.9,1365,43.1,144,0,0,0,0,0,0
2610,L73826,L,301.7,311.1,1585,44.3,78,0,0,0,0,0,0
2611,M76921,M,299.5,310.7,1601,31.4,138,0,0,0,0,0,0
2612,M29528,M,299.6,309.8,1487,29.6,220,0,0,0,0,0,0
2613,L53663,L,298.7,309.0,1438,45.4,145,0,0,0,0,0,0
2614,M57329,M,300.3,311.2,1711,48.7,194,0,0,0,0,0,0
2615,L84973,L,298.9,309.6,1388,33.8,174,0,0,0,0,0,0
2616,L74527,L,299.1,309.4,1488,46.1,25,0,0,0,0,0,0
2617,L23043,L,301.2,311.0,1805,52.0,192,1,0,0,1,0,0
2618,M23109,M,302.4,314.4,1259,36.4,53,0,0,0,0,0,0
2619,M91333,M,300.8,310.1,1417,25.6,220,0,0,0,0,0,0
2620,H70942,H,303.6,314.3,1685,26.9,78,0,0,0,0,0,0
2621,M87734,M,298.6,308.5,1595,33.2,143,0,0,0,0,0,0
2622,H21994,H,296.3,306.8,1661,35.5,72,0,0,0,0,0,0
2623,L57533,L,301.4,312.7,1262,39.6,2,0,0,0,0,0,0
2624,H16405,H,298.5,308.1,1558,39.8,197,0,0,0,0,0,0
2625,L52980,L,299.5,310.1,1449,37.3,181,0,0,0,0,0,0
2626,L41425,L,296.5,306.7,1909,46.8,234,0,0,0,0,0,0
2627,L38426,L,298.2,307.6,1646,32.4,145,0,0,0,0,0,0
2628,L29647,L,297.0,308.3,1496,52.6,48,0,0,0,0,0,0
2629,L21656,L,299.1,309.8,1551,49.4,43,0,0,0,0,0,0
2630,L23424,L,299.2,308.8,1510,48.7,98,0,0,0,0,0,0
2631,L58088,L,300.2,311.3,1626,33.4,84,0,0,0,0,0,0
2632,L33260,L,302.5,311.6,1346,38.8,103,0,0,0,0,0,0
2633,M37101,M,301.4,311.3,1746,47.2,57,0,0,0,0,0,0
2634,M78582,M,296.8,306.3,1262,38.0,250,0,0,0,0,0,0
2635,L46699,L,301.2,312.0,1537,33.0,22,0,0,0,0,0,0
2636,L87450,L,300.2,309.7,1352,32.6,187,0,0,0,0,0,0
2637,L66522,L,299.8,310.6,1508,33.1,144,0,0,0,0,0,0
2638,L94330,L,300.0,310.5,1678,28.4,141,0,0,0,0,0,0
2639,M73148,M,300.4,310.0,1192,68.7,155,0,0,0,0,0,0
2640,L95605,L,298.6,310.4,1469,20.5,229,1,1,0,1,0,0
2641,M75449,M,299.6,308.9,1241,30.2,171,0,0,0,0,0,0
2642,M66579,M,302.4,311.0,1450,46.0,69,0,0,0,0,0,0
2643,L43903,L,298.6,309.4,1240,33.2,68,0,0,0,0,0,0
2644,M72414,M,297.9,305.8,1529,36.5,210,0,0,0,0,0,0
2645,L46583,L,299.9,311.4,1423,44.0,121,0,0,0,0,0,0
2646,M37467,M,297.7,307.8,1634,50.3,178,0,0,0,0,0,0
2647,M12569,M,296.6,305.1,1721,37.3,95,0,0,0,0,0,0
2648,M90550,M,299.3,308.4,1502,49.2,187,0,0,0,0,0,0
2649,M36757,M,302.9,311.3,1661,23.0,107,0,0,0,0,0,0
2650,M41370,M,299.9,310.3,1749,33.9,125,0,0,0,0,0,0
2651,H81127,H,300.4,309.0,1334,44.9,235,1,1,0,0,0,0
2652,L76133,L,295.7,306.2,1758,59.7,125,1,0,0,1,0,0
2653,M70284,M,300.9,310.6,1493,30.3,57,0,0,0,0,0,0
2654,M80633,M,300.2,309.7,1324,28.6,134,0,0,0,0,0,0
2655,L97725,L,298.7,309.2,1554,43.4,2,0,0,0,0,0,0
2656,H98009,H,300.4,311.0,1487,40.5,71,0,0,0,0,0,0
2657,L52513,L,300.3,311.5,1247,32.8,153,0,0,0,0,0,0
2658,L12882,L,297.9,307.2,1302,27.8,18,0,0,0,0,0,0
2659,L21027,L,300.7,310.6,1795,34.9,115,0,0,0,0,0,0
2660,L32601,L,302.4,311.8,1550,45.2,152,0,0,0,0,0,0
2661,M58376,M,299.5,309.7,1767,36.7,57,0,0,0,0,0,0
2662,L52435,L,298.3,307.5,1425,51.7,55,0,0,0,0,0,0
2663,L64935,L,299.6,309.2,1356,38.6,169,0,0,0,0,0,0
2664,L81769,L,301.7,311.3,1197,46.0,246,1,1,0,0,0,0
2665,L74480,L,297.5,307.8,1674,42.8,78,0,0,0,0,0,0
2666,M75297,M,301.2,311.2,1574,36.0,53,0,0,0,0,0,0
2667,M86366,M,298.6,309.2,1427,48.3,249,0,0,0,0,0,0
2668,L16793,L,300.5,310.4,1357,27.8,211,0,0,0,0,0,0
2669,L45134,L,298.9,308.3,1703,34.5,237,0,0,0,0,0,0
2670,L87136,L,298.9,309.1,1468,35.9,12,0,0,0,0,0,0
2671,M21332,M,303.0,312.1,1470,43.8,236,0,0,0,0,0,0
2672,L47119,L,297.2,307.8,1392,46.3,212,0,0,0,0,0,0
2673,L80716,L,301.0,310.7,1427,31.8,76,0,0,0,0,0,0
2674,L86971,L,303.5,313.7,1599,30.4,158,0,0,0,0,0,0
2675,L84060,L,301.4,311.6,1245,40.8,44,0,0,0,0,0,0
2676,L89541,L,297.3,308.9,1515,24.6,106,0,0,0,0,0,0
2677,L15160,L,297.4,307.8,1672,50.1,152,0,0,0,0,0,0
2678,M92618,M,298.5,308.6,1485,37.8,28,0,0,0,0,0,0
2679,M54263,M,300.3,309.6,1690,28.3,245,1,1,0,0,0,0
2680,L80716,L,300.5,311.3,1741,28.1,235,0,0,0,0,0,0
2681,M34247,M,297.5,307.2,1663,43.1,219,0,0,0,0,0,0
2682,M77803,M,298.3,306.7,1403,42.9,33,0,0,0,0,0,0
2683,L22443,L,298.4,308.2,1494,32.3,169,0,0,0,0,0,0
2684,L55943,L,299.6,309.8,1562,38.9,225,0,0,0,0,0,0
2685,L13285,L,304.0,313.2,1415,28.7,35,0,0,0,0,0,0
2686,M60065,M,298.1,308.0,1409,37.4,164,0,0,0,0,0,0
2687,L99207,L,298.0,308.0,1399,54.8,52,0,0,0,0,0,0
2688,M56487,M,297.7,307.7,1958,61.3,175,1,0,0,1,0,0
2689,L13663,L,301.3,312.5,1451,37.9,164,0,0,0,0,0,0
2690,L56410,L,299.9,308.6,1692,44.3,221,0,0,0,0,0,0
2691,H28251,H,298.2,310.2,1344,43.9,123,0,0,0,0,0,0
2692,L28961,L,299.3,309.2,1806,22.8,192,0,0,0,0,0,0
2693,M62335,M,298.4,309.0,1432,28.5,49,0,0,0,0,0,0
2694,H39518,H,300.6,310.7,1510,16.8,163,1,0,0,1,0,0
2695,M44507,M,305.4,313.6,1170,44.5,222,1,0,1,0,0,0
2696,L25956,L,301.1,310.0,1701,59.5,183,1,0,0,1,0,0
2697,M67206,M,299.8,309.3,1740,50.7,222,0,0,0,0,0,0
2698,L74592,L,298.7,309.7,1286,40.4,159,0,0,0,0,0,0
2699,L90381,L,297.3,305.9,1711,39.0,140,0,0,0,0,0,0
2700,M47837,M,301.5,310.6,1259,36.5,232,0,0,0,0,0,0
2701,M12202,M,301.4,311.5,1614,50.6,82,0,0,0,0,0,0
2702,L31890,L,299.1,309.5,1448,42.2,189,0,0,0,0,0,0
2703,L98689,L,302.4,312.9,1741,40.6,175,0,0,0,0,0,0
2704,M81933,M,300.0,309.1,1545,29.0,206,0,0,0,0,0,0
2705,M58008,M,301.5,310.0,1668,46.0,126,0,0,0,0,0,0
2706,L90587,L,300.6,311.1,1723,38.5,125,0,0,0,0,0,0
2707,M32711,M,299.6,311.1,1448,44.0,9,0,0,0,0,0,0
2708,L10417,L,298.1,307.7,1495,50.0,236,0,0,0,0,0,0
2709,L68989,L,299.7,308.6,1300,23.7,98,1,0,0,1,0,0
2710,M89032,M,301.7,311.3,1446,37.0,140,0,0,0,0,0,0
2711,H21895,H,299.0,309.4,1847,35.6,50,0,0,0,0,0,0
2712,L12405,L,300.9,310.6,1636,34.7,156,0,0,0,0,0,0
2713,L76429,L,297.8,309.2,1312,28.8,88,0,0,0,0,0,0
2714,L73881,L,301.6,312.5,1794,32.7,148,0,0,0,0,0,0
2715,M13659,M,300.6,310.8,1570,29.0,186,0,0,0,0,0,0
2716,L88923,L,297.6,305.6,1649,48.2,154,0,0,0,0,0,0
2717,L98022,L,299.6,308.9,1588,43.8,8,0,0,0,0,0,0
2718,H31219,H,301.9,311.3,1576,43.1,204,0,0,0,0,0,0
2719,L85969,L,297.5,306.7,1140,20.7,142,1,0,0,1,0,0
2720,L94915,L,297.9,308.0,1699,59.5,60,1,0,0,1,0,0
2721,L50298,L,299.9,310.1,1094,35.9,82,0,0,0,0,0,0
2722,M74814,M,304.3,312.6,1683,57.4,205,1,0,0,1,0,0
2723,L52688,L,298.7,309.5,1518,47.5,237,1,1,0,0,0,0
2724,L98539,L,301.0,311.0,1650,37.7,206,0,0,0,0,0,0
2725,L18214,L,300.5,310.9,1529,60.4,224,1,0,0,1,1,0
2726,M27959,M,298.8,309.6,1688,45.7,124,0,0,0,0,0,0
2727,M31212,M,300.3,309.6,1503,37.7,105,0,0,0,0,0,0
2728,L21545,L,299.1,310.4,1551,36.1,207,0,0,0,0,0,0
2729,L16445,L,299.3,309.1,1573,50.3,100,0,0,0,0,0,0
2730,M69546,M,296.7,308.2,1838,34.6,179,0,0,0,0,0,0
2731,L63634,L,300.0,309.1,1608,36.2,155,0,0,0,0,0,0
2732,L56343,L,301.8,313.2,1263,34.0,39,0,0,0,0,0,0
2733,L76883,L,300.1,309.2,1398,32.4,78,0,0,0,0,0,0
2734,L83329,L,302.2,314.7,1608,33.1,54,0,0,0,0,0,0
2735,L34279,L,301.2,310.2,1727,57.7,32,1,0,0,1,0,0
2736,L48615,L,299.9,310.9,1370,50.1,106,0,0,0,0,0,0
2737,L68610,L,298.7,308.4,1903,42.4,50,0,0,0,0,0,0
2738,L10179,L,299.0,309.7,1532,34.5,18,0,0,0,0,0,0
2739,M55770,M,297.1,307.0,1576,34.5,52,0,0,0,0,0,0
2740,L53652,L,299.5,308.4,1274,36.3,157,0,0,0,0,0,0
2741,L34630,L,300.3,307.5,1701,57.9,205,1,0,0,1,0,0
2742,M69930,M,303.4,315.9,1420,42.9,117,0,0,0,0,0,0
2743,L39729,L,301.1,311.1,1366,47.5,154,0,0,0,0,0,0
2744,M38099,M,298.3,305.3,1443,42.0,165,0,0,0,0,0,0
2745,L75280,L,297.1,307.4,1749,31.1,165,0,0,0,0,0,0
2746,M55190,M,299.6,310.3,1584,41.0,250,0,0,0,0,0,0
2747,L27899,L,301.6,310.9,1340,29.2,154,0,0,0,0,0,0
2748,L64306,L,299.6,308.9,1405,52.0,138,0,0,0,0,0,0
2749,L39479,L,301.1,311.1,1754,32.5,219,0,0,0,0,0,0
2750,L74627,L,299.6,310.8,1457,34.3,157,0,0,0,0,0,0
2751,L53337,L,301.4,311.5,1601,48.1,116,0,0,0,0,0,0
2752,M31208,M,296.8,308.3,1645,33.0,188,0,0,0,0,0,0
2753,M17419,M,303.2,314.3,1000,37.8,57,0,0,0,0,0,0
2754,L34196,L,297.8,307.5,1728,13.6,170,1,0,0,1,0,0
2755,M69248,M,301.6,310.0,1347,36.8,194,1,0,1,0,0,0
2756,M71809,M,299.5,309.2,1435,45.9,162,0,0,0,0,0,0
2757,M84468,M,299.8,310.3,1777,33.7,47,0,0,0,0,0,0
2758,M41890,M,299.5,309.6,1760,45.6,130,0,0,0,0,0,0
2759,M92517,M,300.5,311.1,1589,39.8,205,0,0,0,0,0,0
2760,L77535,L,300.9,311.8,1631,50.9,102,0,0,0,0,0,0
2761,M39735,M,302.1,312.6,1676,32.7,235,1,1,0,0,0,0
2762,H34082,H,302.8,312.5,1757,37.6,12,0,0,0,0,0,0
2763,L61452,L,300.7,311.2,1780,25.3,168,0,0,0,0,0,0
2764,L77940,L,303.4,315.7,1519,39.1,59,0,0,0,0,0,0
2765,L52364,L,300.2,308.7,1367,35.8,164,0,0,0,0,0,0
2766,H24179,H,302.2,312.6,1454,49.6,240,0,0,0,0,0,0
2767,L79072,L,300.9,312.7,1523,33.8,145,0,0,0,0,0,0
2768,M50709,M,298.9,307.7,1490,35.8,111,0,0,0,0,0,0
2769,M12677,M,300.4,311.4,1318,33.2,217,0,0,0,0,0,0
2770,H27235,H,301.0,312.1,1579,40.3,117,0,0,0,0,0,0
2771,L61958,L,299.9,308.5,1218,59.9,143,0,0,0,0,0,0
2772,M56426,M,300.8,311.5,1515,5.0,78,1,0,0,1,0,0
2773,M24989,M,301.7,311.5,1527,39.5,139,0,0,0,0,0,0
2774,L73014,L,300.0,309.9,1521,51.7,181,0,0,0,0,0,0
2775,M67220,M,294.1,303.8,1653,34.9,129,0,0,0,0,0,0
2776,L57468,L,303.4,314.7,1629,45.3,53,0,0,0,0,0,0
2777,M16718,M,299.4,309.3,1900,51.8,5,1,0,0,1,0,0
2778,L24402,L,298.4,307.9,1407,37.2,55,0,0,0,0,0,0
2779,L26314,L,297.8,307.3,1550,33.5,215,0,0,0,0,0,0
2780,L92919,L,299.3,309.0,1539,49.4,243,0,0,0,0,0,0
2781,L30233,L,298.9,307.8,1530,45.0,142,0,0,0,0,0,0
2782,L10429,L,298.5,308.1,1272,39.4,210,0,0,0,0,0,0
2783,M35655,M,298.6,308.8,1287,46.1,12,0,0,0,0,0,0
2784,L75748,L,301.1,311.5,1501,49.6,216,0,0,0,0,0,0
2785,L29068,L,304.1,315.3,1216,39.5,73,0,0,0,0,0,0
2786,M75032,M,301.6,311.9,1440,43.1,44,0,0,0,0,0,0
2787,M12519,M,302.2,311.8,1383,45.2,70,0,0,0,0,0,0
2788,L90644,L,299.2,308.2,1446,35.4,126,0,0,0,0,0,0
2789,H59242,H,300.2,310.5,1704,51.9,149,0,0,0,0,0,0
2790,L87506,L,300.9,310.7,1306,29.7,2,0,0,0,0,0,0
2791,M74767,M,298.7,308.6,1657,38.7,87,0,0,0,0,0,0
2792,L23523,L,299.1,309.4,1397,47.7,178,0,0,0,0,0,0
2793,M69721,M,301.7,312.2,1420,29.4,190,0,0,0,0,0,0
2794,H95150,H,302.2,312.5,1584,48.7,59,0,0,0,0,0,0
2795,M52936,M,300.1,310.0,1451,41.9,62,0,0,0,0,0,0
2796,L23588,L,297.6,306.8,1339,53.3,172,0,0,0,0,0,0
2797,M59664,M,299.4,308.8,1433,46.1,154,0,0,0,0,0,0
2798,L60743,L,297.1,308.0,1180,38.4,126,0,0,0,0,0,0
2799,M80350,M,300.2,309.7,1569,42.3,138,0,0,0,0,0,0
2800,M24080,M,300.5,309.2,1000,42.7,126,0,0,0,0,0,0
2801,H69013,H,299.5,310.6,1660,60.2,103,1,0,0,1,0,0
2802,L44120,L,300.5,309.5,1611,40.8,199,0,0,0,0,0,0
2803,L31692,L,300.8,310.9,1788,38.6,225,0,0,0,0,0,0
2804,L81335,L,300.5,311.0,1893,38.0,162,0,0,0,0,0,0
2805,L59430,L,297.6,307.6,1668,41.9,68,0,0,0,0,0,0
2806,L94245,L,299.5,307.0,1387,28.7,247,0,0,0,0,0,0
2807,L31164,L,300.8,311.2,1891,36.2,22,0,0,0,0,0,0
2808,M38879,M,303.2,314.5,1285,29.9,241,0,0,0,0,0,0
2809,L92488,L,299.5,310.2,1158,31.2,141,0,0,0,0,0,0
2810,L49238,L,301.1,309.0,1833,48.0,180,0,0,0,0,0,0
2811,L45312,L,301.8,313.9,1608,40.3,107,0,0,0,0,0,0
2812,M82211,M,299.6,308.3,1162,32.6,90,0,0,0,0,0,0
2813,M19725,M,302.3,311.2,1256,38.5,56,0,0,0,0,0,0
2814,L63655,L,302.4,313.2,1599,37.5,28,0,0,0,0,0,0
2815,L41693,L,302.8,313.2,1343,40.5,79,0,0,0,0,0,0
2816,L90776,L,300.9,311.0,1369,24.9,64,0,0,0,0,0,0
2817,L21577,L,304.7,314.2,1854,29.1,135,0,0,0,0,0,0
2818,L39585,L,298.8,310.1,1887,25.6,217,0,0,0,0,0,0
2819,L27071,L,304.2,314.2,1526,31.0,21,0,0,0,0,0,0
2820,H26880,H,301.5,310.0,1473,32.8,189,0,0,0,0,0,0
2821,L32746,L,302.7,313.9,1662,29.7,68,0,0,0,0,0,0
2822,M59342,M,299.4,309.6,1399,47.6,162,0,0,0,0,0,0
2823,L54474,L,301.7,312.8,1099,58.4,159,0,0,0,0,0,0
2824,H52004,H,302.9,313.4,1003,48.3,187,0,0,0,0,0,0
2825,H89071,H,297.8,310.2,1487,34.3,4,0,0,0,0,0,0
2826,M89289,M,299.7,309.4,1659,42.1,0,0,0,0,0,0,0
2827,L28929,L,295.7,305.7,1503,39.3,43,0,0,0,0,0,0
2828,L18005,L,299.6,310.4,1646,33.9,248,0,0,0,0,0,0
2829,M70829,M,298.4,308.1,1664,53.2,86,0,0,0,0,0,0
2830,M14091,M,299.6,310.4,1749,60.1,158,1,0,0,1,0,0
2831,L64438,L,305.8,312.9,1534,25.3,78,0,0,0,0,0,0
2832,L25657,L,303.4,313.4,1550,54.4,123,0,0,0,0,0,0
2833,L25385,L,297.1,307.0,1493,34.1,111,0,0,0,0,0,0
2834,M70463,M,301.1,311.0,1453,37.4,48,0,0,0,0,0,0
2835,M79476,M,301.6,310.7,1217,42.8,91,0,0,0,0,0,0
2836,M39290,M,299.3,310.2,1711,55.5,48,1,0,0,1,0,0
2837,M42212,M,300.4,309.9,1431,42.8,71,0,0,0,0,0,0
2838,L18769,L,300.6,310.8,1421,44.1,106,0,0,0,0,0,0
2839,L90545,L,297.3,307.3,1403,48.5,201,0,0,0,0,0,0
2840,L89779,L,297.9,308.4,1259,50.1,50,0,0,0,0,0,0
2841,M24215,M,300.3,311.8,1485,45.1,50,0,0,0,0,0,0
2842,L78606,L,300.2,310.4,1593,50.2,63,0,0,0,0,0,0
2843,L92831,L,298.6,309.4,1373,34.0,200,0,0,0,0,0,0
2844,L89594,L,298.4,308.6,1687,22.7,63,0,0,0,0,0,0
2845,L48289,L,299.8,309.3,1434,58.2,207,0,0,0,0,0,0
2846,L20069,L,301.8,311.6,1224,29.6,82,0,0,0,0,0,0
2847,L56730,L,299.8,309.6,1747,34.7,77,0,0,0,0,0,0
2848,L38365,L,303.2,313.8,1536,36.7,96,0,0,0,0,0,0
2849,M41338,M,298.6,308.7,1655,35.0,113,0,0,0,0,0,0
2850,L66260,L,300.4,309.6,1660,32.7,106,0,0,0,0,0,0
2851,L61626,L,299.3,309.1,1330,44.6,100,0,0,0,0,0,0
2852,L17102,L,301.2,309.7,1406,44.7,252,1,1,0,0,0,0
2853,M66220,M,298.4,308.3,1686,46.2,175,0,0,0,0,0,0
2854,L99238,L,303.9,313.9,1830,45.6,223,0,0,0,0,0,0
2855,M27554,M,296.6,308.4,1511,35.8,226,0,0,0,0,0,0
2856,H99351,H,303.4,314.8,1387,35.8,108,0,0,0,0,0,0
2857,M19422,M,300.2,309.1,1803,51.2,196,1,0,0,1,0,0
2858,L56673,L,301.1,311.3,1387,34.8,119,0,0,0,0,0,0
2859,M18595,M,302.7,312.9,1559,34.6,150,0,0,0,0,0,0
2860,L99432,L,301.7,311.5,1423,49.3,186,0,0,0,0,0,0
2861,L81133,L,298.5,308.4,1548,39.8,147,0,0,0,0,0,0
2862,L94321,L,301.2,310.8,1330,34.9,128,0,0,0,0,0,0
2863,L13654,L,303.7,315.6,1433,35.0,3,0,0,0,0,0,0
2864,L64812,L,298.2,307.8,1387,51.2,245,1,1,0,0,1,0
2865,L84406,L,304.2,314.6,1619,45.9,10,0,0,0,0,0,0
2866,L17615,L,300.8,308.2,1529,42.4,30,0,0,0,0,0,0
2867,L93853,L,299.1,310.0,1658,28.3,11,0,0,0,0,0,0
2868,L21381,L,298.2,309.4,1351,42.4,158,0,0,0,0,0,0
2869,H19963,H,299.6,308.5,1462,37.9,77,0,0,0,0,0,0
2870,L36766,L,296.1,305.6,1613,30.9,226,0,0,0,0,0,0
2871,M92614,M,299.2,309.6,1655,34.0,150,0,0,0,0,0,0
2872,L84131,L,299.5,309.5,1240,47.0,198,0,0,0,0,0,0
2873,L48892,L,297.9,308.3,1557,52.4,37,0,0,0,0,0,0
2874,L58568,L,301.5,311.2,1354,29.4,104,0,0,0,0,0,0
2875,L13466,L,299.6,311.4,1664,30.7,158,0,0,0,0,0,0
2876,L84775,L,298.7,308.1,1835,46.9,48,0,0,0,0,0,0
2877,L14655,L,299.3,312.0,1030,35.9,97,0,0,0,0,0,0
2878,L74078,L,300.7,312.0,1382,45.5,191,0,0,0,0,0,0
2879,L43357,L,300.1,311.0,1547,35.8,173,0,0,0,0,0,0
2880,L83347,L,298.6,307.6,1499,45.8,228,1,1,0,0,0,0
2881,L12367,L,300.3,311.2,1669,26.3,141,0,0,0,0,0,0
2882,L33910,L,299.9,310.5,1514,45.5,52,0,0,0,0,0,0
2883,L68654,L,297.7,305.6,1405,19.0,222,1,0,0,1,0,0
2884,L73046,L,299.4,308.0,1316,49.3,243,0,0,0,0,0,0
2885,L10501,L,301.2,311.5,1286,39.7,123,0,0,0,0,0,0
2886,L16971,L,301.1,311.0,1366,44.4,21,0,0,0,0,0,0
2887,L42793,L,299.5,309.0,1398,42.4,64,0,0,0,0,0,0
2888,H72067,H,301.4,312.4,1569,22.9,190,0,0,0,0,0,0
2889,L66823,L,298.0,307.2,1472,53.7,0,0,0,0,0,0,0
2890,L53848,L,298.1,307.6,1383,43.3,75,0,0,0,0,0,0
2891,L62906,L,299.5,308.9,1318,47.6,93,0,0,0,0,0,0
2892,H40188,H,303.0,313.5,1374,32.0,199,0,0,0,0,0,0
2893,M61413,M,300.3,308.6,1398,42.4,111,0,0,0,0,0,0
2894,M72659,M,299.4,309.0,1365,26.9,133,0,0,0,0,0,0
2895,H29016,H,303.1,311.4,1621,41.5,170,0,0,0,0,0,0
2896,L10606,L,299.4,309.1,1746,30.6,199,0,0,0,0,0,0
2897,H35844,H,304.5,315.2,1288,80.0,86,1,0,0,1,0,0
2898,L79452,L,299.0,309.7,1701,46.1,43,0,0,0,0,0,0
2899,M85535,M,298.0,307.2,1625,53.3,46,0,0,0,0,0,0
2900,L58218,L,299.7,310.2,1532,37.5,41,0,0,0,0,0,0
2901,L86998,L,299.5,309.3,1775,44.0,29,0,0,0,0,0,0
2902,H48753,H,298.4,309.7,1469,49.1,112,0,0,0,0,0,0
2903,L75219,L,305.2,315.1,1572,29.3,46,0,0,0,0,0,0
2904,H57672,H,300.6,307.7,1522,33.3,198,0,0,0,0,0,0
2905,L10017,L,300.9,311.8,1509,49.7,0,0,0,0,0,0,0
2906,M34444,M,299.1,308.6,1583,37.8,241,0,0,0,0,0,0
2907,H70406,H,298.8,308.6,1508,32.5,3,0,0,0,0,0,0
2908,L65530,L,302.1,312.4,1584,33.7,82,0,0,0,0,0,0
2909,H76366,H,296.6,305.2,1379,27.8,191,0,0,0,0,0,0
2910,L30573,L,297.7,307.8,1385,20.4,221,1,0,0,1,0,0
2911,M26551,M,299.5,310.0,1379,23.0,22,0,0,0,0,0,0
2912,L93466,L,302.7,313.1,1434,40.5,203,0,0,0,0,0,0
2913,L42999,L,299.3,308.7,1682,46.7,190,0,0,0,0,0,0
2914,M80184,M,300.8,311.8,1417,65.2,116,1,0,0,1,0,0
2915,L15096,L,300.1,309.1,1617,39.6,159,0,0,0,0,0,0
2916,L89543,L,302.6,312.0,1548,27.2,93,0,0,0,0,0,0
2917,L87752,L,296.8,306.7,1421,39.7,79,0,0,0,0,0,0
2918,M74366,M,301.5,311.8,1736,47.0,8,0,0,0,0,0,0
2919,L36135,L,299.6,309.3,1633,50.3,2,0,0,0,0,0,0
2920,M17283,M,301.8,313.1,1500,49.3,133,0,0,0,0,0,0
2921,H28827,H,298.4,308.7,1485,45.7,3,0,0,0,0,0,0
2922,L56902,L,300.0,310.1,1517,41.0,31,0,0,0,0,0,0
2923,L95789,L,299.8,310.1,1225,47.4,24,0,0,0,0,0,0
2924,M73347,M,298.0,308.7,1352,28.2,160,0,0,0,0,0,0
2925,L53040,L,297.4,307.7,1583,19.9,169,1,0,0,1,0,0
2926,L65541,L,298.8,307.0,1215,60.9,191,1,0,1,0,0,0
2927,M76444,M,300.3,311.3,1365,39.5,246,0,0,0,0,0,0
2928,L71613,L,298.5,308.6,1429,45.3,248,1,1,0,0,0,0
2929,L19550,L,299.3,310.0,2023,12.0,53,1,0,0,1,0,0
2930,M58210,M,296.2,305.8,1621,55.4,89,0,0,0,0,0,0
2931,L90940,L,299.3,307.4,1698,51.6,142,0,0,0,0,0,0
2932,L66972,L,302.0,309.8,1355,24.3,11,0,0,0,0,0,0
2933,L44031,L,301.4,310.5,1565,36.8,49,0,0,0,0,0,0
2934,M60472,M,299.8,310.3,1183,42.7,216,0,0,0,0,0,0
2935,M74756,M,300.5,311.8,1440,27.4,103,0,0,0,0,0,0
2936,L17044,L,298.3,308.6,1591,44.9,123,0,0,0,0,0,0
2937,L26558,L,303.2,312.2,1245,50.5,186,0,0,0,0,0,0
2938,L62671,L,304.1,313.4,1571,43.2,205,0,0,0,0,0,0
2939,L18293,L,300.3,311.7,1586,24.3,219,0,0,0,0,0,0
2940,L51937,L,305.2,313.9,1392,29.6,226,0,0,0,0,0,0
2941,H78462,H,298.6,310.7,1350,38.8,75,0,0,0,0,0,0
2942,L55421,L,297.5,309.4,1371,37.5,164,0,0,0,0,0,0
2943,M82415,M,298.6,310.7,1438,37.7,28,0,0,0,0,0,0
2944,L16719,L,299.6,309.9,1443,37.4,245,0,0,0,0,0,0
2945,L51582,L,304.6,314.3,1592,22.0,68,0,0,0,0,0,0
2946,L91354,L,299.4,309.8,1404,48.1,99,0,0,0,0,0,0
2947,L64040,L,298.3,309.2,1788,46.3,235,1,1,0,0,0,0
2948,M85500,M,298.2,307.6,1787,45.2,159,0,0,0,0,0,0
2949,H46182,H,302.3,311.2,1543,44.3,73,0,0,0,0,0,0
2950,M14502,M,302.0,311.7,1438,37.2,22,0,0,0,0,0,0
2951,L37439,L,299.0,308.3,1404,33.9,124,0,0,0,0,0,0
2952,M90953,M,296.2,307.5,1557,29.8,149,0,0,0,0,0,0
2953,L29847,L,297.7,307.1,1589,55.4,169,0,0,0,0,0,0
2954,H85927,H,303.4,313.5,1464,39.8,42,0,0,0,0,0,0
2955,L67204,L,301.4,312.4,1429,23.4,179,0,0,0,0,0,0
2956,L79919,L,300.1,311.4,1563,39.7,92,0,0,0,0,0,0
2957,L95312,L,303.7,313.9,1512,19.2,239,1,0,0,1,0,0
2958,L93721,L,303.9,314.3,1397,42.5,165,0,0,0,0,0,0
2959,L55619,L,299.9,308.9,1520,41.4,232,0,0,0,0,0,0
2960,H69371,H,300.0,311.0,1391,34.6,8,0,0,0,0,0,0
2961,M20082,M,298.8,310.1,1365,30.6,229,0,0,0,0,0,0
2962,H21029,H,299.4,307.6,1499,45.6,222,0,0,0,0,0,0
2963,L93254,L,297.0,308.8,1397,39.2,129,0,0,0,0,0,0
2964,L24389,L,297.0,306.3,1368,20.6,247,1,0,0,1,0,0
2965,L14641,L,296.6,307.1,1688,52.0,190,0,0,0,0,0,0
2966,L16473,L,302.2,312.2,1429,30.6,252,1,1,0,0,0,0
2967,L11395,L,296.9,306.8,1832,26.8,191,0,0,0,0,0,0
2968,L47733,L,303.9,313.7,1613,53.6,232,0,0,0,0,0,0
2969,L17575,L,298.5,307.5,1352,50.6,50,0,0,0,0,0,0
2970,L24736,L,303.5,314.0,1709,35.8,50,0,0,0,0,0,0
2971,L89273,L,299.3,309.0,1371,27.5,128,0,0,0,0,0,0
2972,M13111,M,296.9,305.6,1855,30.9,185,0,0,0,0,0,0
2973,L20508,L,302.6,311.5,1541,35.6,67,0,0,0,0,0,0
2974,H56513,H,302.8,311.5,1598,52.2,105,0,0,0,0,0,0
2975,L28623,L,298.2,307.7,1506,52.9,44,0,0,0,0,0,0
2976,M37630,M,299.3,309.8,1548,41.7,234,1,1,0,0,0,0
2977,M51847,M,298.2,307.5,1459,46.5,188,0,0,0,0,0,0
2978,M27876,M,299.8,310.7,1333,37.9,10,0,0,0,0,0,0
2979,M75626,M,300.2,310.1,1561,31.3,6,0,0,0,0,0,0
2980,M73099,M,299.3,309.0,1684,25.0,251,0,0,0,0,0,0
2981,M11587,M,296.4,306.4,1286,43.2,100,0,0,0,0,0,0
2982,L61587,L,298.8,310.2,1777,49.0,152,0,0,0,0,0,0
2983,L39992,L,301.4,310.0,1608,34.9,240,0,0,0,0,0,0
2984,M59635,M,299.6,311.2,1421,51.9,242,0,0,0,0,0,0
2985,L68990,L,299.3,310.3,1418,36.2,24,0,0,0,0,0,0
2986,L41769,L,298.1,308.1,1836,40.8,161,0,0,0,0,0,0
2987,L64799,L,298.8,310.0,1669,37.8,251,0,0,0,0,0,0
2988,L77994,L,302.8,312.5,1705,52.4,45,0,0,0,0,0,0
2989,L82339,L,297.7,308.0,1455,44.9,168,0,0,0,0,0,0
2990,M23712,M,301.4,310.9,1600,39.4,196,0,0,0,0,0,0
2991,M59880,M,300.1,311.1,1563,40.8,19,0,0,0,0,0,0
2992,M49999,M,300.5,309.8,1469,28.1,98,0,0,0,0,0,0
2993,L91051,L,298.5,308.5,1520,17.7,52,1,0,0,1,0,0
2994,L44838,L,299.3,310.0,1700,34.7,14,0,0,0,0,0,0
2995,L31221,L,300.0,311.0,1788,38.1,25,0,0,0,0,0,0
2996,L81674,L,299.0,308.1,1455,45.3,86,0,0,0,0,0,0
2997,M45318,M,300.7,311.4,1264,38.4,147,0,0,0,0,0,0
2998,L26770,L,300.9,309.9,1796,35.3,241,1,1,0,0,0,0
2999,H58398,H,304.3,312.2,1798,10.5,237,1,0,0,1,0,0
3000,L98832,L,300.6,309.8,1572,45.3,221,0,0,0,0,0,0
3001,M36819,M,296.2,307.0,1823,42.1,195,0,0,0,0,0,0
3002,L24307,L,302.3,312.3,1559,48.1,10,0,0,0,0,0,0
3003,L52456,L,299.6,309.1,1336,40.3,103,0,0,0,0,0,0
3004,M49602,M,304.0,314.1,1264,51.5,197,0,0,0,0,0,0
3005,L36912,L,302.9,313.0,1262,34.5,245,1,1,0,0,0,0
3006,M64590,M,299.0,309.6,1501,39.6,117,0,0,0,0,0,0
3007,L11871,L,301.4,309.8,1416,42.4,177,0,0,0,0,0,0
3008,L48028,L,298.8,308.7,1396,46.6,252,1,1,0,0,0,0
3009,L22001,L,300.0,310.1,1481,44.2,158,0,0,0,0,0,0
3010,M88832,M,301.4,310.0,1654,44.8,197,0,0,0,0,0,0
3011,L59541,L,302.2,310.8,1402,42.7,244,1,1,0,0,0,0
3012,M67981,M,301.8,311.4,1371,38.1,180,0,0,0,0,0,0
3013,M64076,M,300.1,310.2,1413,49.0,33,0,0,0,0,0,0
3014,M71316,M,305.0,315.0,1666,23.3,248,0,0,0,0,0,0
3015,L71311,L,299.3,308.7,1487,33.7,203,0,0,0,0,0,0
3016,M89329,M,296.8,306.2,1550,55.9,67,0,0,0,0,0,0
3017,H65118,H,297.2,306.8,1780,33.3,250,0,0,0,0,0,0
3018,L21615,L,302.9,313.2,2012,39.2,20,0,0,0,0,0,0
3019,L43474,L,299.8,311.1,1615,53.9,238,1,0,0,0,1,0
3020,L50234,L,300.3,308.1,1597,38.7,213,0,0,0,0,0,0
3021,L91474,L,298.9,309.5,1287,31.7,70,0,0,0,0,0,0
3022,M46165,M,299.1,309.0,1566,52.0,218,0,0,0,0,0,0
3023,L88065,L,298.4,309.0,1511,37.1,15,0,0,0,0,0,0
3024,L77581,L,300.9,312.1,1661,37.8,241,0,0,0,0,0,0
3025,L45254,L,299.8,309.1,1429,20.2,153,1,0,0,1,0,0
3026,L85804,L,300.9,311.8,1536,38.7,132,0,0,0,0,0,0
3027,L52638,L,300.7,309.4,1609,46.8,251,0,0,0,0,0,0
3028,M50491,M,299.1,309.3,1842,35.7,7,0,0,0,0,0,0
3029,M21731,M,297.1,306.8,1781,27.2,130,0,0,0,0,0,0
3030,L20539,L,296.9,307.0,1728,35.2,186,0,0,0,0,0,0
3031,M59618,M,306.1,315.1,1631,33.8,28,0,0,0,0,0,0
3032,L78514,L,303.0,313.4,1422,37.5,4,0,0,0,0,0,0
3033,L86352,L,302.7,314.3,1631,34.8,156,0,0,0,0,0,0
3034,L80488,L,298.7,307.7,1361,56.6,86,0,0,0,0,0,0
3035,H50539,H,300.0,310.2,1463,43.0,122,0,0,0,0,0,0
3036,M34789,M,298.4,309.2,1820,22.6,157,0,0,0,0,0,0
3037,M46678,M,297.4,307.1,1597,40.7,98,0,0,0,0,0,0
3038,L25434,L,298.8,310.2,1541,39.6,54,0,0,0,0,0,0
3039,L57046,L,302.7,312.2,1564,51.9,60,0,0,0,0,0,0
3040,M22724,M,301.7,311.6,1483,38.4,47,0,0,0,0,0,0
3041,L78183,L,298.1,307.1,1112,38.2,181,0,0,0,0,0,0
3042,H19099,H,299.4,309.5,1272,58.6,34,0,0,0,0,0,0
3043,M46739,M,301.5,311.5,1611,29.3,246,1,1,0,0,0,0
3044,L36141,L,298.9,309.5,1334,48.0,1,0,0,0,0,0,0
3045,M66194,M,300.2,309.5,1481,40.6,77,0,0,0,0,0,0
3046,H74451,H,300.8,310.1,1279,35.0,203,0,0,0,0,0,0
3047,L45105,L,300.8,311.2,1371,33.5,23,0,0,0,0,0,0
3048,M35725,M,300.5,311.9,1499,53.6,149,0,0,0,0,0,0
3049,H92740,H,298.7,309.3,1666,44.7,74,0,0,0,0,0,0
3050,L85387,L,298.9,310.7,1702,46.0,244,0,0,0,0,0,0
3051,M85933,M,297.7,308.3,1368,48.9,55,0,0,0,0,0,0
3052,L40081,L,296.9,307.4,1555,43.4,18,0,0,0,0,0,0
3053,M13862,M,299.8,310.4,1243,29.4,155,0,0,0,0,0,0
3054,M73465,M,301.6,313.1,1510,24.3,95,0,0,0,0,0,0
3055,M28773,M,297.2,308.5,1672,55.4,229,1,0,0,1,0,0
3056,L29047,L,300.5,309.5,1488,42.1,231,0,0,0,0,0,0
3057,M81701,M,301.6,312.4,1737,40.8,201,0,0,0,0,0,0
3058,L20290,L,296.3,306.6,1651,58.0,33,1,0,0,1,0,0
3059,L85204,L,299.5,309.3,1543,29.4,166,0,0,0,0,0,0
3060,L31731,L,303.3,311.5,1455,14.8,23,1,0,0,1,0,0
3061,L39749,L,301.1,309.6,1404,21.9,6,1,0,0,1,0,0
3062,L66364,L,296.3,305.9,1238,34.7,50,0,0,0,0,0,0
3063,L72163,L,301.3,309.9,1267,41.2,125,0,0,0,0,0,0
3064,M69776,M,298.5,308.2,1679,53.9,114,0,0,0,0,0,0
3065,L55651,L,301.4,312.1,1772,48.4,196,0,0,0,0,0,0
3066,L65824,L,298.6,308.0,1305,14.4,132,1,0,0,1,0,0
3067,L44139,L,299.9,310.0,1512,68.0,67,1,0,0,1,0,0
3068,L47994,L,298.9,307.9,1217,35.9,35,0,0,0,0,0,0
3069,M21036,M,300.0,310.3,1324,52.3,144,0,0,0,0,0,0
3070,L60361,L,298.9,309.4,1547,45.5,171,0,0,0,0,0,0
3071,L41105,L,299.6,308.1,1407,40.1,54,0,0,0,0,0,0
3072,H94731,H,297.6,306.9,1155,37.6,160,0,0,0,0,0,0
3073,M96668,M,301.0,309.7,1809,28.9,218,0,0,0,0,0,0
3074,M16730,M,300.4,310.9,1491,27.1,61,0,0,0,0,0,0
3075,M67536,M,296.8,306.9,1301,38.3,207,0,0,0,0,0,0
3076,H17433,H,302.0,311.9,1523,26.1,240,1,1,0,0,0,0
3077,L42211,L,299.6,309.5,1485,56.5,237,1,1,0,0,1,0
3078,M54409,M,300.3,310.6,1576,41.0,36,0,0,0,0,0,0
3079,M35946,M,301.5,311.9,1439,60.9,12,0,0,0,0,0,0
3080,L82172,L,300.7,310.2,1557,35.6,184,0,0,0,0,0,0
3081,L10738,L,302.3,311.7,1670,34.1,97,0,0,0,0,0,0
3082,L89068,L,299.4,309.4,1263,45.9,45,0,0,0,0,0,0
3083,M98273,M,302.1,311.9,1375,37.4,113,0,0,0,0,0,0
3084,M75741,M,300.2,312.3,1651,49.7,137,0,0,0,0,0,0
3085,M99176,M,301.0,310.6,1401,54.4,41,0,0,0,0,0,0
3086,L29879,L,300.8,311.1,1485,51.0,10,0,0,0,0,0,0
3087,L65674,L,302.5,312.9,1415,53.6,198,0,0,0,0,0,0
3088,L78298,L,301.4,312.8,1427,48.2,115,0,0,0,0,0,0
3089,L41169,L,299.1,308.3,1411,34.5,62,0,0,0,0,0,0
3090,H29579,H,298.7,310.1,1273,51.4,242,0,0,0,0,0,0
3091,M44663,M,299.9,309.8,1583,47.0,192,0,0,0,0,0,0
3092,H11346,H,298.5,311.0,1691,33.8,102,0,0,0,0,0,0
3093,M57323,M,297.9,308.3,1468,35.1,69,0,0,0,0,0,0
3094,H23719,H,295.7,304.5,1671,39.1,184,0,0,0,0,0,0
3095,L38339,L,296.9,306.7,1412,51.1,183,0,0,0,0,0,0
3096,L97136,L,304.0,315.3,1401,41.2,224,0,0,0,0,0,0
3097,L16221,L,298.7,308.8,1574,39.9,3,0,0,0,0,0,0
3098,L74290,L,303.8,313.7,1577,38.4,159,0,0,0,0,0,0
3099,L32020,L,300.8,311.5,1480,36.5,71,0,0,0,0,0,0
3100,L23218,L,299.9,309.6,1622,28.4,247,1,1,0,0,0,0
3101,H59494,H,297.0,306.8,1268,48.0,6,0,0,0,0,0,0
3102,L37946,L,300.0,309.1,1445,29.8,123,0,0,0,0,0,0
3103,H71470,H,303.8,315.5,1674,40.7,180,0,0,0,0,0,0
3104,M89473,M,303.1,311.9,1673,35.9,190,0,0,0,0,0,0
3105,M74649,M,300.5,310.7,1650,47.7,160,0,0,0,0,0,0
3106,M74223,M,297.7,308.2,1684,36.6,119,0,0,0,0,0,0
3107,L66948,L,298.1,308.1,1433,29.9,230,1,1,0,0,0,0
3108,M31936,M,298.3,307.0,1193,49.9,146,0,0,0,0,0,0
3109,L50555,L,302.6,311.6,1453,31.7,132,0,0,0,0,0,0
3110,H97930,H,303.3,313.8,1614,41.5,217,0,0,0,0,0,0
3111,L57613,L,300.4,309.6,1644,52.7,112,0,0,0,0,0,0
3112,L62386,L,299.4,307.3,1405,32.7,154,0,0,0,0,0,0
3113,M66383,M,303.1,313.5,1326,39.0,83,0,0,0,0,0,0
3114,M59444,M,298.0,307.2,1344,35.7,54,0,0,0,0,0,0
3115,L20276,L,300.1,310.7,1402,41.3,116,0,0,0,0,0,0
3116,M62789,M,300.9,310.7,1159,39.3,85,0,0,0,0,0,0
3117,L24380,L,298.3,308.0,1405,49.2,10,0,0,0,0,0,0
3118,M75956,M,298.7,308.8,1509,33.8,123,0,0,0,0,0,0
3119,L90773,L,298.6,307.4,1482,52.7,166,0,0,0,0,0,0
3120,L33701,L,302.8,312.0,1441,56.0,13,0,0,0,0,0,0
3121,L36418,L,303.8,313.6,1376,42.6,144,0,0,0,0,0,0
3122,L12155,L,300.2,309.1,1397,32.1,78,0,0,0,0,0,0
3123,L38901,L,299.5,310.2,1400,39.6,10,0,0,0,0,0,0
3124,L68549,L,298.8,308.5,1627,38.8,25,0,0,0,0,0,0
3125,L25789,L,300.0,308.6,1500,57.7,181,0,0,0,0,0,0
3126,L52650,L,298.9,308.3,2070,39.0,136,0,0,0,0,0,0
3127,L82575,L,299.8,309.9,1440,53.8,242,1,0,0,0,1,0
3128,L83024,L,300.8,310.4,1579,41.1,172,0,0,0,0,0,0
3129,M13069,M,299.2,309.6,1444,40.5,244,0,0,0,0,0,0
3130,H93462,H,299.6,310.2,1440,36.5,72,0,0,0,0,0,0
3131,L86074,L,299.6,312.0,1781,37.4,147,0,0,0,0,0,0
3132,H64964,H,299.4,310.5,1680,48.9,141,0,0,0,0,0,0
3133,L82323,L,299.1,307.5,1184,32.7,132,1,0,1,0,0,0
3134,L63562,L,301.5,311.2,1316,49.6,227,0,0,0,0,0,0
3135,M47245,M,296.5,306.2,1475,54.4,134,0,0,0,0,0,0
3136,M67247,M,303.1,313.7,1407,34.1,67,0,0,0,0,0,0
3137,M89957,M,300.3,309.3,1229,52.1,178,0,0,0,0,0,0
3138,L17050,L,301.2,310.7,1521,50.5,67,0,0,0,0,0,0
3139,M75928,M,301.5,310.2,1162,48.7,21,0,0,0,0,0,0
3140,L42671,L,298.6,308.0,1523,33.6,149,0,0,0,0,0,0
3141,L86569,L,298.2,307.6,1631,38.8,35,0,0,0,0,0,0
3142,L69171,L,297.9,307.6,1657,38.8,181,0,0,0,0,0,0
3143,H18859,H,299.5,308.3,1474,60.9,111,0,0,0,0,0,0
3144,L57428,L,301.4,312.4,1772,39.9,219,0,0,0,0,0,0
3145,M85260,M,298.8,309.3,1560,38.2,102,0,0,0,0,0,0
3146,M80620,M,301.2,309.8,1652,28.5,100,0,0,0,0,0,0
3147,M71777,M,295.3,305.3,1367,30.3,109,0,0,0,0,0,0
3148,M20656,M,299.2,307.7,1774,33.2,181,0,0,0,0,0,0
3149,M99612,M,302.3,313.7,1499,43.6,39,0,0,0,0,0,0
3150,L67309,L,299.7,311.3,1784,25.8,86,0,0,0,0,0,0
3151,L83245,L,298.3,308.3,1744,33.3,68,0,0,0,0,0,0
3152,L85535,L,298.7,307.8,1546,21.4,98,0,0,0,0,0,0
3153,L99116,L,293.9,303.3,1573,54.0,231,1,1,0,0,0,0
3154,L69699,L,298.0,307.5,1468,41.1,160,0,0,0,0,0,0
3155,L59440,L,302.1,312.0,1353,43.1,127,0,0,0,0,0,0
3156,L16939,L,298.8,310.2,1607,29.1,33,0,0,0,0,0,0
3157,L22177,L,299.1,310.0,1598,51.6,146,0,0,0,0,0,0
3158,L69673,L,295.3,306.3,1209,55.0,202,0,0,0,0,0,0
3159,H93364,H,296.7,306.9,1485,40.7,91,0,0,0,0,0,0
3160,L86542,L,302.4,311.2,1656,35.2,228,0,0,0,0,0,0
3161,H86617,H,301.2,310.5,1764,45.5,89,0,0,0,0,0,0
3162,H23365,H,297.4,307.5,1631,47.3,41,0,0,0,0,0,0
3163,L50371,L,298.7,307.5,1227,48.7,209,0,0,0,0,0,0
3164,M65683,M,299.9,310.2,1310,46.6,143,0,0,0,0,0,0
3165,M65690,M,297.6,308.4,1438,49.6,131,0,0,0,0,0,0
3166,M53764,M,296.0,306.5,1752,33.1,234,0,0,0,0,0,0
3167,L94576,L,299.7,310.2,1391,49.1,209,0,0,0,0,0,0
3168,L30203,L,301.1,309.3,1691,35.5,251,0,0,0,0,0,0
3169,L85263,L,301.2,312.5,1388,14.9,175,1,0,0,1,0,0
3170,M49768,M,301.8,310.2,1596,35.4,147,0,0,0,0,0,0
3171,H67856,H,296.9,306.7,1331,34.5,136,0,0,0,0,0,0
3172,M48058,M,300.1,310.7,1465,42.4,90,0,0,0,0,0,0
3173,M42386,M,299.5,309.8,1296,48.4,46,0,0,0,0,0,0
3174,H61433,H,299.8,308.5,1760,41.9,209,0,0,0,0,0,0
3175,M58232,M,299.6,308.5,1375,60.1,2,0,0,0,0,0,0
3176,L77342,L,298.7,309.0,1222,34.7,225,0,0,0,0,0,0
3177,M16536,M,294.0,304.5,1207,20.1,66,1,0,0,1,0,0
3178,L18716,L,302.3,311.2,1485,42.8,61,0,0,0,0,0,0
3179,L44240,L,300.7,311.1,1418,34.6,2,0,0,0,0,0,0
3180,L28112,L,297.0,305.5,1617,29.1,91,0,0,0,0,0,0
3181,H74510,H,300.9,311.6,1458,37.0,22,0,0,0,0,0,0
3182,L67786,L,299.1,308.2,1710,32.2,47,0,0,0,0,0,0
3183,L22755,L,299.2,309.2,1431,33.2,174,0,0,0,0,0,0
3184,L21070,L,298.5,308.4,1685,55.2,105,1,0,0,1,0,0
3185,L85859,L,301.1,312.2,1329,41.2,3,0,0,0,0,0,0
3186,L69153,L,298.4,308.6,1229,37.3,80,0,0,0,0,0,0
3187,M90484,M,297.8,307.2,1352,56.0,2,0,0,0,0,0,0
3188,M69128,M,302.3,312.6,1297,37.0,232,0,0,0,0,0,0
3189,L46345,L,299.6,311.8,1277,27.7,218,0,0,0,0,0,0
3190,L40296,L,299.7,310.4,1574,26.7,89,0,0,0,0,0,0
3191,L84872,L,301.4,311.3,1452,39.2,61,0,0,0,0,0,0
3192,L98980,L,298.7,307.8,1526,23.6,27,0,0,0,0,0,0
3193,L49127,L,299.1,308.4,1595,28.3,178,0,0,0,0,0,0
3194,M52649,M,300.6,311.3,1197,36.2,30,0,0,0,0,0,0
3195,M45797,M,296.9,306.0,1603,51.3,169,0,0,0,0,0,0
3196,L96565,L,300.4,310.4,1283,52.9,65,0,0,0,0,0,0
3197,L20857,L,298.5,309.9,1396,46.6,185,0,0,0,0,0,0
3198,L26086,L,301.7,311.9,1159,40.0,99,0,0,0,0,0,0
3199,L83973,L,301.1,310.0,1618,34.3,35,0,0,0,0,0,0
3200,H94182,H,300.8,313.0,1196,43.9,70,0,0,0,0,0,0
3201,M34784,M,296.8,308.5,1284,57.8,175,0,0,0,0,0,0
3202,H61874,H,299.8,310.3,1297,41.4,173,0,0,0,0,0,0
3203,H35650,H,297.6,308.9,1477,35.4,151,0,0,0,0,0,0
3204,M99079,M,299.9,309.7,1471,38.4,82,0,0,0,0,0,0
3205,H16200,H,295.4,306.1,1646,37.3,161,0,0,0,0,0,0
3206,L63806,L,296.9,306.5,1481,45.5,11,0,0,0,0,0,0
3207,L63219,L,302.4,311.0,1674,32.4,153,0,0,0,0,0,0
3208,L93815,L,300.7,313.3,1568,44.1,198,0,0,0,0,0,0
3209,L60885,L,299.3,307.9,1330,45.7,35,0,0,0,0,0,0
3210,L41453,L,298.2,308.5,1380,43.4,207,0,0,0,0,0,0
3211,L54312,L,297.8,308.1,1772,29.1,229,0,0,0,0,0,0
3212,M66957,M,300.4,310.9,1721,38.5,243,1,1,0,0,0,0
3213,M86471,M,299.3,309.2,1648,34.7,8,0,0,0,0,0,0
3214,L12885,L,303.1,313.0,1672,39.3,227,0,0,0,0,0,0
3215,L74539,L,299.6,309.8,1584,33.3,16,0,0,0,0,0,0
3216,M62478,M,300.1,310.6,1560,52.4,96,0,0,0,0,0,0
3217,L27811,L,297.2,307.2,1509,41.9,139,0,0,0,0,0,0
3218,L43748,L,299.3,309.2,1806,23.8,56,0,0,0,0,0,0
3219,L59903,L,300.4,309.0,1416,26.7,87,0,0,0,0,0,0
3220,L84160,L,299.3,311.3,1543,52.0,230,0,0,0,0,0,0
3221,L85711,L,299.0,309.6,1193,38.2,44,0,0,0,0,0,0
3222,M54712,M,300.7,310.9,1242,36.1,136,0,0,0,0,0,0
3223,M72834,M,303.0,312.4,1827,51.3,209,1,0,0,1,0,0
3224,M57079,M,300.3,309.3,1611,38.5,61,0,0,0,0,0,0
3225,L71400,L,302.3,313.1,1462,28.0,237,0,0,0,0,0,0
3226,M98489,M,301.2,311.1,1514,28.7,248,0,0,0,0,0,0
3227,M17827,M,302.2,312.8,1256,46.3,67,0,0,0,0,0,0
3228,L90145,L,298.8,307.4,1423,60.3,120,0,0,0,0,0,0
3229,M26218,M,299.6,311.1,1238,48.4,3,0,0,0,0,0,0
3230,L93835,L,299.6,310.5,1447,36.2,243,0,0,0,0,0,0
3231,L47201,L,301.1,311.0,1622,37.7,35,0,0,0,0,0,0
3232,L25270,L,301.6,312.1,1582,40.5,108,0,0,0,0,0,0
3233,L14166,L,300.3,311.0,1786,19.8,170,0,0,0,0,0,0
3234,L89218,L,301.8,310.4,1553,40.2,165,0,0,0,0,0,0
3235,L75316,L,298.9,310.6,1054,45.8,165,0,0,0,0,0,0
3236,L48501,L,301.8,312.3,1851,57.7,4,1,0,0,1,0,0
3237,H93888,H,302.0,311.3,1349,50.9,186,0,0,0,0,0,0
3238,L86702,L,301.4,310.3,1529,59.3,189,0,0,0,0,0,0
3239,L25884,L,300.3,311.3,1518,56.8,138,0,0,0,0,0,0
3240,L55776,L,301.4,311.6,1543,53.9,185,0,0,0,0,0,0
3241,M67892,M,298.2,308.7,1509,40.3,0,0,0,0,0,0,0
3242,L70005,L,300.4,310.4,1512,43.4,42,0,0,0,0,0,0
3243,H55383,H,300.6,309.6,1262,23.3,19,1,0,0,1,0,0
3244,L32573,L,297.3,307.8,1966,41.3,79,0,0,0,0,0,0
3245,L31211,L,300.9,310.8,1617,45.7,52,0,0,0,0,0,0
3246,L27514,L,297.5,307.5,1509,37.2,47,0,0,0,0,0,0
3247,L53252,L,299.1,311.5,1832,24.6,106,0,0,0,0,0,0
3248,M60165,M,300.1,310.9,1307,55.8,158,0,0,0,0,0,0
3249,M95069,M,298.5,309.5,1656,44.1,137,0,0,0,0,0,0
3250,L22896,L,300.2,312.9,1400,57.2,212,0,0,0,0,0,0
3251,H52750,H,300.1,310.5,1572,47.4,100,0,0,0,0,0,0
3252,L66227,L,298.4,308.5,1576,53.7,103,0,0,0,0,0,0
3253,L48742,L,301.1,310.5,1079,51.6,3,0,0,0,0,0,0
3254,L12945,L,298.5,308.0,1242,33.2,192,0,0,0,0,0,0
3255,L70731,L,304.6,312.5,1786,34.9,152,0,0,0,0,0,0
3256,M27996,M,299.8,310.6,1455,35.7,32,0,0,0,0,0,0
3257,L76513,L,297.7,306.4,1860,30.3,48,0,0,0,0,0,0
3258,L34766,L,298.0,308.9,1736,57.7,43,1,0,0,1,0,0
3259,L70862,L,302.3,312.3,1460,40.4,103,0,0,0,0,0,0
3260,L25184,L,299.2,309.3,1444,44.6,10,0,0,0,0,0,0
3261,L65646,L,297.3,307.2,1797,26.7,197,0,0,0,0,0,0
3262,M20647,M,301.7,313.1,1879,48.2,80,0,0,0,0,0,0
3263,L36802,L,299.2,310.4,1448,35.9,232,1,1,0,0,0,0
3264,L78732,L,301.3,311.3,1777,52.6,69,1,0,0,1,0,0
3265,L34289,L,301.9,311.0,1685,33.1,93,0,0,0,0,0,0
3266,L47677,L,300.5,311.5,1716,53.3,233,1,0,0,1,0,0
3267,L49003,L,304.8,313.8,1518,49.4,43,0,0,0,0,0,0
3268,M32928,M,296.6,305.0,1379,35.3,214,0,0,0,0,0,0
3269,H62069,H,298.4,308.9,1310,54.2,38,0,0,0,0,0,0
3270,L37418,L,299.5,310.7,1265,51.5,125,0,0,0,0,0,0
3271,H57479,H,304.5,314.1,1844,44.9,221,0,0,0,0,0,0
3272,L81437,L,303.6,314.0,1502,30.1,40,0,0,0,0,0,0
3273,M77690,M,302.6,312.2,1294,48.0,9,0,0,0,0,0,0
3274,M30333,M,298.4,309.1,1680,40.7,61,0,0,0,0,0,0
3275,M71828,M,298.6,309.7,1414,40.5,66,0,0,0,0,0,0
3276,M78560,M,298.3,308.1,1383,40.7,103,0,0,0,0,0,0
3277,L60442,L,298.4,307.4,1872,39.7,188,0,0,0,0,0,0
3278,L75693,L,303.0,311.5,1260,31.3,12,0,0,0,0,0,0
3279,L47718,L,299.5,310.4,1542,24.8,145,0,0,0,0,0,0
3280,L16077,L,299.8,308.6,1394,22.8,183,0,0,0,0,0,0
3281,M61864,M,301.5,311.9,1365,43.0,204,0,0,0,0,0,0
3282,L91545,L,296.7,307.5,1237,15.8,245,1,0,0,1,0,0
3283,L53363,L,300.1,309.6,1511,47.3,209,0,0,0,0,0,0
3284,L60765,L,297.8,307.6,1343,45.1,26,0,0,0,0,0,0
3285,L70607,L,299.4,310.4,1606,37.0,44,0,0,0,0,0,0
3286,M85473,M,298.8,308.0,1492,50.3,182,0,0,0,0,0,0
3287,M54221,M,298.7,307.8,1444,37.4,54,0,0,0,0,0,0
3288,L38636,L,300.5,310.2,1344,44.2,62,0,0,0,0,0,0
3289,L66711,L,300.4,311.7,1758,20.4,215,0,0,0,0,0,0
3290,L72093,L,299.6,311.2,1632,17.6,117,1,0,0,1,0,0
3291,L70308,L,300.7,310.6,1377,37.6,100,0,0,0,0,0,0
3292,M64220,M,298.3,307.6,1255,44.2,119,0,0,0,0,0,0
3293,L99992,L,301.4,312.4,1160,49.5,65,0,0,0,0,0,0
3294,L34302,L,299.6,307.9,1705,38.2,22,0,0,0,0,0,0
3295,L38445,L,299.0,309.3,1664,42.5,247,1,1,0,0,0,0
3296,H86644,H,298.4,308.4,1688,47.9,74,0,0,0,0,0,0
3297,M26330,M,299.5,310.8,1478,38.7,130,0,0,0,0,0,0
3298,L83247,L,303.7,315.1,1645,45.9,15,0,0,0,0,0,0
3299,L32302,L,299.9,308.9,1685,28.7,38,0,0,0,0,0,0
3300,L70303,L,297.7,307.9,1487,23.4,26,0,0,0,0,0,0
3301,H86849,H,301.8,311.3,1436,34.7,13,0,0,0,0,0,0
3302,L88133,L,299.1,308.8,1324,47.7,165,0,0,0,0,0,0
3303,L64363,L,300.6,311.2,1577,32.9,4,0,0,0,0,0,0
3304,H29711,H,298.8,308.5,1601,46.5,116,0,0,0,0,0,0
3305,M40434,M,302.6,312.8,1427,29.7,168,0,0,0,0,0,0
3306,L73918,L,298.8,309.8,1448,34.2,92,0,0,0,0,0,0
3307,L67419,L,302.8,314.3,1461,42.4,38,0,0,0,0,0,0
3308,L35935,L,297.9,308.2,1642,33.3,57,0,0,0,0,0,0
3309,L61479,L,299.4,309.5,1253,35.0,39,0,0,0,0,0,0
3310,L94551,L,302.8,311.7,1301,13.9,75,1,0,0,1,0,0
3311,H15204,H,300.3,311.9,1305,48.4,90,0,0,0,0,0,0
3312,H60822,H,304.5,315.0,1473,38.8,100,0,0,0,0,0,0
3313,L59732,L,299.5,309.6,1557,30.5,56,0,0,0,0,0,0
3314,M86419,M,300.5,310.6,1308,58.3,59,0,0,0,0,0,0
3315,L33189,L,303.8,314.2,1664,32.1,162,0,0,0,0,0,0
3316,L26167,L,297.0,307.7,1763,34.8,6,0,0,0,0,0,0
3317,M49830,M,296.7,307.6,1574,30.4,112,0,0,0,0,0,0
3318,L38628,L,298.4,310.0,1702,51.0,235,0,0,0,0,0,0
3319,L89961,L,301.6,311.9,1335,54.3,193,0,0,0,0,0,0
3320,L78673,L,296.8,308.5,1340,53.3,84,0,0,0,0,0,0
3321,L45346,L,301.2,312.3,1593,53.2,139,0,0,0,0,0,0
3322,L42288,L,301.1,311.0,1493,34.0,248,0,0,0,0,0,0
3323,M11169,M,304.0,312.4,1339,56.7,181,1,0,1,0,0,0
3324,M18093,M,302.1,312.2,1757,38.0,149,0,0,0,0,0,0
3325,M60083,M,300.7,312.3,1554,24.6,141,0,0,0,0,0,0
3326,M69142,M,302.7,311.9,1626,35.7,226,1,1,0,0,0,0
3327,L81552,L,301.1,311.2,1379,43.3,49,0,0,0,0,0,0
3328,M19903,M,299.1,309.2,1802,33.6,146,0,0,0,0,0,0
3329,L24420,L,297.7,308.7,1472,41.5,89,0,0,0,0,0,0
3330,L60006,L,298.9,308.5,1683,45.4,118,0,0,0,0,0,0
3331,H17940,H,299.9,309.1,1395,44.1,10,0,0,0,0,0,0
3332,L85296,L,300.4,310.9,1530,46.6,201,0,0,0,0,0,0
3333,L49847,L,295.7,305.0,1600,38.2,47,0,0,0,0,0,0
3334,L62529,L,299.6,307.7,1859,32.7,142,0,0,0,0,0,0
3335,L80224,L,300.1,311.9,1421,25.3,234,0,0,0,0,0,0
3336,L55051,L,301.1,312.0,1536,39.1,65,0,0,0,0,0,0
3337,L16621,L,303.3,315.1,1607,34.6,83,0,0,0,0,0,0
3338,M30559,M,300.4,311.2,1245,38.8,103,0,0,0,0,0,0
3339,L41269,L,298.2,308.9,1109,19.3,138,1,0,0,1,0,0
3340,L24661,L,296.4,306.7,1321,24.8,58,0,0,0,0,0,0
3341,L56411,L,301.4,311.2,1674,45.1,187,0,0,0,0,0,0
3342,M11677,M,298.3,308.8,1809,23.6,159,0,0,0,0,0,0
3343,L23050,L,301.7,311.2,1334,38.1,24,0,0,0,0,0,0
3344,L82064,L,302.8,311.7,1281,31.7,129,1,0,0,0,0,1
3345,L21353,L,296.9,306.6,1776,31.1,91,0,0,0,0,0,0
3346,M12735,M,301.1,312.4,1398,40.9,89,0,0,0,0,0,0
3347,M50215,M,302.6,311.4,1433,40.3,249,0,0,0,0,0,0
3348,L87282,L,302.0,310.8,1763,45.5,103,0,0,0,0,0,0
3349,M31941,M,295.8,306.4,1733,29.0,6,0,0,0,0,0,0
3350,L45716,L,298.3,307.9,1668,31.2,90,0,0,0,0,0,0
3351,L78558,L,297.4,307.9,1192,51.2,152,0,0,0,0,0,0
3352,L91919,L,301.0,312.0,1273,37.8,134,0,0,0,0,0,0
3353,L36916,L,300.8,311.3,1702,43.7,20,0,0,0,0,0,0
3354,L24049,L,294.6,304.0,1557,35.0,43,0,0,0,0,0,0
3355,L32142,L,299.4,310.7,1360,44.6,195,0,0,0,0,0,0
3356,L82900,L,301.6,312.3,1438,15.1,2,1,0,0,1,0,0
3357,L40250,L,300.3,310.3,1700,51.5,58,0,0,0,0,0,0
3358,L87901,L,300.3,310.3,1775,35.4,248,0,0,0,0,0,0
3359,M54446,M,299.3,309.6,1499,27.5,166,0,0,0,0,0,0
3360,M47604,M,297.9,307.6,1376,29.4,62,0,0,0,0,0,0
3361,L75269,L,300.0,308.3,1450,37.4,49,0,0,0,0,0,0
3362,L98428,L,300.1,310.9,1742,38.9,105,0,0,0,0,0,0
3363,L77430,L,301.2,311.9,1738,41.4,163,0,0,0,0,0,0
3364,L29024,L,301.4,309.1,1535,28.1,43,0,0,0,0,0,0
3365,L39201,L,300.2,310.7,1405,48.7,189,0,0,0,0,0,0
3366,L20037,L,302.2,313.9,1695,34.8,11,0,0,0,0,0,0
3367,M63148,M,299.3,308.1,1792,34.3,49,0,0,0,0,0,0
3368,M97418,M,297.1,307.0,1238,37.7,149,0,0,0,0,0,0
3369,L38325,L,301.0,310.8,1458,46.6,179,0,0,0,0,0,0
3370,L33074,L,300.3,311.9,1708,39.7,170,0,0,0,0,0,0
3371,M93549,M,301.0,312.1,1513,34.6,66,0,0,0,0,0,0
3372,L12557,L,297.5,306.6,1412,36.8,98,0,0,0,0,0,0
3373,M29031,M,303.6,313.9,1533,52.2,10,0,0,0,0,0,0
3374,L45381,L,301.4,313.7,1567,50.6,0,0,0,0,0,0,0
3375,L94450,L,299.4,308.8,1297,43.7,105,0,0,0,0,0,0
3376,L99214,L,298.1,308.1,1516,41.5,137,0,0,0,0,0,0
3377,L90437,L,302.2,312.7,1566,63.1,208,1,0,0,1,1,0
3378,H85655,H,297.8,307.2,1412,44.6,244,0,0,0,0,0,0
3379,L12617,L,304.5,316.3,1360,41.8,152,0,0,0,0,0,0
3380,H18669,H,298.8,308.3,1403,38.0,207,0,0,0,0,0,0
3381,L90393,L,303.4,312.1,1325,43.6,33,0,0,0,0,0,0
3382,M42386,M,299.6,309.1,1653,9.5,207,1,0,0,1,0,0
3383,H24571,H,303.2,313.8,1323,50.3,64,0,0,0,0,0,0
3384,L58277,L,298.5,307.7,1534,27.3,104,0,0,0,0,0,0
3385,L92837,L,300.0,310.3,1433,32.8,5,0,0,0,0,0,0
3386,M81673,M,301.6,312.2,1373,26.0,118,0,0,0,0,0,0
3387,L47650,L,301.3,310.1,1747,32.6,165,0,0,0,0,0,0
3388,H27306,H,302.2,311.6,1476,36.6,64,0,0,0,0,0,0
3389,L78962,L,299.0,309.4,1380,48.9,205,0,0,0,0,0,0
3390,L18181,L,300.2,310.9,1362,52.9,234,0,0,0,0,0,0
3391,L20297,L,302.5,312.0,1561,59.4,144,1,0,0,1,0,0
3392,M76028,M,298.6,308.7,1649,41.0,62,0,0,0,0,0,0
3393,H26643,H,301.1,310.9,1729,37.8,178,0,0,0,0,0,0
3394,L11923,L,299.6,310.3,1470,47.8,75,0,0,0,0,0,0
3395,M99196,M,300.4,310.9,1459,31.5,41,0,0,0,0,0,0
3396,H56397,H,300.2,309.8,1524,30.3,72,0,0,0,0,0,0
3397,L80538,L,298.4,308.9,1530,36.3,111,0,0,0,0,0,0
3398,L73568,L,299.5,309.1,1361,39.7,57,0,0,0,0,0,0
3399,M84153,M,300.3,310.7,1763,19.3,85,0,0,0,0,0,0
3400,M70026,M,299.8,310.3,1504,50.7,100,0,0,0,0,0,0
3401,L73918,L,303.1,315.5,1596,42.4,191,0,0,0,0,0,0
3402,M55907,M,302.0,311.7,1576,48.0,217,0,0,0,0,0,0
3403,L24488,L,300.6,310.4,1573,24.3,209,0,0,0,0,0,0
3404,H80316,H,298.5,307.8,1319,33.3,49,0,0,0,0,0,0
3405,M53552,M,298.4,307.3,1499,32.8,205,0,0,0,0,0,0
3406,M63108,M,303.9,313.5,1911,38.0,162,0,0,0,0,0,0
3407,L37329,L,298.0,308.6,1786,39.7,60,0,0,0,0,0,0
3408,L84109,L,300.2,311.0,1528,48.7,95,0,0,0,0,0,0
3409,L77967,L,300.7,311.0,1434,41.0,87,0,0,0,0,0,0
3410,L62270,L,299.4,309.1,1101,32.6,110,0,0,0,0,0,0
3411,M26348,M,298.0,307.5,1410,61.9,214,0,0,0,0,0,0
3412,L48918,L,298.4,307.5,1486,37.3,104,0,0,0,0,0,0
3413,L33238,L,298.9,308.4,1443,30.9,14,0,0,0,0,0,0
3414,L63795,L,298.6,307.3,1455,21.1,187,1,0,0,1,0,0
3415,L16143,L,302.7,314.0,1612,40.9,199,0,0,0,0,0,0
3416,L48255,L,300.0,311.8,1320,46.9,145,0,0,0,0,0,0
3417,M98242,M,299.0,307.0,1549,28.6,120,0,0,0,0,0,0
3418,M28860,M,300.2,310.5,1480,46.2,195,0,0,0,0,0,0
3419,L54432,L,301.3,311.6,1341,40.8,6,0,0,0,0,0,0
3420,M52425,M,299.3,309.5,1801,22.3,148,0,0,0,0,0,0
3421,M87998,M,301.8,311.2,1635,46.3,241,0,0,0,0,0,0
3422,L95326,L,297.5,308.5,1358,37.3,201,0,0,0,0,0,0
3423,M85130,M,302.3,312.8,1593,28.7,70,0,0,0,0,0,0
3424,L62912,L,300.0,311.0,1250,49.6,232,0,0,0,0,0,0
3425,L47805,L,299.9,309.2,1381,49.4,51,0,0,0,0,0,0
3426,L75552,L,298.6,307.2,1739,28.5,138,0,0,0,0,0,0
3427,L14570,L,297.5,308.0,1563,42.9,158,0,0,0,0,0,0
3428,M69155,M,296.7,305.7,1549,42.0,9,0,0,0,0,0,0
3429,H38168,H,298.5,309.5,1678,39.3,32,0,0,0,0,0,0
3430,M51524,M,301.2,309.0,1610,34.8,138,0,0,0,0,0,0
3431,L68429,L,298.1,307.6,1452,38.5,46,0,0,0,0,0,0
3432,L46648,L,296.9,306.3,1669,49.4,106,0,0,0,0,0,0
3433,H36643,H,298.2,307.8,1196,44.1,179,0,0,0,0,0,0
3434,L27853,L,299.2,309.5,1380,20.7,158,1,0,0,1,0,0
3435,L46245,L,299.3,309.7,1483,18.6,221,1,0,0,1,0,0
3436,L11392,L,299.7,310.4,1599,21.4,233,0,0,0,0,0,0
3437,L87514,L,302.1,312.8,1442,26.4,234,0,0,0,0,0,0
3438,L87683,L,302.5,312.3,1179,32.4,99,0,0,0,0,0,0
3439,L71122,L,304.0,316.1,1154,35.5,31,0,0,0,0,0,0
3440,L34983,L,296.8,308.1,1488,39.3,169,0,0,0,0,0,0
3441,L78923,L,298.3,308.0,1414,39.7,233,0,0,0,0,0,0
3442,L63264,L,301.4,311.3,1336,39.5,195,0,0,0,0,0,0
3443,L33818,L,299.1,308.8,1306,51.4,176,0,0,0,0,0,0
3444,L51601,L,301.7,312.1,1524,23.2,203,0,0,0,0,0,0
3445,M17209,M,300.4,309.4,1734,43.3,104,0,0,0,0,0,0
3446,L19821,L,303.2,312.4,1524,43.3,127,0,0,0,0,0,0
3447,M43933,M,302.1,309.9,1737,27.4,51,0,0,0,0,0,0
3448,M13191,M,302.1,311.7,1433,45.3,170,0,0,0,0,0,0
3449,L88259,L,299.2,310.2,1580,43.7,88,0,0,0,0,0,0
3450,M94741,M,299.8,309.7,1743,39.6,68,0,0,0,0,0,0
3451,M39600,M,299.4,309.3,1472,15.8,63,1,0,0,1,0,0
3452,L42573,L,297.0,307.3,1505,49.6,129,0,0,0,0,0,0
3453,L79283,L,302.9,311.9,1433,42.3,137,0,0,0,0,0,0
3454,L38272,L,301.5,311.5,1607,44.0,209,0,0,0,0,0,0
3455,H80725,H,299.3,310.2,1662,6.1,232,1,0,0,1,0,0
3456,M17647,M,302.6,312.9,1563,34.7,78,0,0,0,0,0,0
3457,H57994,H,298.7,309.7,1459,25.7,84,0,0,0,0,0,0
3458,H10257,H,296.3,307.6,1230,52.9,71,0,0,0,0,0,0
3459,L75376,L,302.0,312.7,1491,28.9,76,0,0,0,0,0,0
3460,M75144,M,297.4,306.7,1465,54.8,184,0,0,0,0,0,0
3461,L51400,L,299.6,309.3,1542,49.5,159,0,0,0,0,0,0
3462,M89797,M,300.4,312.3,1521,42.2,20,0,0,0,0,0,0
3463,L69819,L,300.8,311.1,1783,51.4,145,1,0,0,1,0,0
3464,L32920,L,301.7,311.9,1375,30.6,214,0,0,0,0,0,0
3465,M63144,M,301.2,310.3,1216,32.3,15,0,0,0,0,0,0
3466,M50255,M,301.1,311.0,1294,49.2,229,0,0,0,0,0,0
3467,M72884,M,298.4,309.1,1386,30.6,65,0,0,0,0,0,0
3468,L65861,L,300.6,310.6,1695,26.7,83,0,0,0,0,0,0
3469,L80114,L,297.0,306.5,1266,36.8,101,0,0,0,0,0,0
3470,H25028,H,303.1,312.8,1291,31.2,36,0,0,0,0,0,0
3471,L12000,L,297.2,308.4,1575,58.7,25,1,0,0,1,0,0
3472,L43325,L,299.3,310.0,1653,47.8,61,0,0,0,0,0,0
3473,L16525,L,297.4,307.9,1221,34.2,1,0,0,0,0,0,0
3474,L54054,L,298.5,309.0,1181,30.0,146,0,0,0,0,0,0
3475,L42259,L,300.0,308.8,1358,43.4,34,0,0,0,0,0,0
3476,L68009,L,298.9,309.2,1618,51.9,24,0,0,0,0,0,0
3477,M70914,M,302.3,313.4,1526,42.9,142,0,0,0,0,0,0
3478,H98377,H,300.5,310.2,1365,30.5,150,0,0,0,0,0,0
3479,H11027,H,299.1,310.1,1633,25.6,167,0,0,0,0,0,0
3480,L54719,L,299.7,310.3,1522,36.2,127,0,0,0,0,0,0
3481,L81860,L,302.4,313.3,1481,43.2,224,0,0,0,0,0,0
3482,M33148,M,301.8,311.9,1209,35.3,32,0,0,0,0,0,0
3483,M87699,M,297.7,308.6,1361,50.1,199,0,0,0,0,0,0
3484,L68803,L,298.6,307.2,1852,45.3,104,0,0,0,0,0,0
3485,M54469,M,300.9,311.0,1439,42.4,229,1,1,0,0,0,0
3486,M20327,M,300.7,311.4,1328,45.1,59,0,0,0,0,0,0
3487,M61197,M,297.9,308.2,1431,26.1,240,0,0,0,0,0,0
3488,M10504,M,301.5,312.6,1521,35.0,219,0,0,0,0,0,0
3489,L38079,L,298.2,308.1,1659,29.6,44,0,0,0,0,0,0
3490,L43852,L,302.6,312.1,1612,43.8,110,0,0,0,0,0,0
3491,L17662,L,301.1,309.4,1378,29.7,61,0,0,0,0,0,0
3492,L16264,L,297.7,307.5,1729,40.8,36,0,0,0,0,0,0
3493,M89996,M,298.9,309.5,1647,38.4,98,0,0,0,0,0,0
3494,M52957,M,298.9,309.7,1420,46.0,135,0,0,0,0,0,0
3495,L18299,L,300.3,308.9,1477,28.0,102,0,0,0,0,0,0
3496,M39413,M,299.6,310.8,1608,44.5,84,0,0,0,0,0,0
3497,M63566,M,297.7,306.7,1693,29.3,83,0,0,0,0,0,0
3498,M90477,M,297.2,307.1,1227,30.4,41,0,0,0,0,0,0
3499,L50145,L,301.1,310.5,1513,38.6,56,0,0,0,0,0,0
3500,M26049,M,300.6,311.0,1494,51.9,134,0,0,0,0,0,0
3501,L53422,L,300.2,310.3,1397,31.6,40,0,0,0,0,0,0
3502,L72436,L,300.5,311.2,1396,22.2,210,1,0,0,1,0,0
3503,L21564,L,298.8,310.6,1690,30.5,186,0,0,0,0,0,0
3504,M66838,M,300.4,310.8,1596,36.1,250,1,1,0,0,0,0
3505,M41008,M,305.1,314.5,1879,58.7,80,1,0,0,1,0,0
3506,L99562,L,302.3,312.8,1397,43.9,46,0,0,0,0,0,0
3507,L49444,L,299.4,311.4,1525,32.5,19,0,0,0,0,0,0
3508,M61204,M,299.0,309.6,1556,38.6,89,0,0,0,0,0,0
3509,M73604,M,294.3,305.2,1661,55.7,233,1,0,0,1,0,0
3510,L82654,L,302.1,310.5,1745,37.6,150,0,0,0,0,0,0
3511,H14965,H,301.6,312.0,1517,37.7,243,0,0,0,0,0,0
3512,M41610,M,298.9,308.6,1303,35.9,231,1,1,0,0,0,0
3513,H11027,H,297.1,306.5,1372,47.0,96,0,0,0,0,0,0
3514,H16498,H,297.7,307.7,1526,34.7,111,0,0,0,0,0,0
3515,H52873,H,300.9,311.0,1702,48.7,76,0,0,0,0,0,0
3516,M46404,M,299.8,309.2,1240,50.6,188,0,0,0,0,0,0
3517,M74984,M,301.4,311.6,1289,46.1,144,0,0,0,0,0,0
3518,L70525,L,300.2,310.0,1636,37.8,16,0,0,0,0,0,0
3519,L93069,L,301.9,312.6,1267,26.0,232,0,0,0,0,0,0
3520,M32890,M,300.7,311.0,1297,37.8,199,0,0,0,0,0,0
3521,L59296,L,301.7,312.0,1705,33.3,236,0,0,0,0,0,0
3522,M22486,M,295.8,306.8,1460,32.2,63,0,0,0,0,0,0
3523,L48318,L,297.5,308.1,1446,37.6,191,0,0,0,0,0,0
3524,L19436,L,299.3,309.3,1746,44.8,160,0,0,0,0,0,0
3525,L92331,L,302.2,310.1,1309,33.8,31,1,0,1,0,0,0
3526,L57603,L,303.8,314.3,1272,26.3,66,0,0,0,0,0,0
3527,L16531,L,299.7,308.8,1793,30.4,49,0,0,0,0,0,0
3528,L40148,L,298.8,308.7,1542,56.9,39,0,0,0,0,0,0
3529,M79335,M,296.1,306.5,1622,45.5,164,0,0,0,0,0,0
3530,L78749,L,301.7,313.1,1444,30.4,219,0,0,0,0,0,0
3531,L77220,L,298.9,310.7,1481,52.9,250,1,0,0,0,1,0
3532,L67495,L,305.9,315.0,1373,37.6,54,0,0,0,0,0,0
3533,L98610,L,298.5,307.2,1557,62.8,171,1,0,0,1,0,0
3534,L94399,L,304.2,314.5,1650,42.6,20,0,0,0,0,0,0
3535,M46135,M,301.5,311.7,1535,45.7,60,0,0,0,0,0,0
3536,M98214,M,297.9,306.7,1691,48.4,214,0,0,0,0,0,0
3537,L71636,L,300.5,310.4,1619,54.9,238,1,0,0,0,1,0
3538,L10054,L,301.5,312.1,1311,35.6,246,0,0,0,0,0,0
3539,L77114,L,299.5,308.3,1474,54.0,118,0,0,0,0,0,0
3540,L31166,L,301.7,310.7,1419,33.8,186,0,0,0,0,0,0
3541,M87365,M,301.6,311.0,1636,36.4,93,0,0,0,0,0,0
3542,L31751,L,301.2,311.0,1583,40.1,177,0,0,0,0,0,0
3543,M53195,M,300.0,310.7,1523,49.2,39,0,0,0,0,0,0
3544,L89121,L,297.7,307.3,1682,36.7,31,0,0,0,0,0,0
3545,L80619,L,299.8,309.9,1164,56.5,249,1,0,0,0,1,0
3546,L21934,L,300.4,312.6,1391,53.3,79,0,0,0,0,0,0
3547,L97812,L,296.2,305.3,1407,40.4,227,0,0,0,0,0,0
3548,H47577,H,300.3,309.7,1545,30.3,6,0,0,0,0,0,0
3549,L57749,L,299.8,310.5,1600,50.0,210,0,0,0,0,0,0
3550,M14792,M,297.4,308.4,1500,19.0,237,1,0,0,1,0,0
3551,M12563,M,299.3,309.7,1263,47.4,4,0,0,0,0,0,0
3552,L53031,L,299.4,311.2,1573,31.8,98,0,0,0,0,0,0
3553,L42065,L,303.9,314.2,1523,52.6,204,0,0,0,0,0,0
3554,L13457,L,300.4,308.5,1236,26.1,1,1,0,1,0,0,0
3555,L17870,L,302.1,312.2,1447,33.4,77,0,0,0,0,0,0
3556,M75214,M,299.8,309.2,1567,44.4,65,0,0,0,0,0,0
3557,L62941,L,296.3,307.6,1798,46.0,34,0,0,0,0,0,0
3558,H56628,H,301.3,312.3,1304,33.7,22,0,0,0,0,0,0
3559,M61090,M,298.7,307.1,1642,36.7,63,0,0,0,0,0,0
3560,L99819,L,299.3,310.7,1306,49.5,51,0,0,0,0,0,0
3561,M51561,M,297.9,308.8,1271,50.1,247,0,0,0,0,0,0
3562,L98764,L,300.1,309.8,1282,36.5,6,0,0,0,0,0,0
3563,H36947,H,302.1,312.1,1609,33.9,33,0,0,0,0,0,0
3564,L80605,L,301.9,313.3,1523,26.3,204,0,0,0,0,0,0
3565,H66601,H,303.2,311.2,1443,42.5,193,0,0,0,0,0,0
3566,M36343,M,303.5,313.9,1582,48.1,118,0,0,0,0,0,0
3567,M20548,M,295.9,307.0,1507,41.5,97,0,0,0,0,0,0
3568,L20102,L,297.6,307.5,1520,30.8,88,0,0,0,0,0,0
3569,M68925,M,296.4,307.0,1445,57.9,246,1,0,0,0,1,0
3570,L24098,L,301.3,311.4,1315,19.0,219,1,0,0,1,0,0
3571,M65875,M,298.6,307.8,1804,48.8,66,0,0,0,0,0,0
3572,L72099,L,299.0,308.2,1752,42.2,117,0,0,0,0,0,0
3573,L76463,L,299.6,310.3,1786,44.7,189,0,0,0,0,0,0
3574,L22094,L,300.8,310.1,1403,32.1,209,0,0,0,0,0,0
3575,L21056,L,297.0,305.5,1377,38.5,31,0,0,0,0,0,0
3576,L35540,L,297.5,307.6,1425,42.9,242,0,0,0,0,0,0
3577,M53818,M,300.0,309.5,1693,39.1,207,0,0,0,0,0,0
3578,L18318,L,302.4,311.2,1500,22.1,127,0,0,0,0,0,0
3579,M54158,M,299.9,310.0,1402,57.1,127,0,0,0,0,0,0
3580,L14643,L,298.4,309.2,1565,46.5,128,0,0,0,0,0,0
3581,M22619,M,295.7,305.7,1367,40.3,206,0,0,0,0,0,0
3582,M45026,M,301.9,310.8,1256,41.0,138,0,0,0,0,0,0
3583,L61625,L,298.5,309.0,1523,56.8,206,0,0,0,0,0,0
3584,M47345,M,297.7,308.7,1407,32.6,218,0,0,0,0,0,0
3585,H73677,H,296.6,308.8,1498,30.3,178,0,0,0,0,0,0
3586,M27282,M,297.1,308.6,1017,48.5,12,0,0,0,0,0,0
3587,L18643,L,298.1,307.1,1339,44.6,113,0,0,0,0,0,0
3588,L92818,L,299.5,310.4,1492,29.9,65,0,0,0,0,0,0
3589,M49231,M,297.6,307.8,1227,50.9,11,0,0,0,0,0,0
3590,L64685,L,300.4,309.2,1233,42.9,164,0,0,0,0,0,0
3591,M74612,M,299.5,309.8,1507,31.0,130,0,0,0,0,0,0
3592,L36277,L,304.4,316.4,1626,44.9,15,0,0,0,0,0,0
3593,M15837,M,296.6,307.8,1339,43.4,157,0,0,0,0,0,0
3594,L85126,L,300.3,309.3,1453,39.1,48,0,0,0,0,0,0
3595,L71511,L,300.3,310.4,1457,43.8,237,1,1,0,0,0,0
3596,H59757,H,297.9,308.4,1219,46.3,176,0,0,0,0,0,0
3597,M88004,M,300.2,308.5,1713,49.1,1,0,0,0,0,0,0
3598,M50075,M,301.5,309.8,1467,41.1,220,0,0,0,0,0,0
3599,H14411,H,300.2,310.3,1469,37.3,16,0,0,0,0,0,0
3600,L77627,L,302.8,312.9,1567,42.4,3,0,0,0,0,0,0
3601,L82362,L,295.6,303.8,1219,51.9,100,1,0,1,0,0,0
3602,L43027,L,298.3,308.7,1666,46.3,39,0,0,0,0,0,0
3603,L27910,L,303.0,314.0,1689,36.7,207,0,0,0,0,0,0
3604,L82265,L,301.8,311.6,1525,40.6,239,0,0,0,0,0,0
3605,H15072,H,301.1,311.1,1583,56.7,198,0,0,0,0,0,0
3606,L10387,L,302.5,313.0,1441,47.5,93,0,0,0,0,0,0
3607,L85086,L,296.2,306.6,1655,41.5,74,0,0,0,0,0,0
3608,L32149,L,301.6,309.9,1352,51.4,87,0,0,0,0,0,0
3609,L80872,L,302.1,311.2,1494,34.6,22,0,0,0,0,0,0
3610,L57735,L,298.7,308.3,1505,43.3,229,0,0,0,0,0,0
3611,M93881,M,305.3,314.4,1493,58.8,62,0,0,0,0,0,0
3612,L85267,L,300.4,311.9,1692,46.5,63,0,0,0,0,0,0
3613,M53475,M,295.6,306.2,1894,56.2,181,1,0,0,1,0,0
3614,M76945,M,300.8,309.7,1480,39.2,156,0,0,0,0,0,0
3615,M24671,M,298.6,308.3,1585,35.2,243,1,1,0,0,0,0
3616,M94067,M,302.3,313.5,1356,51.6,248,0,0,0,0,0,0
3617,L92547,L,301.1,310.4,1686,21.7,106,0,0,0,0,0,0
3618,L33468,L,298.8,309.7,1407,41.8,233,0,0,0,0,0,0
3619,L56939,L,303.0,314.4,2066,50.3,242,1,0,0,1,0,0
3620,H93028,H,301.9,313.1,1199,45.6,217,0,0,0,0,0,0
3621,M39409,M,298.3,308.5,1887,19.0,236,1,1,0,0,0,0
3622,L20324,L,299.7,310.9,1678,26.5,152,0,0,0,0,0,0
3623,L98246,L,301.0,310.5,1298,38.9,29,0,0,0,0,0,0
3624,M27912,M,299.3,311.8,1918,44.7,217,0,0,0,0,0,0
3625,M24188,M,299.3,309.6,1333,45.1,78,0,0,0,0,0,0
3626,L52026,L,300.1,311.2,1443,39.9,234,0,0,0,0,0,0
3627,M51597,M,297.9,307.5,1267,47.3,131,0,0,0,0,0,0
3628,M28976,M,295.5,306.0,1474,44.4,124,0,0,0,0,0,0
3629,M89371,M,300.5,311.0,1491,38.7,210,0,0,0,0,0,0
3630,L12841,L,296.0,305.1,1649,45.4,98,0,0,0,0,0,0
3631,L92888,L,298.0,307.1,1939,33.5,27,0,0,0,0,0,0
3632,H67551,H,296.5,306.3,1408,46.4,198,0,0,0,0,0,0
3633,L33666,L,296.7,307.8,1005,31.5,74,0,0,0,0,0,0
3634,L46688,L,300.9,309.0,1617,44.9,214,0,0,0,0,0,0
3635,L17267,L,299.6,309.2,1401,44.6,232,0,0,0,0,0,0
3636,L93049,L,299.5,310.8,1827,37.0,99,0,0,0,0,0,0
3637,M73469,M,297.4,306.1,1494,46.3,170,0,0,0,0,0,0
3638,L98538,L,298.7,309.9,1363,55.4,4,0,0,0,0,0,0
3639,M13921,M,300.8,309.6,1318,29.8,201,0,0,0,0,0,0
3640,L93298,L,299.9,309.0,1612,49.5,116,0,0,0,0,0,0
3641,L84984,L,301.6,311.5,1450,50.9,67,0,0,0,0,0,0
3642,L56459,L,301.9,313.8,1764,37.9,221,0,0,0,0,0,0
3643,M65571,M,299.5,308.9,1462,48.0,104,0,0,0,0,0,0
3644,L37730,L,296.3,304.6,1755,37.5,208,0,0,0,0,0,0
3645,L55804,L,298.5,307.1,1252,52.6,106,0,0,0,0,0,0
3646,M95963,M,299.8,310.7,1187,12.6,240,1,0,0,1,0,0
3647,L83214,L,298.4,307.1,1649,54.4,170,0,0,0,0,0,0
3648,L43611,L,297.9,309.1,1416,28.9,169,0,0,0,0,0,0
3649,L59521,L,300.1,310.2,1453,40.9,31,0,0,0,0,0,0
3650,M44098,M,304.9,314.8,1318,31.9,189,0,0,0,0,0,0
3651,L41322,L,299.0,309.3,1305,55.0,132,0,0,0,0,0,0
3652,L67155,L,300.0,309.2,1614,37.7,182,0,0,0,0,0,0
3653,L47592,L,297.4,307.5,1497,34.6,219,0,0,0,0,0,0
3654,L67073,L,302.5,311.3,1309,51.2,178,0,0,0,0,0,0
3655,L97350,L,301.7,313.1,1642,47.3,126,0,0,0,0,0,0
3656,L19412,L,301.6,310.6,1711,36.7,216,0,0,0,0,0,0
3657,L46341,L,302.7,313.2,1480,30.1,187,0,0,0,0,0,0
3658,L27242,L,299.1,308.1,1681,28.7,193,0,0,0,0,0,0
3659,M15979,M,299.4,308.9,1320,52.8,231,0,0,0,0,0,0
3660,L10001,L,303.4,313.0,1604,44.2,35,0,0,0,0,0,0
3661,L43546,L,301.3,314.2,1529,41.7,126,0,0,0,0,0,0
3662,H18906,H,295.6,305.5,1358,44.9,31,0,0,0,0,0,0
3663,M74768,M,300.9,310.1,1870,20.5,190,0,0,0,0,0,0
3664,M40848,M,298.8,308.4,1542,36.8,109,0,0,0,0,0,0
3665,L29693,L,301.8,310.3,1394,37.0,182,0,0,0,0,0,0
3666,L95377,L,300.8,310.7,1504,49.8,31,0,0,0,0,0,0
3667,L66385,L,296.5,308.4,1343,25.3,157,0,0,0,0,0,0
3668,L81941,L,300.5,310.9,1292,50.5,29,0,0,0,0,0,0
3669,L79256,L,300.4,311.3,1419,57.9,89,0,0,0,0,0,0
3670,L30501,L,300.7,309.8,1431,22.8,136,0,0,0,0,0,0
3671,L66532,L,301.2,310.9,1355,40.2,175,0,0,0,0,0,0
3672,M20458,M,303.0,313.2,1725,45.0,127,0,0,0,0,0,0
3673,L57884,L,300.8,310.1,1362,48.7,185,0,0,0,0,0,0
3674,L99882,L,300.0,310.4,1332,18.4,44,1,0,0,1,0,0
3675,M28954,M,302.3,312.9,1287,43.4,162,0,0,0,0,0,0
3676,M74817,M,304.5,315.0,1269,37.8,98,0,0,0,0,0,0
3677,L14739,L,301.8,311.7,1685,37.2,39,0,0,0,0,0,0
3678,L57098,L,300.4,311.5,1546,60.7,216,1,0,0,1,1,0
3679,L21328,L,300.9,310.6,1624,37.8,247,1,1,0,0,0,0
3680,L98055,L,300.5,310.2,1683,44.5,61,0,0,0,0,0,0
3681,M50151,M,300.0,311.5,1440,38.8,40,0,0,0,0,0,0
3682,L95868,L,304.3,313.2,1765,42.4,193,0,0,0,0,0,0
3683,L91213,L,298.5,306.8,1387,45.5,251,0,0,0,0,0,0
3684,L20427,L,302.3,311.4,1303,48.9,106,0,0,0,0,0,0
3685,L55520,L,299.7,310.1,1567,32.2,200,0,0,0,0,0,0
3686,L67239,L,297.0,308.3,1526,41.5,37,0,0,0,0,0,0
3687,L48736,L,299.6,309.0,1526,41.9,58,0,0,0,0,0,0
3688,H72092,H,298.9,310.7,1683,23.5,36,0,0,0,0,0,0
3689,M50120,M,301.2,311.2,1519,30.5,169,0,0,0,0,0,0
3690,L87725,L,300.2,310.1,1556,48.9,149,0,0,0,0,0,0
3691,L66710,L,298.0,307.1,1745,35.4,167,0,0,0,0,0,0
3692,M54876,M,302.9,314.9,1548,66.1,43,1,0,0,1,0,0
3693,L87001,L,302.2,312.0,1589,49.6,21,0,0,0,0,0,0
3694,L71184,L,303.2,311.8,1245,44.5,135,0,0,0,0,0,0
3695,M34346,M,300.5,312.9,2169,55.1,134,1,0,0,1,0,0
3696,L41912,L,299.9,310.3,1214,47.7,107,0,0,0,0,0,0
3697,L18349,L,301.4,312.2,1403,41.8,173,0,0,0,0,0,0
3698,L46108,L,298.8,310.5,1397,25.9,106,0,0,0,0,0,0
3699,L60971,L,300.3,310.9,1879,46.7,217,0,0,0,0,0,0
3700,L60690,L,299.6,310.6,1392,54.0,197,0,0,0,0,0,0
3701,M81270,M,297.1,307.1,1580,34.1,85,0,0,0,0,0,0
3702,L29268,L,300.3,311.0,1399,21.7,226,1,1,0,1,0,0
3703,L45610,L,299.1,309.1,1313,29.3,124,0,0,0,0,0,0
3704,M81302,M,299.5,309.5,1603,57.6,117,1,0,0,1,0,0
3705,L75734,L,300.7,310.8,1371,40.8,182,0,0,0,0,0,0
3706,L54774,L,302.5,312.1,1537,54.6,242,1,1,0,0,1,0
3707,L81002,L,298.3,308.8,1613,40.2,8,0,0,0,0,0,0
3708,M86616,M,299.3,309.8,1843,35.0,44,0,0,0,0,0,0
3709,L48414,L,298.5,309.3,1273,61.3,204,1,0,0,0,1,0
3710,M80818,M,298.3,309.0,1472,36.3,112,0,0,0,0,0,0
3711,M30195,M,298.8,310.8,1480,37.5,217,0,0,0,0,0,0
3712,M60587,M,299.6,310.7,1500,44.6,89,0,0,0,0,0,0
3713,H32424,H,301.2,311.0,1962,37.1,247,0,0,0,0,0,0
3714,M71891,M,300.6,311.1,1469,47.8,55,0,0,0,0,0,0
3715,M42963,M,297.9,309.3,1046,44.5,240,0,0,0,0,0,0
3716,M86335,M,302.6,311.6,1464,44.9,200,0,0,0,0,0,0
3717,M92165,M,301.9,313.9,1479,33.8,246,1,1,0,0,0,0
3718,M40484,M,298.2,307.4,1457,23.4,41,0,0,0,0,0,0
3719,H13091,H,302.4,313.3,1371,31.7,89,0,0,0,0,0,0
3720,L75608,L,300.7,310.7,1262,32.6,50,0,0,0,0,0,0
3721,M92257,M,299.7,309.6,1889,42.9,210,0,0,0,0,0,0
3722,L93147,L,300.7,309.4,1557,31.8,68,0,0,0,0,0,0
3723,M30876,M,299.9,310.9,1465,25.3,133,0,0,0,0,0,0
3724,L12806,L,301.1,309.8,1883,28.5,49,0,0,0,0,0,0
3725,M16891,M,300.4,308.9,1344,43.9,179,0,0,0,0,0,0
3726,M54939,M,299.3,310.5,1608,46.9,188,0,0,0,0,0,0
3727,H34414,H,295.9,307.7,1275,34.9,29,0,0,0,0,0,0
3728,L23033,L,301.1,310.4,1635,36.0,174,0,0,0,0,0,0
3729,M27942,M,299.3,310.3,1296,46.1,42,0,0,0,0,0,0
3730,M44691,M,301.6,312.4,1585,41.7,241,0,0,0,0,0,0
3731,H14833,H,301.0,310.9,1852,51.9,223,1,0,0,1,0,0
3732,H84587,H,299.3,310.6,1517,38.4,51,0,0,0,0,0,0
3733,L95982,L,302.0,311.9,1105,31.7,86,0,0,0,0,0,0
3734,L27911,L,300.4,310.9,1506,50.9,151,0,0,0,0,0,0
3735,L61813,L,300.3,309.1,1586,36.9,204,0,0,0,0,0,0
3736,H13232,H,299.7,308.5,1662,32.1,239,0,0,0,0,0,0
3737,L17647,L,303.4,314.5,1765,48.9,106,0,0,0,0,0,0
3738,M35609,M,298.6,309.1,1774,54.5,124,1,0,0,1,0,0
3739,M86233,M,299.4,309.2,1476,41.8,40,0,0,0,0,0,0
3740,L80154,L,297.5,309.4,1381,30.0,88,0,0,0,0,0,0
3741,L73983,L,301.5,313.4,1299,55.3,251,1,0,0,0,1,0
3742,L19681,L,298.8,309.3,1403,43.8,237,1,1,0,0,0,0
3743,M29499,M,299.1,307.6,1586,42.2,105,0,0,0,0,0,0
3744,L62757,L,299.0,308.9,1257,36.0,56,0,0,0,0,0,0
3745,L43222,L,300.1,309.3,1333,51.3,145,0,0,0,0,0,0
3746,M76828,M,297.5,307.6,1601,28.9,107,0,0,0,0,0,0
3747,L59733,L,295.5,304.6,1384,28.0,190,0,0,0,0,0,0
3748,M61335,M,300.9,309.7,1567,58.9,159,1,0,0,1,0,0
3749,L61815,L,295.8,303.5,1353,31.4,167,0,0,0,0,0,0
3750,L94136,L,301.7,311.9,1552,49.6,95,0,0,0,0,0,0
3751,L60011,L,303.1,310.8,1361,53.8,156,0,0,0,0,0,0
3752,L78154,L,299.7,309.4,1158,42.1,174,0,0,0,0,0,0
3753,L53670,L,302.6,313.3,1672,31.2,164,0,0,0,0,0,0
3754,M17923,M,300.0,309.2,1375,46.3,176,0,0,0,0,0,0
3755,L58752,L,303.2,312.1,1455,53.9,225,0,0,0,0,0,0
3756,L87011,L,299.1,309.0,1376,43.4,68,0,0,0,0,0,0
3757,L78409,L,295.3,304.4,1598,32.5,40,0,0,0,0,0,0
3758,L59309,L,299.8,310.0,1560,43.1,9,0,0,0,0,0,0
3759,H96062,H,303.4,312.4,1598,26.2,177,0,0,0,0,0,0
3760,L97091,L,301.1,311.0,1401,30.3,85,0,0,0,0,0,0
3761,H94818,H,299.0,308.6,1491,37.4,128,0,0,0,0,0,0
3762,L98670,L,300.7,310.6,1575,40.6,19,0,0,0,0,0,0
3763,L39931,L,301.9,313.6,1778,28.0,235,1,1,0,0,0,0
3764,L24737,L,299.8,310.0,1555,42.5,149,0,0,0,0,0,0
3765,L49813,L,305.3,315.8,1319,45.2,32,0,0,0,0,0,0
3766,M32359,M,299.0,308.3,1548,37.9,103,0,0,0,0,0,0
3767,L24408,L,302.0,312.2,1470,18.4,79,1,0,0,1,0,0
3768,L68815,L,301.5,311.2,1140,41.0,219,0,0,0,0,0,0
3769,M19919,M,298.6,308.6,1168,58.1,222,0,0,0,0,0,0
3770,M15014,M,299.2,309.8,1488,44.6,200,0,0,0,0,0,0
3771,H26595,H,302.0,311.5,1503,40.2,98,0,0,0,0,0,0
3772,H46088,H,300.3,309.9,1447,36.3,239,0,0,0,0,0,0
3773,M69369,M,300.7,310.2,1659,45.8,70,0,0,0,0,0,0
3774,M98956,M,296.7,306.2,1332,42.1,167,0,0,0,0,0,0
3775,M66230,M,301.3,311.5,1250,47.1,132,0,0,0,0,0,0
3776,L57333,L,300.6,310.2,1351,29.0,111,0,0,0,0,0,0
3777,M36573,M,299.9,311.4,1390,41.2,48,0,0,0,0,0,0
3778,L39819,L,300.7,313.4,1490,35.4,61,0,0,0,0,0,0
3779,M65650,M,299.2,308.6,1356,43.7,208,0,0,0,0,0,0
3780,H26711,H,298.8,309.1,1114,20.5,169,1,0,0,1,0,0
3781,L17055,L,299.5,310.6,1038,36.1,236,0,0,0,0,0,0
3782,M77511,M,299.1,308.8,1522,45.4,172,0,0,0,0,0,0
3783,H98480,H,304.4,313.4,1297,47.0,15,0,0,0,0,0,0
3784,L93726,L,301.8,313.6,1139,39.7,29,0,0,0,0,0,0
3785,L70576,L,298.1,308.7,1612,18.4,183,1,0,0,1,0,0
3786,H93198,H,304.1,314.4,1778,46.4,63,0,0,0,0,0,0
3787,H78182,H,299.1,310.6,1483,55.8,63,0,0,0,0,0,0
3788,L15860,L,300.1,310.8,1548,31.6,103,0,0,0,0,0,0
3789,L45103,L,301.8,311.7,1550,35.7,189,0,0,0,0,0,0
3790,M16815,M,296.1,305.1,1084,48.1,162,0,0,0,0,0,0
3791,L33383,L,299.5,309.0,1660,48.3,49,0,0,0,0,0,0
3792,L99155,L,298.9,310.1,1723,51.0,227,1,1,0,0,0,0
3793,L84305,L,300.4,311.1,1831,50.1,246,1,1,0,1,0,0
3794,L95793,L,300.7,310.6,1421,24.7,200,0,0,0,0,0,0
3795,L53288,L,299.8,311.6,1296,35.2,49,0,0,0,0,0,0
3796,M29749,M,299.8,309.6,1745,46.3,201,0,0,0,0,0,0
3797,M44106,M,302.1,313.1,1590,39.1,132,0,0,0,0,0,0
3798,M27790,M,300.6,310.8,1657,43.7,7,0,0,0,0,0,0
3799,L96897,L,300.1,312.0,1384,38.7,169,0,0,0,0,0,0
3800,L63062,L,300.3,311.0,1549,35.6,247,0,0,0,0,0,0
3801,L14379,L,303.7,313.7,1310,37.6,109,0,0,0,0,0,0
3802,L38546,L,300.3,310.2,1499,28.8,16,0,0,0,0,0,0
3803,L54814,L,299.0,309.0,1437,32.8,58,0,0,0,0,0,0
3804,L74636,L,296.2,305.5,1922,39.3,141,0,0,0,0,0,0
3805,L90685,L,297.1,305.8,1599,39.5,200,0,0,0,0,0,0
3806,L28516,L,299.1,309.4,1113,45.7,47,0,0,0,0,0,0
3807,M73504,M,299.8,309.2,1500,37.1,56,0,0,0,0,0,0
3808,M82558,M,298.9,308.4,1566,56.8,233,1,1,0,0,0,0
3809,H80265,H,300.7,310.6,1415,52.3,223,0,0,0,0,0,0
3810,M35413,M,298.9,308.9,1302,35.0,232,0,0,0,0,0,0
3811,L40496,L,298.2,308.2,1619,42.0,44,0,0,0,0,0,0
3812,L22525,L,301.2,313.0,1327,52.1,236,0,0,0,0,0,0
3813,L62347,L,302.7,313.4,1604,33.6,86,0,0,0,0,0,0
3814,L40795,L,297.8,309.9,1312,32.5,131,0,0,0,0,0,0
3815,L47208,L,300.5,310.0,1404,53.0,115,0,0,0,0,0,0
3816,L11780,L,296.2,307.0,1672,46.9,247,0,0,0,0,0,0
3817,L94998,L,297.1,306.7,1588,50.7,66,0,0,0,0,0,0
3818,L68043,L,298.8,308.3,1506,43.2,242,0,0,0,0,0,0
3819,M31439,M,302.3,314.4,1495,37.5,243,0,0,0,0,0,0
3820,M16102,M,298.4,307.7,1516,26.6,232,0,0,0,0,0,0
3821,M45109,M,298.4,306.1,1358,41.4,90,0,0,0,0,0,0
3822,M23281,M,300.1,309.4,1227,52.3,95,0,0,0,0,0,0
3823,L26954,L,300.1,308.1,1602,52.4,52,0,0,0,0,0,0
3824,L81406,L,298.4,307.5,1775,50.7,120,0,0,0,0,0,0
3825,M14773,M,304.0,313.1,1609,47.9,63,0,0,0,0,0,0
3826,L55503,L,299.5,309.5,1546,62.1,159,1,0,0,1,0,0
3827,L79534,L,300.2,308.2,1282,24.5,220,1,0,1,1,0,0
3828,L63362,L,299.2,310.4,1658,42.3,240,0,0,0,0,0,0
3829,H21857,H,300.9,309.0,1587,30.6,111,0,0,0,0,0,0
3830,M35314,M,302.5,312.3,1637,55.5,109,1,0,0,1,0,0
3831,L25520,L,303.3,313.0,1686,34.5,130,0,0,0,0,0,0
3832,M97501,M,298.5,309.3,1785,50.1,231,0,0,0,0,0,0
3833,L71000,L,302.2,312.6,1299,35.5,20,0,0,0,0,0,0
3834,L98832,L,301.1,312.3,1268,44.2,77,0,0,0,0,0,0
3835,L22255,L,301.9,311.6,1527,38.9,50,0,0,0,0,0,0
3836,L42905,L,299.8,309.4,1334,39.9,196,0,0,0,0,0,0
3837,M41867,M,299.6,310.0,1303,43.3,96,0,0,0,0,0,0
3838,L80911,L,301.9,312.9,1720,49.2,244,0,0,0,0,0,0
3839,M16536,M,301.9,312.7,1318,38.9,248,0,0,0,0,0,0
3840,L82198,L,303.1,313.5,1498,48.9,223,0,0,0,0,0,0
3841,M52113,M,300.4,310.6,1206,50.4,129,0,0,0,0,0,0
3842,M92233,M,299.8,309.7,1511,35.8,236,0,0,0,0,0,0
3843,M39666,M,295.1,305.5,1713,58.9,95,1,0,0,1,0,0
3844,M87551,M,296.8,308.8,1718,47.5,99,0,0,0,0,0,0
3845,H90504,H,299.2,309.0,1688,35.7,120,0,0,0,0,0,0
3846,L49548,L,297.8,307.4,1486,46.1,176,0,0,0,0,0,0
3847,M90816,M,301.6,311.2,1700,50.4,16,0,0,0,0,0,0
3848,M42486,M,297.4,307.8,1577,45.9,136,0,0,0,0,0,0
3849,L69468,L,299.0,306.9,1421,42.0,244,1,1,0,0,0,0
3850,L94151,L,299.1,308.9,1569,5.5,17,1,0,0,1,0,0
3851,L25974,L,302.4,313.3,1659,30.3,22,0,0,0,0,0,0
3852,L46724,L,298.8,308.3,1261,46.8,239,0,0,0,0,0,0
3853,L14789,L,300.9,311.1,1309,30.1,210,0,0,0,0,0,0
3854,L56812,L,300.4,312.5,1474,45.1,0,0,0,0,0,0,0
3855,M34797,M,301.8,312.1,1280,48.8,114,0,0,0,0,0,0
3856,L18649,L,301.7,309.5,1278,38.9,78,1,0,1,0,0,0
3857,M91344,M,299.9,308.5,1424,22.4,42,0,0,0,0,0,0
3858,L36464,L,296.6,306.4,1679,32.6,13,0,0,0,0,0,0
3859,M75723,M,299.5,308.7,1675,46.8,63,0,0,0,0,0,0
3860,L24663,L,300.0,310.1,1558,52.6,165,0,0,0,0,0,0
3861,L33948,L,300.6,310.3,1532,19.2,77,1,0,0,1,0,0
3862,L17412,L,298.5,309.7,1876,40.8,78,0,0,0,0,0,0
3863,M73730,M,302.3,311.2,1403,25.3,66,0,0,0,0,0,0
3864,L43368,L,300.0,309.8,1543,40.9,25,0,0,0,0,0,0
3865,H91117,H,298.2,308.4,1394,38.4,150,0,0,0,0,0,0
3866,L56390,L,299.1,309.4,1268,63.6,185,0,0,0,0,0,0
3867,L27136,L,303.9,314.0,1713,34.6,248,1,1,0,0,0,0
3868,L80136,L,301.3,308.9,1445,50.5,57,0,0,0,0,0,0
3869,M88060,M,302.1,312.2,1625,50.1,41,0,0,0,0,0,0
3870,L64695,L,297.9,307.8,1456,38.1,179,0,0,0,0,0,0
3871,L72535,L,298.6,309.5,1724,41.2,82,0,0,0,0,0,0
3872,L84200,L,298.6,309.4,1320,40.0,129,0,0,0,0,0,0
3873,L19857,L,300.4,310.6,1710,32.6,179,0,0,0,0,0,0
3874,L30951,L,299.7,310.0,1661,31.7,106,0,0,0,0,0,0
3875,H80191,H,299.0,310.4,1177,35.9,94,0,0,0,0,0,0
3876,L81555,L,299.3,310.4,1407,28.6,111,0,0,0,0,0,0
3877,L26910,L,298.4,308.7,1684,35.0,116,0,0,0,0,0,0
3878,H14645,H,299.6,311.8,1795,38.0,0,0,0,0,0,0,0
3879,L58724,L,302.2,311.6,1629,41.6,48,0,0,0,0,0,0
3880,L34946,L,297.0,305.8,1429,44.4,154,0,0,0,0,0,0
3881,M24834,M,300.7,310.7,1326,38.0,4,0,0,0,0,0,0
3882,H49935,H,302.8,312.4,1602,32.3,70,0,0,0,0,0,0
3883,M33948,M,299.6,307.2,1423,44.3,111,0,0,0,0,0,0
3884,L96144,L,298.9,308.3,1431,47.9,112,0,0,0,0,0,0
3885,H83176,H,301.8,312.2,1460,35.1,12,0,0,0,0,0,0
3886,L18164,L,298.0,308.0,1659,30.2,221,0,0,0,0,0,0
3887,H96659,H,300.0,309.2,1825,35.5,23,0,0,0,0,0,0
3888,M33632,M,297.9,308.0,1685,38.2,222,0,0,0,0,0,0
3889,H24729,H,296.3,306.4,1502,51.5,251,1,1,0,0,0,0
3890,L23717,L,299.7,310.4,1338,46.9,45,0,0,0,0,0,0
3891,L44114,L,297.5,306.8,1620,40.0,18,0,0,0,0,0,0
3892,M48275,M,300.0,310.9,1800,59.0,31,1,0,0,1,0,0
3893,L91297,L,302.2,311.1,1681,39.7,216,0,0,0,0,0,0
3894,L39598,L,303.7,313.2,1537,54.1,246,1,0,0,0,1,0
3895,H71615,H,300.2,311.9,1412,52.2,150,0,0,0,0,0,0
3896,M18288,M,302.0,311.0,1562,51.5,240,1,1,0,0,0,0
3897,L83905,L,300.8,310.1,1708,43.2,195,0,0,0,0,0,0
3898,L53311,L,299.2,308.0,1542,41.2,144,0,0,0,0,0,0
3899,L62154,L,296.2,305.3,1481,40.1,231,1,1,0,0,0,0
3900,L53698,L,303.3,313.4,1376,48.5,118,0,0,0,0,0,0
3901,L76700,L,297.9,308.6,1966,32.1,104,0,0,0,0,0,0
3902,M66719,M,302.8,312.7,1340,37.4,182,0,0,0,0,0,0
3903,M42842,M,301.1,310.7,1323,56.7,189,0,0,0,0,0,0
3904,L85687,L,298.0,306.8,1530,46.2,90,0,0,0,0,0,0
3905,L19775,L,300.6,309.9,1464,49.5,120,0,0,0,0,0,0
3906,M97599,M,304.3,312.7,1684,27.8,55,0,0,0,0,0,0
3907,M66005,M,303.1,313.8,1690,35.7,30,0,0,0,0,0,0
3908,M19348,M,299.0,309.8,1281,43.3,89,0,0,0,0,0,0
3909,L54961,L,298.6,308.5,1364,39.6,125,0,0,0,0,0,0
3910,M40457,M,300.2,310.6,1342,27.7,40,0,0,0,0,0,0
3911,L14626,L,299.7,310.5,1641,47.6,41,0,0,0,0,0,0
3912,L97508,L,302.4,312.5,1577,50.8,31,0,0,0,0,0,0
3913,M88831,M,301.5,312.9,1433,37.1,222,0,0,0,0,0,0
3914,L61082,L,296.6,305.6,1539,48.0,176,0,0,0,0,0,0
3915,L21142,L,300.9,310.6,1297,60.3,37,0,0,0,0,0,0
3916,L45721,L,299.6,309.2,1366,55.3,167,0,0,0,0,0,0
3917,L74576,L,300.1,310.7,1266,37.6,123,0,0,0,0,0,0
3918,L49139,L,300.5,309.1,1526,29.0,143,0,0,0,0,0,0
3919,M58787,M,302.4,313.8,1526,42.3,210,0,0,0,0,0,0
3920,L85839,L,302.0,312.5,1323,63.5,120,0,0,0,0,0,0
3921,L26376,L,298.5,310.3,1576,53.4,73,0,0,0,0,0,0
3922,M87736,M,299.9,309.8,1690,39.9,197,0,0,0,0,0,0
3923,L98166,L,299.1,308.6,1315,55.6,40,0,0,0,0,0,0
3924,H36559,H,296.6,307.3,1441,51.7,234,0,0,0,0,0,0
3925,L93634,L,299.8,310.8,1592,21.0,238,0,0,0,0,0,0
3926,L37795,L,303.7,313.0,1499,50.6,87,0,0,0,0,0,0
3927,L73080,L,296.6,304.6,1253,41.2,195,1,0,1,0,0,0
3928,M72982,M,300.0,308.1,1421,31.3,233,0,0,0,0,0,0
3929,L94256,L,299.9,310.1,1415,40.9,233,0,0,0,0,0,0
3930,H16077,H,300.6,312.1,1469,44.1,29,0,0,0,0,0,0
3931,L63550,L,298.1,306.8,1477,32.1,42,0,0,0,0,0,0
3932,L86135,L,297.1,306.9,1782,38.8,124,0,0,0,0,0,0
3933,L18227,L,297.2,306.9,1462,36.7,140,0,0,0,0,0,0
3934,L10623,L,302.7,314.6,1191,48.0,87,0,0,0,0,0,0
3935,L15821,L,298.0,310.3,1516,37.0,19,0,0,0,0,0,0
3936,L51492,L,299.0,309.4,1815,23.0,109,0,0,0,0,0,0
3937,L60440,L,304.2,315.1,1470,35.5,71,0,0,0,0,0,0
3938,M81326,M,298.5,309.4,1421,30.5,113,0,0,0,0,0,0
3939,L47926,L,300.7,309.4,1445,27.1,69,0,0,0,0,0,0
3940,L92283,L,302.1,312.8,1605,51.8,110,0,0,0,0,0,0
3941,L20189,L,302.0,311.0,1444,48.0,149,0,0,0,0,0,0
3942,L66427,L,297.3,307.2,1227,30.3,91,0,0,0,0,0,0
3943,L51856,L,298.6,309.7,1379,27.3,53,0,0,0,0,0,0
3944,M57768,M,300.6,310.7,1488,39.0,100,0,0,0,0,0,0
3945,L55299,L,303.9,315.0,1596,26.8,66,0,0,0,0,0,0
3946,M72752,M,298.5,309.8,1395,37.6,16,0,0,0,0,0,0
3947,L74481,L,299.0,307.3,1447,40.7,160,0,0,0,0,0,0
3948,L85789,L,300.8,308.7,1508,43.0,160,0,0,0,0,0,0
3949,M43018,M,301.2,312.4,1360,43.4,80,0,0,0,0,0,0
3950,L11167,L,301.4,312.6,1483,32.2,243,0,0,0,0,0,0
3951,L24366,L,298.3,308.6,1584,40.7,200,0,0,0,0,0,0
3952,H64563,H,298.9,309.3,1286,52.8,228,0,0,0,0,0,0
3953,H24461,H,300.4,311.3,1555,19.0,119,1,0,0,1,0,0
3954,M79019,M,302.5,313.4,1304,43.3,133,0,0,0,0,0,0
3955,L10023,L,299.5,309.2,1307,28.2,175,0,0,0,0,0,0
3956,L93288,L,300.0,310.9,1381,54.0,149,0,0,0,0,0,0
3957,H99286,H,297.9,307.6,1746,48.2,169,0,0,0,0,0,0
3958,H45962,H,303.7,314.0,1191,47.9,109,0,0,0,0,0,0
3959,L87202,L,300.3,310.5,1416,31.5,34,0,0,0,0,0,0
3960,L91155,L,302.2,311.3,1495,42.6,205,0,0,0,0,0,0
3961,L82996,L,300.1,309.3,1710,43.8,98,0,0,0,0,0,0
3962,L66702,L,300.2,312.4,1851,16.3,154,1,0,0,1,0,0
3963,M28638,M,297.0,306.1,1424,41.5,93,0,0,0,0,0,0
3964,L40005,L,295.7,306.1,1597,46.1,122,0,0,0,0,0,0
3965,L42225,L,302.5,313.1,1483,25.9,162,0,0,0,0,0,0
3966,L98506,L,300.2,310.1,1482,46.0,146,0,0,0,0,0,0
3967,L67818,L,300.4,311.1,1549,41.0,36,0,0,0,0,0,0
3968,L15276,L,297.5,307.8,1215,53.8,60,0,0,0,0,0,0
3969,L24445,L,298.2,307.3,1491,35.9,44,0,0,0,0,0,0
3970,L88277,L,302.1,312.7,1581,41.8,146,0,0,0,0,0,0
3971,H53755,H,303.5,312.9,1345,43.4,100,0,0,0,0,0,0
3972,L57551,L,298.8,310.5,1582,11.9,62,1,0,0,1,0,0
3973,L92685,L,301.3,311.8,1189,36.5,11,0,0,0,0,0,0
3974,L62622,L,300.4,309.7,1517,40.9,194,0,0,0,0,0,0
3975,L47276,L,299.8,310.1,1742,16.4,14,1,0,0,1,0,0
3976,L84909,L,303.7,312.8,1461,46.7,96,0,0,0,0,0,0
3977,L40154,L,299.1,309.4,1324,40.9,115,0,0,0,0,0,0
3978,L93437,L,302.5,312.3,1243,40.8,115,0,0,0,0,0,0
3979,L16493,L,300.8,309.9,1570,47.2,35,0,0,0,0,0,0
3980,M90590,M,300.0,309.1,1667,35.9,179,0,0,0,0,0,0
3981,L21002,L,302.7,315.2,1490,40.4,57,0,0,0,0,0,0
3982,L51984,L,300.6,310.7,1417,48.7,159,0,0,0,0,0,0
3983,L29255,L,299.8,309.4,1152,40.6,96,0,0,0,0,0,0
3984,L74085,L,302.8,312.2,1522,21.6,132,0,0,0,0,0,0
3985,L51852,L,302.5,313.0,1376,40.5,114,0,0,0,0,0,0
3986,L77709,L,302.4,311.8,1386,40.6,242,0,0,0,0,0,0
3987,L60710,L,292.2,301.1,1791,49.0,88,0,0,0,0,0,0
3988,L41168,L,300.9,310.8,1176,36.6,39,0,0,0,0,0,0
3989,H75960,H,300.4,310.4,1200,30.2,91,0,0,0,0,0,0
3990,H37308,H,299.9,309.5,1542,30.3,126,0,0,0,0,0,0
3991,H30262,H,301.2,310.3,1431,54.4,17,0,0,0,0,0,0
3992,L83935,L,300.5,310.1,1407,42.9,232,0,0,0,0,0,0
3993,L99545,L,301.4,310.9,1549,53.9,50,0,0,0,0,0,0
3994,L58223,L,299.5,308.9,1546,55.4,235,1,0,0,0,1,0
3995,L96313,L,303.0,313.3,1325,32.6,102,0,0,0,0,0,0
3996,L30076,L,301.6,313.8,1393,31.8,141,0,0,0,0,0,0
3997,L10449,L,301.1,312.4,1509,38.7,173,0,0,0,0,0,0
3998,L89242,L,301.0,312.9,1530,46.1,16,0,0,0,0,0,0
3999,L84836,L,302.3,311.7,1587,26.0,105,0,0,0,0,0,0
4000,L54522,L,302.0,313.7,1395,44.5,71,0,0,0,0,0,0
4001,M86993,M,299.8,310.0,1562,44.0,43,0,0,0,0,0,0
4002,L88492,L,302.0,313.0,1671,28.7,169,0,0,0,0,0,0
4003,M42466,M,300.3,310.8,1508,29.1,42,0,0,0,0,0,0
4004,L24821,L,303.8,313.5,1481,44.4,147,0,0,0,0,0,0
4005,L65300,L,302.2,312.9,1458,60.7,99,0,0,0,0,0,0
4006,L90187,L,298.7,309.2,1389,37.1,247,1,1,0,0,0,0
4007,L62097,L,304.7,312.9,1331,43.3,229,1,0,1,0,0,0
4008,L46419,L,295.8,305.7,1446,33.9,2,0,0,0,0,0,0
4009,L31027,L,301.3,312.1,1581,42.4,205,0,0,0,0,0,0
4010,M36329,M,298.6,308.9,1340,33.7,43,0,0,0,0,0,0
4011,L78995,L,303.8,314.2,1486,37.4,119,0,0,0,0,0,0
4012,L43209,L,300.5,309.8,1466,64.5,205,1,0,0,1,1,0
4013,H55530,H,298.4,308.7,1820,41.1,73,0,0,0,0,0,0
4014,L64248,L,299.5,309.4,1630,24.4,186,0,0,0,0,0,0
4015,L37170,L,298.6,308.4,1627,46.4,61,0,0,0,0,0,0
4016,L37036,L,299.4,308.7,1666,51.3,221,0,0,0,0,0,0
4017,L74886,L,299.3,310.3,1402,46.8,111,0,0,0,0,0,0
4018,L67927,L,298.5,308.8,1748,38.2,50,0,0,0,0,0,0
4019,L79898,L,300.5,310.8,1529,30.8,14,0,0,0,0,0,0
4020,M55364,M,300.8,312.8,1492,31.1,153,0,0,0,0,0,0
4021,L10945,L,298.0,308.5,1281,38.1,173,0,0,0,0,0,0
4022,L68994,L,296.7,307.9,1428,36.3,172,0,0,0,0,0,0
4023,L11231,L,300.6,310.9,1182,34.4,126,0,0,0,0,0,0
4024,H40355,H,301.1,310.7,1455,52.2,102,0,0,0,0,0,0
4025,M76574,M,301.5,310.4,1396,49.2,157,0,0,0,0,0,0
4026,H33338,H,301.1,311.3,1428,52.7,8,0,0,0,0,0,0
4027,M88396,M,303.1,310.5,1251,32.1,61,1,0,1,0,0,0
4028,M70648,M,302.0,312.3,1627,30.8,65,0,0,0,0,0,0
4029,L91368,L,305.4,315.7,1607,40.8,197,0,0,0,0,0,0
4030,H57635,H,306.2,316.0,1804,44.1,112,0,0,0,0,0,0
4031,L51392,L,296.5,306.4,1799,40.7,12,0,0,0,0,0,0
4032,L22815,L,295.6,304.4,1528,43.5,226,1,1,0,0,0,0
4033,M90990,M,300.0,311.4,1684,55.9,98,1,0,0,1,0,0
4034,L68753,L,301.0,310.7,1547,37.8,19,0,0,0,0,0,0
4035,L83441,L,299.8,308.9,1423,48.1,106,0,0,0,0,0,0
4036,L34919,L,301.4,312.0,1450,45.2,240,0,0,0,0,0,0
4037,L28588,L,299.5,309.6,1615,41.0,203,0,0,0,0,0,0
4038,M42796,M,298.6,308.3,2236,47.6,150,1,0,0,1,0,0
4039,L52785,L,298.9,308.5,1710,32.3,192,0,0,0,0,0,0
4040,M86964,M,299.6,309.6,1544,30.3,131,0,0,0,0,0,0
4041,L34047,L,301.7,313.0,1587,44.3,203,0,0,0,0,0,0
4042,M28206,M,299.0,309.5,1585,23.6,213,0,0,0,0,0,0
4043,L20790,L,299.4,309.4,1484,45.1,85,0,0,0,0,0,0
4044,H48770,H,301.1,312.0,1636,28.7,113,0,0,0,0,0,0
4045,L19370,L,299.6,309.6,1472,55.2,57,0,0,0,0,0,0
4046,L17727,L,302.2,312.6,1318,36.0,173,0,0,0,0,0,0
4047,L42147,L,298.2,308.3,1587,54.5,35,0,0,0,0,0,0
4048,L50527,L,297.7,308.3,1611,37.9,119,0,0,0,0,0,0
4049,L47129,L,300.6,310.2,1474,37.5,245,0,0,0,0,0,0
4050,M92889,M,300.8,309.7,1556,48.7,118,0,0,0,0,0,0
4051,H92605,H,298.3,309.2,1673,42.9,17,0,0,0,0,0,0
4052,M60275,M,302.7,314.2,1491,39.3,5,0,0,0,0,0,0
4053,L94592,L,303.8,312.8,1420,36.0,240,0,0,0,0,0,0
4054,L88148,L,298.7,308.9,1372,36.1,179,0,0,0,0,0,0
4055,M14309,M,303.0,312.5,1454,63.6,180,1,0,0,1,0,0
4056,M58785,M,295.2,306.1,1776,23.2,94,0,0,0,0,0,0
4057,L41380,L,302.2,312.4,1464,28.0,127,0,0,0,0,0,0
4058,H15272,H,298.3,311.6,1565,51.8,141,0,0,0,0,0,0
4059,L68882,L,302.0,311.7,1442,51.0,194,0,0,0,0,0,0
4060,M55400,M,298.1,309.6,1426,30.8,129,0,0,0,0,0,0
4061,H65034,H,299.9,311.5,1342,22.5,78,1,0,0,1,0,0
4062,M30937,M,298.4,308.9,1518,52.7,135,0,0,0,0,0,0
4063,L85734,L,299.6,309.6,1407,29.5,172,0,0,0,0,0,0
4064,L48935,L,303.7,313.8,1729,35.1,15,0,0,0,0,0,0
4065,L31404,L,299.8,309.8,1481,41.0,120,0,0,0,0,0,0
4066,M31349,M,304.2,315.4,1492,29.3,87,0,0,0,0,0,0
4067,L34864,L,299.2,308.4,1468,49.2,227,0,0,0,0,0,0
4068,M20175,M,303.0,312.8,1567,40.2,98,0,0,0,0,0,0
4069,H88049,H,296.7,306.5,1768,31.2,159,0,0,0,0,0,0
4070,L29054,L,299.4,307.7,1313,32.1,115,1,0,1,0,0,0
4071,L76689,L,298.9,309.8,1550,53.0,206,0,0,0,0,0,0
4072,M46119,M,303.1,314.1,1218,37.2,235,0,0,0,0,0,0
4073,L20858,L,300.4,309.7,1720,46.1,21,0,0,0,0,0,0
4074,L84067,L,295.8,306.9,1481,39.9,5,0,0,0,0,0,0
4075,L82817,L,297.4,305.8,1231,22.5,178,1,0,0,1,0,0
4076,L79248,L,298.0,308.0,1270,47.5,160,0,0,0,0,0,0
4077,M42982,M,301.9,311.7,1647,50.7,140,0,0,0,0,0,0
4078,L13303,L,301.6,311.7,1200,58.4,109,0,0,0,0,0,0
4079,L80557,L,299.4,309.5,1550,21.0,190,0,0,0,0,0,0
4080,L79918,L,298.9,308.8,1423,8.4,178,1,0,0,1,0,0
4081,L88320,L,301.4,311.0,1465,46.4,105,0,0,0,0,0,0
4082,L12765,L,297.7,307.6,1379,34.0,82,0,0,0,0,0,0
4083,M86319,M,300.9,312.3,1328,25.7,243,0,0,0,0,0,0
4084,L16829,L,300.7,310.2,1412,41.1,103,0,0,0,0,0,0
4085,L12500,L,299.5,311.7,1603,35.5,53,0,0,0,0,0,0
4086,H78554,H,300.8,310.2,1447,27.2,243,1,1,0,0,0,0
4087,L76720,L,300.2,310.4,1576,39.2,179,0,0,0,0,0,0
4088,M45389,M,301.0,311.6,1456,45.7,141,0,0,0,0,0,0
4089,L75714,L,297.3,307.0,1610,41.7,194,0,0,0,0,0,0
4090,L38931,L,301.2,312.6,1575,41.8,56,0,0,0,0,0,0
4091,L20701,L,302.1,312.6,1403,44.4,141,0,0,0,0,0,0
4092,M43789,M,300.6,310.4,1328,23.1,69,1,0,0,1,0,0
4093,M90719,M,301.2,312.6,1672,39.5,218,0,0,0,0,0,0
4094,L57173,L,299.8,308.8,1354,42.4,35,0,0,0,0,0,0
4095,L75888,L,301.8,311.2,1590,36.2,55,0,0,0,0,0,0
4096,L64588,L,300.1,310.7,1506,31.7,62,0,0,0,0,0,0
4097,L69170,L,297.7,308.5,1417,32.5,111,0,0,0,0,0,0
4098,M70330,M,301.6,312.0,1577,37.1,34,0,0,0,0,0,0
4099,M19672,M,296.7,306.6,1746,49.1,138,0,0,0,0,0,0
4100,H18655,H,300.6,310.3,1613,55.3,185,0,0,0,0,0,0
4101,L20930,L,299.2,310.4,1523,53.2,2,0,0,0,0,0,0
4102,M24798,M,299.1,309.3,1792,24.4,224,0,0,0,0,0,0
4103,L72038,L,300.3,309.5,1199,30.6,216,0,0,0,0,0,0
4104,L49072,L,298.6,307.7,1300,46.6,13,0,0,0,0,0,0
4105,H42878,H,301.0,312.5,1416,53.0,17,0,0,0,0,0,0
4106,L87769,L,300.1,309.4,1755,30.3,145,0,0,0,0,0,0
4107,M52989,M,298.8,309.0,1670,41.8,79,0,0,0,0,0,0
4108,M78641,M,302.7,314.0,1191,28.7,124,0,0,0,0,0,0
4109,H65979,H,300.4,311.0,1421,42.8,144,0,0,0,0,0,0
4110,L26801,L,301.3,310.5,1262,33.6,161,0,0,0,0,0,0
4111,L43278,L,302.8,311.8,1493,41.8,185,0,0,0,0,0,0
4112,M35868,M,302.8,314.7,1662,27.9,217,0,0,0,0,0,0
4113,M74544,M,301.2,310.1,1676,23.7,153,0,0,0,0,0,0
4114,L44077,L,299.4,308.8,1548,71.0,27,1,0,0,1,0,0
4115,M60897,M,297.1,307.5,1423,40.7,34,0,0,0,0,0,0
4116,L87390,L,300.4,310.2,1483,61.3,155,1,0,0,1,0,0
4117,L43143,L,302.2,312.8,1623,55.1,179,0,0,0,0,0,0
4118,M98047,M,300.7,309.2,1923,23.6,191,0,0,0,0,0,0
4119,L28241,L,293.1,302.9,1287,43.6,131,0,0,0,0,0,0
4120,L16870,L,301.7,312.4,1786,27.1,152,0,0,0,0,0,0
4121,H27361,H,301.9,312.5,1544,37.0,247,1,1,0,0,0,0
4122,M53816,M,299.4,308.8,1648,21.2,88,0,0,0,0,0,0
4123,M12676,M,302.0,311.0,1533,24.3,54,0,0,0,0,0,0
4124,L42622,L,301.3,311.5,1753,31.5,245,0,0,0,0,0,0
4125,H38582,H,298.6,307.3,1559,34.5,232,0,0,0,0,0,0
4126,L38956,L,302.5,313.8,1383,40.4,2,0,0,0,0,0,0
4127,L27786,L,297.5,307.6,1581,29.6,102,0,0,0,0,0,0
4128,L54915,L,299.9,309.2,1703,41.5,186,0,0,0,0,0,0
4129,M34901,M,299.7,308.6,1500,51.4,45,0,0,0,0,0,0
4130,H74681,H,298.3,307.7,1127,42.7,8,0,0,0,0,0,0
4131,M62298,M,300.6,309.0,1479,39.3,9,0,0,0,0,0,0
4132,M63142,M,302.6,313.1,1518,43.4,143,0,0,0,0,0,0
4133,L79163,L,302.5,311.7,1492,25.7,58,0,0,0,0,0,0
4134,L48191,L,301.4,311.8,1411,49.5,65,0,0,0,0,0,0
4135,L25028,L,296.6,307.1,1738,28.0,4,0,0,0,0,0,0
4136,L75001,L,297.3,308.3,1073,55.5,184,0,0,0,0,0,0
4137,L94940,L,300.3,310.6,1517,47.7,213,0,0,0,0,0,0
4138,M47033,M,299.9,311.1,1519,45.6,186,0,0,0,0,0,0
4139,M74438,M,299.0,310.4,1877,46.0,34,0,0,0,0,0,0
4140,M68651,M,303.8,314.1,1497,40.0,242,0,0,0,0,0,0
4141,L14180,L,300.2,310.5,1580,32.1,243,0,0,0,0,0,0
4142,L25113,L,301.1,310.5,1523,30.6,66,0,0,0,0,0,0
4143,L71531,L,302.0,311.0,1517,57.5,249,1,0,0,0,1,0
4144,L40559,L,300.1,311.4,1817,41.0,112,0,0,0,0,0,0
4145,L33641,L,305.2,315.8,1300,28.9,11,0,0,0,0,0,0
4146,L61178,L,298.1,308.8,1380,45.2,146,0,0,0,0,0,0
4147,L60038,L,298.8,308.2,1636,43.4,133,0,0,0,0,0,0
4148,M92610,M,298.1,309.7,1546,36.7,217,0,0,0,0,0,0
4149,L98202,L,303.1,312.9,1449,31.0,90,0,0,0,0,0,0
4150,L11733,L,301.6,310.8,1487,47.4,194,0,0,0,0,0,0
4151,L51120,L,298.9,308.3,1665,49.5,199,0,0,0,0,0,0
4152,L75416,L,298.3,309.8,1587,43.2,9,0,0,0,0,0,0
4153,L40690,L,302.8,311.7,1372,40.7,170,0,0,0,0,0,0
4154,L53552,L,300.7,310.0,1543,32.2,121,0,0,0,0,0,0
4155,L72390,L,302.8,315.7,1491,44.8,51,0,0,0,0,0,0
4156,L77025,L,299.9,310.8,1585,33.7,105,0,0,0,0,0,0
4157,H95041,H,301.0,310.3,1442,27.3,217,0,0,0,0,0,0
4158,L20335,L,300.6,309.5,1283,51.3,175,0,0,0,0,0,0
4159,L50290,L,298.8,307.1,1621,29.7,159,0,0,0,0,0,0
4160,L63255,L,299.7,309.8,1599,21.0,21,0,0,0,0,0,0
4161,L90329,L,297.6,308.4,1755,53.1,169,1,0,0,1,0,0
4162,L47958,L,301.0,312.5,1263,22.6,192,1,0,0,1,0,0
4163,M14671,M,301.5,309.6,1487,36.1,240,0,0,0,0,0,0
4164,L38038,L,302.0,310.7,1459,29.0,202,0,0,0,0,0,0
4165,M93876,M,301.3,311.2,1429,32.8,20,0,0,0,0,0,0
4166,L12923,L,299.7,312.5,1223,62.2,239,1,0,0,0,1,0
4167,L95329,L,303.1,314.0,1308,39.0,200,0,0,0,0,0,0
4168,L57288,L,301.8,312.2,1549,43.6,1,0,0,0,0,0,0
4169,L28589,L,302.8,311.6,1410,47.9,180,0,0,0,0,0,0
4170,L40769,L,302.9,310.8,1351,33.5,77,0,0,0,0,0,0
4171,H41874,H,299.7,309.8,1757,50.8,153,0,0,0,0,0,0
4172,M92979,M,300.8,310.7,1927,43.8,72,0,0,0,0,0,0
4173,H82933,H,301.5,311.3,1490,47.5,185,0,0,0,0,0,0
4174,L77596,L,297.7,307.3,1230,32.8,47,0,0,0,0,0,0
4175,M11291,M,297.7,307.0,1571,44.4,211,0,0,0,0,0,0
4176,L17832,L,297.4,306.4,1125,39.9,18,0,0,0,0,0,0
4177,M89153,M,299.8,311.2,1257,51.3,6,0,0,0,0,0,0
4178,H37898,H,299.3,308.4,1574,34.6,33,0,0,0,0,0,0
4179,M27495,M,297.1,306.9,1251,60.3,97,0,0,0,0,0,0
4180,M33375,M,300.3,310.3,1447,43.4,166,0,0,0,0,0,0
4181,M69287,M,299.8,310.5,1233,38.7,122,0,0,0,0,0,0
4182,L71563,L,302.4,311.5,1510,37.6,120,0,0,0,0,0,0
4183,M34861,M,304.0,315.0,1702,39.9,219,0,0,0,0,0,0
4184,L61764,L,300.9,310.3,1390,33.7,141,0,0,0,0,0,0
4185,H84102,H,298.6,308.4,1497,46.7,128,0,0,0,0,0,0
4186,M42308,M,301.3,312.9,1353,39.9,106,0,0,0,0,0,0
4187,L21906,L,300.0,309.0,1366,59.4,248,1,1,0,0,1,0
4188,L29961,L,299.5,310.2,1350,35.7,61,0,0,0,0,0,0
4189,L98300,L,298.3,309.3,1641,38.8,39,0,0,0,0,0,0
4190,L49643,L,299.1,309.4,1246,35.7,125,0,0,0,0,0,0
4191,L74763,L,299.6,309.5,1440,58.7,171,0,0,0,0,0,0
4192,M32582,M,301.6,313.7,1574,25.5,5,0,0,0,0,0,0
4193,L87545,L,301.0,311.0,1664,40.9,217,0,0,0,0,0,0
4194,M27053,M,303.7,313.9,1579,43.1,72,0,0,0,0,0,0
4195,L20305,L,301.3,311.0,1487,28.7,163,0,0,0,0,0,0
4196,L83411,L,300.8,311.0,1398,66.4,44,1,0,0,1,0,0
4197,L65205,L,299.4,310.4,1667,30.7,221,0,0,0,0,0,0
4198,M97151,M,297.9,307.6,1344,40.3,91,0,0,0,0,0,0
4199,L57856,L,298.9,306.8,1347,56.8,47,1,0,1,0,0,0
4200,L77949,L,298.6,309.1,1743,36.2,5,0,0,0,0,0,0
4201,L57097,L,294.9,303.8,1565,41.4,78,0,0,0,0,0,0
4202,M15619,M,298.0,308.7,1571,36.6,96,0,0,0,0,0,0
4203,L44145,L,303.2,313.2,1608,39.5,9,0,0,0,0,0,0
4204,M94464,M,300.7,311.7,1483,50.8,141,0,0,0,0,0,0
4205,M95442,M,299.2,308.3,1241,35.8,115,0,0,0,0,0,0
4206,M50824,M,300.8,310.3,1545,13.5,125,1,0,0,1,0,0
4207,L87630,L,296.1,305.8,1497,39.7,34,0,0,0,0,0,0
4208,L33892,L,300.6,309.1,1345,40.6,97,0,0,0,0,0,0
4209,L37602,L,302.6,313.7,1304,42.0,245,0,0,0,0,0,0
4210,L79459,L,299.8,308.1,1492,38.2,90,0,0,0,0,0,0
4211,M16057,M,296.5,307.6,1256,31.4,201,0,0,0,0,0,0
4212,L10338,L,299.2,309.6,1474,37.5,31,0,0,0,0,0,0
4213,L32000,L,302.6,312.4,1452,57.7,31,0,0,0,0,0,0
4214,L12735,L,300.5,310.9,1479,39.6,253,0,0,0,0,0,0
4215,L59828,L,297.2,307.5,1572,46.5,164,0,0,0,0,0,0
4216,L78273,L,304.7,314.3,1612,29.7,168,0,0,0,0,0,0
4217,M67645,M,297.5,307.8,1372,37.1,108,0,0,0,0,0,0
4218,L24442,L,299.5,310.2,1657,30.0,193,0,0,0,0,0,0
4219,H86137,H,297.9,307.0,1461,52.9,235,0,0,0,0,0,0
4220,M52506,M,297.9,308.3,1816,24.4,21,0,0,0,0,0,0
4221,L37433,L,299.1,306.5,1395,43.7,44,0,0,0,0,0,0
4222,L57230,L,301.3,309.3,1210,43.4,219,1,0,1,0,0,0
4223,L24395,L,302.6,313.1,1650,42.8,20,0,0,0,0,0,0
4224,L99434,L,299.2,308.8,1577,16.6,91,1,0,0,1,0,0
4225,L51561,L,298.0,307.1,1716,19.8,21,0,0,0,0,0,0
4226,M39650,M,301.0,310.9,1556,41.2,103,0,0,0,0,0,0
4227,M72207,M,301.0,310.6,1921,30.8,113,0,0,0,0,0,0
4228,L37345,L,300.5,309.5,1466,33.6,46,0,0,0,0,0,0
4229,L78699,L,300.6,308.9,1688,35.8,21,0,0,0,0,0,0
4230,L52633,L,299.8,307.8,1405,29.5,106,0,0,0,0,0,0
4231,H88795,H,300.2,310.9,1589,27.7,130,0,0,0,0,0,0
4232,L53553,L,299.6,309.2,1622,40.0,186,0,0,0,0,0,0
4233,M68340,M,302.1,313.1,1650,20.9,184,0,0,0,0,0,0
4234,M59352,M,304.5,314.0,1640,34.9,18,0,0,0,0,0,0
4235,L97562,L,300.4,310.7,1000,33.3,111,0,0,0,0,0,0
4236,L89044,L,300.0,309.9,1488,39.8,213,0,0,0,0,0,0
4237,L50766,L,300.5,310.6,1396,63.9,151,0,0,0,0,0,0
4238,M73811,M,298.7,308.8,1432,30.2,216,0,0,0,0,0,0
4239,L29456,L,301.5,311.1,1449,44.1,241,0,0,0,0,0,0
4240,M87571,M,300.9,309.7,1676,42.2,85,0,0,0,0,0,0
4241,M65456,M,299.2,309.9,1536,45.6,34,0,0,0,0,0,0
4242,M44789,M,301.8,313.4,1409,37.9,21,0,0,0,0,0,0
4243,L90036,L,300.0,311.7,1236,54.4,32,0,0,0,0,0,0
4244,L79391,L,298.1,307.5,1776,46.9,173,0,0,0,0,0,0
4245,M25153,M,300.7,310.0,1383,47.0,30,0,0,0,0,0,0
4246,L96498,L,300.5,309.9,1476,25.9,241,1,1,0,0,0,0
4247,M35591,M,301.9,311.7,1885,41.0,167,0,0,0,0,0,0
4248,L17089,L,301.7,311.6,1388,34.9,242,0,0,0,0,0,0
4249,L41497,L,299.8,308.8,1450,31.4,143,0,0,0,0,0,0
4250,M49159,M,299.1,307.6,1542,33.7,51,0,0,0,0,0,0
4251,L16831,L,300.0,310.1,1211,39.4,43,0,0,0,0,0,0
4252,L63673,L,300.7,307.2,1190,44.6,194,1,0,1,0,0,0
4253,L49061,L,301.0,310.9,1413,49.8,0,0,0,0,0,0,0
4254,L62714,L,300.6,309.7,1420,49.3,221,0,0,0,0,0,0
4255,M54755,M,299.8,310.6,1524,42.9,7,0,0,0,0,0,0
4256,L56177,L,302.0,313.0,1324,40.6,153,0,0,0,0,0,0
4257,L23876,L,298.7,309.7,1578,36.8,98,0,0,0,0,0,0
4258,L84016,L,305.0,314.6,1112,37.5,155,0,0,0,0,0,0
4259,H66346,H,301.5,310.4,1487,32.2,198,0,0,0,0,0,0
4260,L28939,L,297.7,306.9,1565,35.7,28,0,0,0,0,0,0
4261,H19991,H,300.4,310.7,1559,43.5,239,1,1,0,0,0,0
4262,M96903,M,301.5,309.9,1471,55.4,151,0,0,0,0,0,0
4263,L57089,L,299.3,310.7,1381,38.5,97,0,0,0,0,0,0
4264,M82782,M,297.0,306.7,1465,31.9,248,0,0,0,0,0,0
4265,M53239,M,297.9,308.4,1722,49.7,205,0,0,0,0,0,0
4266,L36371,L,301.1,309.3,1392,20.0,41,1,0,0,1,0,0
4267,L36421,L,296.5,305.6,1676,50.4,22,0,0,0,0,0,0
4268,M12934,M,297.1,305.2,1705,25.7,233,0,0,0,0,0,0
4269,M59313,M,301.1,312.1,1188,46.6,148,0,0,0,0,0,0
4270,M74885,M,299.6,309.4,1477,35.2,117,0,0,0,0,0,0
4271,H19913,H,298.6,309.2,1324,43.2,20,0,0,0,0,0,0
4272,L12379,L,299.0,309.1,1230,60.8,137,0,0,0,0,0,0
4273,M24976,M,297.1,307.5,1643,31.6,69,0,0,0,0,0,0
4274,M53796,M,301.0,310.6,1585,30.0,49,0,0,0,0,0,0
4275,L56615,L,298.4,308.2,1547,40.8,99,0,0,0,0,0,0
4276,L62383,L,298.9,308.8,1305,55.3,9,0,0,0,0,0,0
4277,L85635,L,300.7,311.1,1538,41.8,151,0,0,0,0,0,0
4278,M98082,M,299.5,309.9,1264,40.4,157,0,0,0,0,0,0
4279,L90809,L,298.6,311.4,1514,41.7,176,0,0,0,0,0,0
4280,M38256,M,296.0,307.7,1381,30.0,6,0,0,0,0,0,0
4281,L50579,L,300.7,309.0,1689,41.8,44,0,0,0,0,0,0
4282,L74649,L,300.2,310.0,1435,36.1,195,0,0,0,0,0,0
4283,M33892,M,299.0,308.6,1542,53.2,145,0,0,0,0,0,0
4284,L95891,L,297.9,309.2,1542,48.0,2,0,0,0,0,0,0
4285,M21323,M,300.0,309.7,1486,26.8,185,0,0,0,0,0,0
4286,L51661,L,301.0,311.4,1519,37.2,105,0,0,0,0,0,0
4287,H77716,H,300.2,307.9,1555,45.3,67,0,0,0,0,0,0
4288,L20866,L,303.3,311.8,1339,30.2,191,0,0,0,0,0,0
4289,H99092,H,301.4,313.5,1573,29.2,91,0,0,0,0,0,0
4290,M21080,M,299.8,309.8,1655,35.4,115,0,0,0,0,0,0
4291,L32753,L,301.5,310.5,1572,43.4,218,0,0,0,0,0,0
4292,L45056,L,300.1,310.3,1436,50.4,38,0,0,0,0,0,0
4293,L67842,L,300.1,309.0,1531,42.3,143,0,0,0,0,0,0
4294,L39207,L,302.6,312.3,1435,64.6,26,1,0,0,1,0,0
4295,M61314,M,298.2,306.8,1479,33.2,247,0,0,0,0,0,0
4296,L38484,L,300.0,309.3,1286,47.4,79,0,0,0,0,0,0
4297,L41304,L,302.4,312.0,1748,28.9,230,0,0,0,0,0,0
4298,L53609,L,300.6,311.7,1848,56.1,93,1,0,0,1,0,0
4299,L36638,L,299.3,309.7,1373,53.6,214,0,0,0,0,0,0
4300,M58360,M,296.6,307.2,1642,47.1,193,0,0,0,0,0,0
4301,L47549,L,295.5,305.4,1762,22.6,59,0,0,0,0,0,0
4302,M33889,M,304.2,315.0,1328,47.0,164,0,0,0,0,0,0
4303,H46298,H,300.6,309.7,1111,31.8,59,0,0,0,0,0,0
4304,L49617,L,298.8,308.1,1773,44.5,5,0,0,0,0,0,0
4305,L53787,L,300.7,311.1,1498,25.5,76,0,0,0,0,0,0
4306,L68648,L,298.1,307.8,1406,42.7,180,0,0,0,0,0,0
4307,L36174,L,299.3,309.3,1509,36.5,45,0,0,0,0,0,0
4308,L60126,L,298.1,308.0,1434,32.2,159,0,0,0,0,0,0
4309,H49141,H,297.2,308.4,2033,45.9,194,1,0,0,1,0,0
4310,M77957,M,295.8,307.1,1404,39.5,79,0,0,0,0,0,0
4311,L65858,L,296.8,306.2,1559,38.0,26,0,0,0,0,0,0
4312,M34668,M,302.0,310.3,1733,47.4,151,0,0,0,0,0,0
4313,L29448,L,298.0,307.3,1732,59.0,33,1,0,0,1,0,0
4314,M43908,M,301.1,310.2,1697,42.8,1,0,0,0,0,0,0
4315,L41616,L,301.9,312.7,1423,21.9,33,1,0,0,1,0,0
4316,M59809,M,300.0,311.0,1473,24.4,67,0,0,0,0,0,0
4317,H32392,H,299.4,308.4,1109,40.7,171,0,0,0,0,0,0
4318,M91716,M,300.3,309.5,1487,50.3,84,0,0,0,0,0,0
4319,M85055,M,299.2,307.7,1506,41.3,232,1,1,0,0,0,0
4320,L65077,L,302.4,312.5,1634,45.1,188,0,0,0,0,0,0
4321,M69744,M,303.8,313.7,1823,39.4,250,0,0,0,0,0,0
4322,L35906,L,302.9,313.7,1628,49.6,168,0,0,0,0,0,0
4323,M60358,M,295.7,306.2,1693,46.2,5,0,0,0,0,0,0
4324,L13318,L,299.1,309.7,1497,29.8,38,0,0,0,0,0,0
4325,L22384,L,300.0,308.5,1731,44.5,68,0,0,0,0,0,0
4326,L56319,L,300.9,310.3,1502,24.6,178,0,0,0,0,0,0
4327,L18862,L,296.5,307.5,1705,44.5,163,0,0,0,0,0,0
4328,M95548,M,296.5,306.0,1645,37.2,52,0,0,0,0,0,0
4329,M76583,M,302.6,311.0,1571,41.6,177,0,0,0,0,0,0
4330,H70035,H,298.9,309.7,1223,43.2,71,0,0,0,0,0,0
4331,L90776,L,297.0,306.4,1697,42.8,169,0,0,0,0,0,0
4332,H48201,H,297.8,308.9,1568,54.2,79,0,0,0,0,0,0
4333,L87461,L,300.8,310.8,1626,40.3,53,0,0,0,0,0,0
4334,L16914,L,298.4,308.1,1556,41.9,125,0,0,0,0,0,0
4335,M82033,M,300.5,311.8,1587,53.3,248,0,0,0,0,0,0
4336,L20476,L,298.0,306.7,1734,59.0,164,1,0,0,1,0,0
4337,L21091,L,296.5,307.9,1415,39.8,89,0,0,0,0,0,0
4338,L76926,L,302.8,312.2,1584,34.9,131,0,0,0,0,0,0
4339,L73326,L,300.8,311.0,1360,35.4,111,0,0,0,0,0,0
4340,M38427,M,299.3,309.5,1604,44.5,8,0,0,0,0,0,0
4341,L23654,L,299.0,308.5,1545,38.0,171,0,0,0,0,0,0
4342,L36351,L,302.9,312.2,1386,22.5,52,1,0,0,1,0,0
4343,L51965,L,301.2,310.8,1517,51.2,135,0,0,0,0,0,0
4344,L30775,L,302.3,311.3,1398,48.2,18,0,0,0,0,0,0
4345,M94179,M,298.8,310.8,1432,51.5,200,0,0,0,0,0,0
4346,H90750,H,300.1,309.6,1564,53.4,4,0,0,0,0,0,0
4347,M46328,M,300.8,312.0,1548,41.9,81,0,0,0,0,0,0
4348,M37487,M,298.9,309.9,1154,42.6,97,0,0,0,0,0,0
4349,L27807,L,299.8,310.2,1567,50.1,195,0,0,0,0,0,0
4350,M25921,M,298.8,308.7,1445,27.8,246,0,0,0,0,0,0
4351,L17885,L,300.8,311.0,1425,36.5,48,0,0,0,0,0,0
4352,L43049,L,297.4,307.9,1297,39.4,35,0,0,0,0,0,0
4353,M90431,M,301.1,311.2,1492,49.2,157,0,0,0,0,0,0
4354,L73941,L,300.6,309.1,1406,34.6,55,0,0,0,0,0,0
4355,M14735,M,299.6,307.8,1729,32.9,6,0,0,0,0,0,0
4356,M47283,M,300.9,312.4,1185,35.7,59,0,0,0,0,0,0
4357,H39673,H,299.3,306.6,1326,44.7,59,1,0,1,0,0,0
4358,L78859,L,298.7,308.9,1314,39.3,140,0,0,0,0,0,0
4359,L57232,L,301.1,310.9,1547,25.5,114,0,0,0,0,0,0
4360,M71379,M,301.2,311.3,1711,27.5,84,0,0,0,0,0,0
4361,L15982,L,299.0,307.8,1591,41.4,73,0,0,0,0,0,0
4362,L42005,L,298.8,309.2,1303,41.7,68,0,0,0,0,0,0
4363,M42266,M,299.6,309.8,1423,40.3,218,0,0,0,0,0,0
4364,H88762,H,298.9,311.7,1354,35.3,117,0,0,0,0,0,0
4365,M78473,M,303.1,313.2,1591,47.9,216,0,0,0,0,0,0
4366,L16649,L,300.6,312.0,1419,43.7,252,0,0,0,0,0,0
4367,L24926,L,300.0,308.5,1246,43.3,125,0,0,0,0,0,0
4368,L76164,L,298.1,309.2,1605,43.7,235,0,0,0,0,0,0
4369,L42463,L,301.5,311.7,1727,56.0,44,1,0,0,1,0,0
4370,L55703,L,298.8,309.0,1468,29.8,78,0,0,0,0,0,0
4371,L44383,L,298.7,309.0,1522,35.8,167,0,0,0,0,0,0
4372,L38848,L,301.5,313.3,1229,36.6,60,0,0,0,0,0,0
4373,L21305,L,300.8,311.0,1129,52.6,150,0,0,0,0,0,0
4374,L46780,L,295.0,304.2,1167,36.3,227,0,0,0,0,0,0
4375,L81633,L,299.7,309.1,1492,32.1,246,0,0,0,0,0,0
4376,L62899,L,300.3,311.1,1445,38.9,135,0,0,0,0,0,0
4377,M25582,M,299.3,309.8,1598,41.0,186,0,0,0,0,0,0
4378,L34610,L,300.3,308.8,1464,52.0,153,0,0,0,0,0,0
4379,M74119,M,296.4,306.9,1678,36.2,106,0,0,0,0,0,0
4380,L64622,L,294.3,303.3,1657,33.1,90,0,0,0,0,0,0
4381,L99526,L,298.0,308.5,1442,30.9,155,0,0,0,0,0,0
4382,L57703,L,300.6,309.8,1319,36.6,87,0,0,0,0,0,0
4383,L95587,L,293.6,303.3,1155,65.6,189,0,0,0,0,0,0
4384,L79190,L,298.3,307.8,1758,43.8,32,0,0,0,0,0,0
4385,M88743,M,296.2,307.7,1330,46.0,182,0,0,0,0,0,0
4386,H26144,H,299.5,309.9,1231,40.0,129,0,0,0,0,0,0
4387,L45354,L,303.9,315.2,1523,41.4,21,0,0,0,0,0,0
4388,L42091,L,299.6,312.5,1232,47.9,212,0,0,0,0,0,0
4389,M19064,M,299.8,309.8,1523,45.6,139,0,0,0,0,0,0
4390,L55966,L,301.7,313.2,1439,43.5,186,0,0,0,0,0,0
4391,L15062,L,300.0,309.3,1666,40.2,31,0,0,0,0,0,0
4392,M75475,M,299.6,310.8,1651,36.5,39,0,0,0,0,0,0
4393,L34102,L,301.9,311.0,1699,44.2,222,0,0,0,0,0,0
4394,M40241,M,300.9,310.9,1537,40.8,118,0,0,0,0,0,0
4395,L32084,L,300.6,311.1,1345,61.3,75,0,0,0,0,0,0
4396,L37507,L,299.7,310.4,1313,50.5,131,0,0,0,0,0,0
4397,L51276,L,299.3,308.0,1404,33.3,94,0,0,0,0,0,0
4398,M90371,M,301.8,311.0,1859,28.3,246,0,0,0,0,0,0
4399,L21796,L,299.3,309.9,1455,36.0,50,0,0,0,0,0,0
4400,M19805,M,302.5,312.1,1529,29.2,134,0,0,0,0,0,0
4401,M38609,M,297.9,306.5,1773,35.4,84,0,0,0,0,0,0
4402,M75451,M,302.9,312.8,1546,30.3,42,0,0,0,0,0,0
4403,L77875,L,300.9,310.8,1365,36.7,172,0,0,0,0,0,0
4404,L82388,L,298.1,308.2,1631,36.8,35,0,0,0,0,0,0
4405,L71023,L,301.0,311.5,1423,41.5,69,0,0,0,0,0,0
4406,L33524,L,298.7,309.2,1552,37.9,123,0,0,0,0,0,0
4407,H69194,H,300.1,309.3,1592,31.0,107,0,0,0,0,0,0
4408,L49339,L,299.0,308.6,1411,52.1,230,1,1,0,0,0,0
4409,M71371,M,299.7,310.7,1534,44.0,165,0,0,0,0,0,0
4410,L56784,L,301.9,311.3,1788,34.6,18,0,0,0,0,0,0
4411,L93806,L,301.0,310.6,1387,31.1,36,0,0,0,0,0,0
4412,L79352,L,297.7,306.2,1737,25.3,148,0,0,0,0,0,0
4413,M98457,M,297.9,307.8,1394,24.6,57,0,0,0,0,0,0
4414,L88661,L,300.5,310.9,1824,50.5,50,1,0,0,1,0,0
4415,L54589,L,300.7,308.7,1346,49.4,250,1,0,1,0,0,0
4416,M45340,M,298.7,307.6,1429,34.2,179,0,0,0,0,0,0
4417,L35181,L,303.2,311.8,1771,53.7,77,1,0,0,1,0,0
4418,L41353,L,301.6,312.4,1779,46.2,7,0,0,0,0,0,0
4419,L27656,L,298.7,306.8,1647,42.0,201,0,0,0,0,0,0
4420,L41612,L,298.6,308.5,1305,48.6,146,0,0,0,0,0,0
4421,L88779,L,299.5,310.3,1515,46.2,79,0,0,0,0,0,0
4422,L27596,L,299.3,309.5,1500,41.5,133,0,0,0,0,0,0
4423,M88946,M,302.5,312.1,1346,37.6,227,0,0,0,0,0,0
4424,L15006,L,302.0,312.3,1625,38.9,16,0,0,0,0,0,0
4425,L24717,L,300.1,311.1,1360,23.9,185,0,0,0,0,0,0
4426,L90015,L,301.4,311.2,1268,32.0,218,0,0,0,0,0,0
4427,L57414,L,301.6,309.4,1208,58.0,132,1,0,1,0,0,0
4428,L38074,L,300.1,311.3,1808,31.7,243,0,0,0,0,0,0
4429,L27378,L,300.8,311.2,1408,21.5,59,1,0,0,1,0,0
4430,L11000,L,301.2,311.2,1412,49.0,182,0,0,0,0,0,0
4431,L28509,L,301.0,309.0,1314,42.5,107,1,0,1,0,0,0
4432,H23063,H,298.4,308.1,1746,43.0,96,0,0,0,0,0,0
4433,M71782,M,298.6,307.8,1252,38.4,161,0,0,0,0,0,0
4434,L94817,L,299.4,308.2,1283,49.1,154,0,0,0,0,0,0
4435,L32535,L,298.6,308.5,1442,55.3,93,0,0,0,0,0,0
4436,L15497,L,297.1,306.5,1496,34.8,95,0,0,0,0,0,0
4437,M99377,M,301.4,310.9,1619,46.3,121,0,0,0,0,0,0
4438,L72282,L,300.7,311.4,1378,51.2,251,1,0,0,0,1,0
4439,L45653,L,297.3,307.6,1778,34.2,202,0,0,0,0,0,0
4440,L80278,L,299.5,309.0,1380,55.1,93,0,0,0,0,0,0
4441,L72675,L,299.6,309.0,1318,51.2,92,0,0,0,0,0,0
4442,L77338,L,300.4,309.9,1301,27.6,227,0,0,0,0,0,0
4443,M25219,M,297.8,307.6,1361,55.9,197,0,0,0,0,0,0
4444,H40007,H,297.3,307.9,1290,28.1,165,0,0,0,0,0,0
4445,L56883,L,301.0,310.0,1635,33.1,181,0,0,0,0,0,0
4446,L67562,L,296.9,308.4,1320,46.8,14,0,0,0,0,0,0
4447,L60029,L,299.5,310.1,1476,50.4,23,0,0,0,0,0,0
4448,L35357,L,299.3,306.6,1315,41.0,80,1,0,1,0,0,0
4449,L43344,L,299.8,309.8,1289,33.7,120,0,0,0,0,0,0
4450,L47488,L,300.5,311.5,1699,37.4,180,0,0,0,0,0,0
4451,M16773,M,303.2,313.6,1788,36.2,198,0,0,0,0,0,0
4452,H84790,H,296.8,306.4,1728,48.4,224,0,0,0,0,0,0
4453,M68382,M,301.8,311.7,1235,35.9,69,0,0,0,0,0,0
4454,M64593,M,295.0,305.2,1260,33.5,189,0,0,0,0,0,0
4455,L78918,L,302.8,313.6,1856,25.2,252,1,1,0,0,0,0
4456,L52169,L,295.9,304.5,1454,34.1,53,0,0,0,0,0,0
4457,L62947,L,304.9,314.3,1253,38.8,18,0,0,0,0,0,0
4458,L71827,L,299.2,310.9,1695,28.7,227,0,0,0,0,0,0
4459,L68477,L,302.6,312.6,1512,22.6,34,0,0,0,0,0,0
4460,M76621,M,302.2,313.7,1603,49.8,182,0,0,0,0,0,0
4461,L16222,L,299.1,312.1,1097,30.0,98,0,0,0,0,0,0
4462,L93705,L,299.3,308.8,1441,26.9,90,0,0,0,0,0,0
4463,L57468,L,298.3,307.1,1671,55.7,238,1,0,0,1,1,0
4464,H79155,H,301.6,311.3,1385,48.5,89,0,0,0,0,0,0
4465,L13601,L,299.2,310.3,1722,50.3,103,0,0,0,0,0,0
4466,L53083,L,298.4,309.6,1263,45.1,4,0,0,0,0,0,0
4467,L50894,L,301.1,313.3,1480,53.1,46,0,0,0,0,0,0
4468,M29623,M,298.2,308.2,1796,48.8,91,0,0,0,0,0,0
4469,H90370,H,299.3,309.8,1293,36.6,168,0,0,0,0,0,0
4470,L52338,L,300.2,309.5,1549,29.3,16,0,0,0,0,0,0
4471,H90307,H,298.7,306.2,1605,27.2,88,0,0,0,0,0,0
4472,L49589,L,299.0,309.0,1516,38.6,92,0,0,0,0,0,0
4473,M63279,M,303.1,311.9,1455,29.0,200,0,0,0,0,0,0
4474,L63917,L,299.6,310.2,1342,32.0,70,0,0,0,0,0,0
4475,L67047,L,299.3,307.4,1535,38.5,226,0,0,0,0,0,0
4476,M66289,M,299.6,308.9,1482,54.0,239,1,1,0,0,0,0
4477,L82194,L,300.9,311.2,1241,24.9,56,1,0,0,1,0,0
4478,L29518,L,297.9,308.3,1698,40.3,96,0,0,0,0,0,0
4479,M74440,M,300.9,310.8,1336,27.5,186,0,0,0,0,0,0
4480,H82550,H,300.5,312.4,1246,34.4,68,0,0,0,0,0,0
4481,L83768,L,296.4,308.0,1393,49.3,209,0,0,0,0,0,0
4482,M47196,M,303.6,312.9,1339,31.5,246,1,1,0,0,0,0
4483,M47802,M,302.9,314.5,1454,37.4,160,0,0,0,0,0,0
4484,L80852,L,298.4,310.2,1276,41.4,41,0,0,0,0,0,0
4485,M56311,M,297.8,307.6,1581,47.0,0,0,0,0,0,0,0
4486,L11407,L,300.5,310.5,1749,34.5,104,0,0,0,0,0,0
4487,M77611,M,297.1,307.1,1519,52.6,57,0,0,0,0,0,0
4488,L79281,L,302.7,312.1,1240,35.5,196,0,0,0,0,0,0
4489,L55960,L,299.1,308.5,1336,44.8,119,0,0,0,0,0,0
4490,L59436,L,303.2,314.6,1540,38.1,160,0,0,0,0,0,0
4491,L57659,L,298.4,308.8,1146,47.4,153,0,0,0,0,0,0
4492,M48088,M,299.8,309.2,1278,60.3,9,0,0,0,0,0,0
4493,H72788,H,302.5,311.6,1203,37.2,179,0,0,0,0,0,0
4494,L22835,L,299.4,308.6,1521,39.8,209,0,0,0,0,0,0
4495,L35958,L,300.5,310.4,1889,35.7,119,0,0,0,0,0,0
4496,L89800,L,302.2,313.1,1273,34.1,147,0,0,0,0,0,0
4497,L82197,L,298.9,308.0,1647,33.0,36,0,0,0,0,0,0
4498,L14778,L,297.5,308.4,1399,39.8,167,0,0,0,0,0,0
4499,M25439,M,297.1,307.3,1262,32.2,238,1,1,0,0,0,0
4500,M20231,M,301.2,311.3,1782,32.5,180,0,0,0,0,0,0
4501,L96198,L,300.8,311.8,1889,8.3,4,1,0,0,1,0,0
4502,L86140,L,302.1,313.0,1574,53.8,78,0,0,0,0,0,0
4503,M61676,M,299.5,308.0,1565,56.4,241,1,0,0,0,1,0
4504,L71975,L,297.1,306.1,1511,46.5,169,0,0,0,0,0,0
4505,L65555,L,295.3,305.1,1473,31.3,82,0,0,0,0,0,0
4506,L85953,L,305.7,316.1,1561,27.4,152,0,0,0,0,0,0
4507,L92869,L,301.1,312.4,1622,24.4,41,0,0,0,0,0,0
4508,L97466,L,300.3,310.3,1799,46.4,234,0,0,0,0,0,0
4509,M40714,M,300.6,312.3,1406,52.7,99,0,0,0,0,0,0
4510,L40611,L,297.1,306.4,1523,41.7,49,0,0,0,0,0,0
4511,L20322,L,298.4,307.9,1484,48.6,19,0,0,0,0,0,0
4512,L82814,L,303.5,313.2,1684,44.4,9,0,0,0,0,0,0
4513,M47684,M,301.3,310.5,1932,32.3,163,0,0,0,0,0,0
4514,L13454,L,298.5,309.6,1691,50.1,172,0,0,0,0,0,0
4515,L84571,L,297.5,304.8,1644,49.5,167,0,0,0,0,0,0
4516,L92051,L,299.0,308.5,1663,30.1,79,0,0,0,0,0,0
4517,L86942,L,299.4,310.5,1728,48.1,201,0,0,0,0,0,0
4518,L67323,L,304.1,313.8,1935,38.5,212,0,0,0,0,0,0
4519,M88619,M,299.6,310.7,1197,37.4,153,0,0,0,0,0,0
4520,L91296,L,297.6,309.8,1608,43.9,156,0,0,0,0,0,0
4521,L58966,L,299.9,310.0,1035,43.6,49,0,0,0,0,0,0
4522,L60759,L,300.5,311.7,1671,48.9,217,0,0,0,0,0,0
4523,M39046,M,297.4,309.9,1599,31.5,21,0,0,0,0,0,0
4524,M66794,M,300.8,311.2,1402,45.7,203,0,0,0,0,0,0
4525,M99727,M,302.4,312.4,1019,28.4,106,1,0,0,1,0,0
4526,L93694,L,300.3,311.2,1497,38.2,25,0,0,0,0,0,0
4527,M86179,M,298.4,309.6,1540,38.9,16,0,0,0,0,0,0
4528,M37209,M,298.9,308.9,1489,49.7,250,0,0,0,0,0,0
4529,L78123,L,296.7,306.2,1388,40.1,144,0,0,0,0,0,0
4530,L40998,L,299.7,311.4,1339,37.4,112,0,0,0,0,0,0
4531,M11584,M,300.6,310.4,1491,54.3,234,0,0,0,0,0,0
4532,L86652,L,298.2,309.4,1356,35.7,117,0,0,0,0,0,0
4533,M37354,M,303.9,314.1,1646,35.3,214,0,0,0,0,0,0
4534,L96850,L,301.6,313.4,1486,21.2,216,1,0,0,1,0,0
4535,L59164,L,296.4,305.6,1190,37.8,190,0,0,0,0,0,0
4536,L70096,L,296.5,305.6,1532,30.6,24,0,0,0,0,0,0
4537,M61824,M,298.0,308.9,1575,37.5,242,1,1,0,0,0,0
4538,M48706,M,303.1,312.0,1791,42.4,159,0,0,0,0,0,0
4539,L91764,L,301.8,311.9,1667,29.1,103,0,0,0,0,0,0
4540,L19999,L,303.2,314.8,1338,31.8,194,0,0,0,0,0,0
4541,L24577,L,300.0,308.2,1757,24.0,19,0,0,0,0,0,0
4542,L64659,L,299.6,310.0,1251,34.9,45,0,0,0,0,0,0
4543,H97082,H,297.5,308.7,1505,30.6,171,0,0,0,0,0,0
4544,L84177,L,300.7,310.7,1636,61.4,159,1,0,0,1,0,0
4545,L73601,L,299.6,308.7,1763,55.0,133,1,0,0,1,0,0
4546,L19889,L,299.5,309.3,1840,53.4,171,1,0,0,1,0,0
4547,H15244,H,303.2,312.4,1729,27.1,240,0,0,0,0,0,0
4548,L36153,L,299.7,309.8,1475,38.2,33,0,0,0,0,0,0
4549,M74318,M,302.7,312.4,1604,28.0,87,0,0,0,0,0,0
4550,L19156,L,296.8,306.3,1540,58.4,74,0,0,0,0,0,0
4551,L41912,L,305.4,315.8,1372,48.3,237,0,0,0,0,0,0
4552,M40499,M,299.3,310.8,1479,29.5,47,0,0,0,0,0,0
4553,L23691,L,301.4,311.7,1824,43.7,93,0,0,0,0,0,0
4554,M61948,M,301.7,313.1,1616,25.2,229,0,0,0,0,0,0
4555,L31430,L,299.0,310.6,1871,38.6,170,0,0,0,0,0,0
4556,M21701,M,301.6,311.1,1305,38.2,8,0,0,0,0,0,0
4557,M48990,M,301.7,312.0,1431,47.4,243,0,0,0,0,0,0
4558,M52616,M,298.6,308.1,1575,49.9,15,0,0,0,0,0,0
4559,L28450,L,298.6,307.1,1634,40.2,132,0,0,0,0,0,0
4560,M11221,M,300.1,310.4,1479,37.8,61,0,0,0,0,0,0
4561,H16431,H,299.8,308.7,1644,7.6,160,1,0,0,1,0,0
4562,L84170,L,302.8,313.3,1643,55.6,72,1,0,0,1,0,0
4563,L83902,L,301.4,309.8,1250,33.4,207,0,0,0,0,0,0
4564,M70815,M,299.9,310.0,1636,41.0,143,0,0,0,0,0,0
4565,L34018,L,301.2,309.6,1693,62.6,79,1,0,0,1,0,0
4566,M68412,M,295.9,306.6,1553,28.1,219,0,0,0,0,0,0
4567,M92935,M,298.8,308.4,1169,40.2,197,0,0,0,0,0,0
4568,L86297,L,300.6,310.1,1450,45.0,125,0,0,0,0,0,0
4569,L73779,L,302.2,313.4,1579,50.9,124,0,0,0,0,0,0
4570,L22495,L,300.4,310.1,1344,40.0,118,0,0,0,0,0,0
4571,L50100,L,302.9,313.0,1665,51.8,137,0,0,0,0,0,0
4572,M97091,M,301.7,311.5,1631,35.8,217,0,0,0,0,0,0
4573,L80026,L,299.0,309.5,1524,45.4,19,0,0,0,0,0,0
4574,L14221,L,299.7,310.8,1503,44.1,98,0,0,0,0,0,0
4575,M89227,M,300.8,311.7,1535,39.1,190,0,0,0,0,0,0
4576,L50106,L,299.1,308.6,1499,43.2,244,0,0,0,0,0,0
4577,M23633,M,303.1,314.3,1269,31.3,39,0,0,0,0,0,0
4578,L10169,L,297.8,306.9,1423,37.0,11,0,0,0,0,0,0
4579,L46558,L,300.6,309.9,1513,27.1,204,0,0,0,0,0,0
4580,L92872,L,301.5,311.3,1755,35.6,246,0,0,0,0,0,0
4581,M64590,M,299.4,310.4,1625,51.4,181,0,0,0,0,0,0
4582,M52963,M,298.9,307.8,1765,44.2,140,0,0,0,0,0,0
4583,M56712,M,299.8,310.7,1247,43.1,59,0,0,0,0,0,0
4584,H34611,H,301.6,311.6,1436,24.0,242,0,0,0,0,0,0
4585,M11675,M,299.0,308.6,1873,43.2,183,0,0,0,0,0,0
4586,M49953,M,297.9,309.0,1366,39.4,176,0,0,0,0,0,0
4587,L26538,L,302.3,311.5,1363,45.4,223,0,0,0,0,0,0
4588,H95605,H,300.8,313.1,1451,53.8,222,0,0,0,0,0,0
4589,M32564,M,302.0,311.8,1863,35.9,20,0,0,0,0,0,0
4590,M30723,M,301.5,311.7,1379,36.8,5,0,0,0,0,0,0
4591,L50535,L,304.4,315.9,1600,49.2,56,0,0,0,0,0,0
4592,L41069,L,302.2,312.4,1571,34.0,230,1,1,0,0,0,0
4593,M64426,M,298.6,309.7,1153,40.9,135,0,0,0,0,0,0
4594,L10935,L,300.9,309.0,1497,20.0,164,1,0,0,1,0,0
4595,L97557,L,298.9,308.4,1400,36.9,88,0,0,0,0,0,0
4596,H29747,H,299.1,309.5,1622,53.1,107,0,0,0,0,0,0
4597,L69731,L,297.2,308.3,1813,43.4,76,0,0,0,0,0,0
4598,L89585,L,299.4,310.2,1438,49.0,238,1,1,0,0,0,0
4599,L14245,L,301.1,311.8,1438,49.6,104,0,0,0,0,0,0
4600,L53140,L,299.9,310.9,1953,53.5,211,1,0,0,1,0,0
4601,M63452,M,297.8,308.3,1372,36.5,39,0,0,0,0,0,0
4602,H18889,H,297.0,304.8,1258,49.4,80,1,0,1,0,0,0
4603,H69421,H,304.2,315.7,1748,62.5,46,1,0,0,1,0,0
4604,M84836,M,300.7,309.8,1491,39.7,74,0,0,0,0,0,0
4605,M21476,M,298.4,308.7,1551,26.8,169,0,0,0,0,0,0
4606,L86188,L,300.9,311.1,1902,34.1,36,0,0,0,0,0,0
4607,M52255,M,304.4,314.4,1247,44.7,136,0,0,0,0,0,0
4608,L98034,L,301.2,310.1,1465,23.4,1,0,0,0,0,0,0
4609,L35798,L,294.4,302.5,1277,32.4,249,1,0,1,0,0,0
4610,H15504,H,305.3,314.3,1560,36.7,9,0,0,0,0,0,0
4611,M69256,M,296.3,307.1,1400,41.1,191,0,0,0,0,0,0
4612,L49597,L,299.6,308.1,1289,58.0,220,1,0,0,0,1,0
4613,M67209,M,297.7,306.9,1632,46.9,252,0,0,0,0,0,0
4614,L89664,L,298.5,308.9,1502,28.9,164,0,0,0,0,0,0
4615,L87626,L,300.6,309.5,1275,78.7,153,1,0,0,1,0,0
4616,L20699,L,295.9,305.3,1286,39.8,141,0,0,0,0,0,0
4617,L16009,L,299.8,309.9,1537,23.2,193,0,0,0,0,0,0
4618,L42623,L,302.3,312.6,1199,29.6,220,0,0,0,0,0,0
4619,L21913,L,298.3,307.3,1541,29.7,134,0,0,0,0,0,0
4620,L91495,L,297.2,307.4,1741,26.5,182,0,0,0,0,0,0
4621,L59349,L,299.7,310.1,1620,45.1,243,1,1,0,0,0,0
4622,H18291,H,299.3,308.1,1388,13.3,28,1,0,0,1,0,0
4623,M60035,M,298.8,309.0,1549,49.8,149,0,0,0,0,0,0
4624,M75299,M,297.6,306.9,1275,48.1,17,0,0,0,0,0,0
4625,L79623,L,301.0,311.2,1525,35.4,110,0,0,0,0,0,0
4626,M95462,M,301.2,311.9,1441,49.2,184,0,0,0,0,0,0
4627,M65616,M,297.9,307.7,1313,29.1,96,0,0,0,0,0,0
4628,L64180,L,298.1,309.1,1612,31.6,25,0,0,0,0,0,0
4629,L15195,L,300.3,311.1,1144,45.5,210,0,0,0,0,0,0
4630,L89121,L,298.1,309.0,1287,37.9,62,0,0,0,0,0,0
4631,L79725,L,300.4,310.8,1308,33.7,127,0,0,0,0,0,0
4632,L81951,L,302.9,314.0,1409,38.9,38,0,0,0,0,0,0
4633,L97591,L,299.9,310.3,1734,53.2,250,1,0,0,1,1,0
4634,L82579,L,297.6,305.9,1636,52.8,97,0,0,0,0,0,0
4635,M48823,M,300.8,310.0,1519,44.3,208,0,0,0,0,0,0
4636,L66662,L,299.6,309.4,1510,36.4,97,0,0,0,0,0,0
4637,L89594,L,299.7,309.6,1498,45.2,88,0,0,0,0,0,0
4638,M16317,M,301.0,311.3,1747,31.4,61,0,0,0,0,0,0
4639,L23363,L,301.4,310.6,1173,51.7,102,0,0,0,0,0,0
4640,L45959,L,300.1,312.1,1639,49.5,221,0,0,0,0,0,0
4641,L69371,L,299.9,309.8,1409,59.3,167,0,0,0,0,0,0
4642,L85006,L,304.1,314.1,1591,32.0,13,0,0,0,0,0,0
4643,L37731,L,302.4,311.7,1591,30.7,137,0,0,0,0,0,0
4644,L28314,L,301.7,310.7,1632,45.5,126,0,0,0,0,0,0
4645,L27002,L,300.3,310.1,1785,37.3,174,0,0,0,0,0,0
4646,H37045,H,298.0,308.0,1253,50.0,191,0,0,0,0,0,0
4647,H15431,H,302.3,312.2,1681,53.2,143,0,0,0,0,0,0
4648,L56159,L,300.3,311.9,1489,57.0,222,1,0,0,0,1,0
4649,L87518,L,298.8,308.7,1417,40.6,162,0,0,0,0,0,0
4650,L48029,L,299.5,309.4,1866,48.8,86,1,0,0,1,0,0
4651,M53743,M,298.1,308.9,1626,34.8,95,0,0,0,0,0,0
4652,M83569,M,302.1,311.9,1425,42.2,217,0,0,0,0,0,0
4653,L11148,L,301.4,311.9,1672,39.5,66,0,0,0,0,0,0
4654,L97607,L,300.4,309.1,1492,38.9,36,0,0,0,0,0,0
4655,L28370,L,299.9,308.6,1422,58.2,190,0,0,0,0,0,0
4656,M19605,M,298.6,308.8,1391,26.6,108,0,0,0,0,0,0
4657,M63199,M,295.7,305.5,1555,40.0,57,0,0,0,0,0,0
4658,L11635,L,297.2,306.4,1390,40.5,210,0,0,0,0,0,0
4659,L50313,L,298.5,308.6,1528,46.4,47,0,0,0,0,0,0
4660,L79691,L,298.2,308.4,1660,29.0,185,0,0,0,0,0,0
4661,M71893,M,300.6,309.9,1520,37.0,86,0,0,0,0,0,0
4662,H16713,H,301.6,311.1,1856,34.0,180,0,0,0,0,0,0
4663,L75514,L,299.7,310.0,1502,17.5,196,1,0,0,1,0,0
4664,L31588,L,302.8,311.8,1743,51.6,40,0,0,0,0,0,0
4665,L26548,L,298.4,307.8,1676,25.3,209,0,0,0,0,0,0
4666,L41441,L,299.7,310.3,1775,24.0,156,0,0,0,0,0,0
4667,M50041,M,299.9,309.9,1855,49.5,217,1,0,0,1,0,0
4668,L36869,L,302.2,311.7,1183,36.7,8,0,0,0,0,0,0
4669,M57909,M,300.2,309.3,1548,37.0,191,0,0,0,0,0,0
4670,L68384,L,300.3,309.3,1480,37.2,249,1,1,0,0,0,0
4671,L16941,L,296.7,306.6,1520,50.7,178,0,0,0,0,0,0
4672,L34926,L,298.2,310.2,1428,34.5,232,0,0,0,0,0,0
4673,L37673,L,302.2,312.8,1402,46.0,105,0,0,0,0,0,0
4674,L64655,L,295.8,304.5,1302,28.6,178,0,0,0,0,0,0
4675,M33155,M,302.7,313.4,1518,43.3,144,0,0,0,0,0,0
4676,L72622,L,301.0,310.2,1668,49.0,85,0,0,0,0,0,0
4677,L75364,L,298.5,308.5,1411,54.1,158,0,0,0,0,0,0
4678,L11955,L,298.3,307.7,1441,24.5,91,0,0,0,0,0,0
4679,L66842,L,303.8,315.8,1374,37.0,240,0,0,0,0,0,0
4680,M43061,M,302.8,311.7,1321,56.0,202,0,0,0,0,0,0
4681,H36286,H,299.8,310.1,1457,49.2,220,0,0,0,0,0,0
4682,L14617,L,300.3,309.6,1562,38.0,161,0,0,0,0,0,0
4683,M53727,M,298.7,309.4,1726,40.0,213,0,0,0,0,0,0
4684,M78905,M,300.3,310.6,1285,43.0,93,0,0,0,0,0,0
4685,H24002,H,298.7,309.9,1495,36.3,167,0,0,0,0,0,0
4686,L15266,L,299.8,310.6,1712,45.5,84,0,0,0,0,0,0
4687,L22592,L,303.6,312.9,1288,44.9,150,0,0,0,0,0,0
4688,L87527,L,299.8,312.7,1728,28.9,18,0,0,0,0,0,0
4689,M28599,M,297.9,308.5,1421,35.1,200,0,0,0,0,0,0
4690,M86277,M,297.3,306.7,1628,35.5,107,0,0,0,0,0,0
4691,L27087,L,300.3,310.5,1461,37.4,249,0,0,0,0,0,0
4692,L56506,L,298.5,309.1,1583,42.7,217,0,0,0,0,0,0
4693,M50125,M,300.5,311.1,1790,41.8,155,0,0,0,0,0,0
4694,M94852,M,296.8,307.3,1478,32.8,67,0,0,0,0,0,0
4695,L34553,L,301.4,312.3,1679,53.4,159,0,0,0,0,0,0
4696,M42987,M,297.9,308.7,1549,40.1,191,0,0,0,0,0,0
4697,L50188,L,300.1,309.2,1359,54.6,119,0,0,0,0,0,0
4698,L37230,L,299.3,311.4,1474,54.4,150,0,0,0,0,0,0
4699,L25045,L,303.4,315.4,1463,29.4,222,0,0,0,0,0,0
4700,M20267,M,300.3,311.1,1246,35.1,35,0,0,0,0,0,0
4701,H63385,H,303.9,313.9,1583,35.8,126,0,0,0,0,0,0
4702,L75479,L,301.1,311.2,1618,43.1,219,0,0,0,0,0,0
4703,L25284,L,302.9,312.5,1646,47.3,99,0,0,0,0,0,0
4704,L48276,L,299.6,309.4,1757,41.5,224,0,0,0,0,0,0
4705,L73580,L,300.7,308.5,1672,34.5,141,0,0,0,0,0,0
4706,L98075,L,302.4,314.0,1391,56.5,102,0,0,0,0,0,0
4707,L21744,L,301.8,313.0,1430,35.6,251,0,0,0,0,0,0
4708,L88322,L,301.1,309.4,1651,47.4,41,0,0,0,0,0,0
4709,L44746,L,299.3,310.2,1570,39.6,88,0,0,0,0,0,0
4710,L56138,L,299.7,309.7,1497,39.3,56,0,0,0,0,0,0
4711,M15937,M,302.3,312.1,1343,46.7,249,1,1,0,0,0,0
4712,L50640,L,302.7,313.2,1404,55.4,38,0,0,0,0,0,0
4713,M35737,M,298.8,307.1,1605,43.0,30,0,0,0,0,0,0
4714,H31188,H,298.5,308.5,1149,35.1,67,0,0,0,0,0,0
4715,L88701,L,298.2,308.3,1079,54.8,154,0,0,0,0,0,0
4716,L23729,L,301.7,311.7,1625,44.9,67,0,0,0,0,0,0
4717,L31214,L,298.1,306.8,1404,41.7,83,0,0,0,0,0,0
4718,L31762,L,301.6,312.1,1584,50.3,135,0,0,0,0,0,0
4719,L79772,L,301.1,312.2,1784,43.2,161,0,0,0,0,0,0
4720,L59559,L,298.9,309.3,1318,64.6,147,0,0,0,0,0,0
4721,L51190,L,303.1,312.9,1199,40.0,156,0,0,0,0,0,0
4722,L22771,L,297.1,309.8,1450,51.5,170,0,0,0,0,0,0
4723,L45558,L,303.3,312.4,1377,44.4,222,0,0,0,0,0,0
4724,M89568,M,300.6,311.4,1495,44.4,171,0,0,0,0,0,0
4725,L54869,L,295.9,306.1,1597,36.4,182,0,0,0,0,0,0
4726,L97093,L,303.2,315.2,1559,36.4,100,0,0,0,0,0,0
4727,M14080,M,301.9,312.3,1508,45.0,239,0,0,0,0,0,0
4728,L33978,L,299.1,309.7,1690,31.3,204,0,0,0,0,0,0
4729,M23663,M,298.1,308.6,1621,34.2,147,0,0,0,0,0,0
4730,L67999,L,296.9,305.8,1467,40.2,113,0,0,0,0,0,0
4731,L19364,L,304.8,314.0,1614,52.4,5,0,0,0,0,0,0
4732,H46920,H,298.2,307.9,1222,40.8,250,0,0,0,0,0,0
4733,L13447,L,297.5,308.4,1691,40.6,36,0,0,0,0,0,0
4734,L57099,L,300.5,310.8,1504,29.4,129,0,0,0,0,0,0
4735,H26811,H,296.7,306.5,1284,57.0,86,0,0,0,0,0,0
4736,M79334,M,298.0,309.4,1425,51.1,82,0,0,0,0,0,0
4737,M51499,M,302.0,310.0,1687,52.2,106,0,0,0,0,0,0
4738,L64822,L,300.9,309.6,1362,25.5,145,0,0,0,0,0,0
4739,L27030,L,299.2,306.7,1574,43.5,3,0,0,0,0,0,0
4740,M69878,M,300.0,311.2,1658,30.6,39,0,0,0,0,0,0
4741,L13028,L,299.1,309.0,1504,47.7,155,0,0,0,0,0,0
4742,L23065,L,299.9,310.8,1344,43.2,187,0,0,0,0,0,0
4743,M83620,M,298.5,308.4,1488,45.2,171,0,0,0,0,0,0
4744,L31543,L,298.8,309.9,1246,32.8,251,1,1,0,0,0,0
4745,L76181,L,298.8,308.7,1412,29.6,12,0,0,0,0,0,0
4746,L87824,L,298.5,309.0,1301,33.6,130,0,0,0,0,0,0
4747,L21732,L,302.1,312.4,1492,43.1,106,0,0,0,0,0,0
4748,M97252,M,301.5,311.9,1272,37.6,50,0,0,0,0,0,0
4749,M83332,M,298.1,309.8,1515,42.5,225,0,0,0,0,0,0
4750,L59952,L,297.6,306.0,1704,29.8,36,0,0,0,0,0,0
4751,L38690,L,299.7,309.6,1715,39.9,128,0,0,0,0,0,0
4752,L28677,L,304.3,314.5,1276,54.0,49,0,0,0,0,0,0
4753,L30672,L,297.9,308.0,1380,43.3,110,0,0,0,0,0,0
4754,L56014,L,299.7,309.3,1653,43.9,200,0,0,0,0,0,0
4755,H23630,H,300.2,309.6,1627,44.0,177,0,0,0,0,0,0
4756,L52749,L,299.8,311.3,1389,34.9,177,0,0,0,0,0,0
4757,L55648,L,299.1,309.0,1412,56.3,54,0,0,0,0,0,0
4758,H69686,H,302.3,314.7,1515,43.6,6,0,0,0,0,0,0
4759,L10644,L,300.9,311.4,1170,41.8,182,0,0,0,0,0,0
4760,H39493,H,301.7,311.4,1595,46.9,27,0,0,0,0,0,0
4761,L22012,L,301.2,311.7,1695,49.4,99,0,0,0,0,0,0
4762,L89247,L,301.8,311.9,1430,27.5,214,0,0,0,0,0,0
4763,H85556,H,303.2,314.5,1245,40.6,104,0,0,0,0,0,0
4764,L98048,L,302.7,311.5,1754,62.4,118,1,0,0,1,0,0
4765,L91400,L,304.6,312.8,1539,56.6,242,1,1,0,0,1,0
4766,L92000,L,302.4,312.8,1628,38.9,230,1,1,0,0,0,0
4767,M39346,M,298.7,309.5,1262,47.3,23,0,0,0,0,0,0
4768,L98981,L,301.7,312.0,1263,36.7,219,0,0,0,0,0,0
4769,L10204,L,301.4,312.1,1575,43.5,125,0,0,0,0,0,0
4770,M22400,M,303.8,314.4,1685,35.4,202,0,0,0,0,0,0
4771,M36952,M,298.1,306.6,1297,35.2,89,0,0,0,0,0,0
4772,L32655,L,301.1,311.4,1482,34.1,242,0,0,0,0,0,0
4773,L81400,L,298.6,310.0,1214,56.8,202,0,0,0,0,0,0
4774,L78853,L,301.0,311.2,1374,35.2,114,0,0,0,0,0,0
4775,L24928,L,299.6,308.3,1454,51.4,91,0,0,0,0,0,0
4776,L51975,L,301.0,310.6,1588,35.7,53,0,0,0,0,0,0
4777,L18402,L,297.2,307.7,1121,34.5,70,0,0,0,0,0,0
4778,L96466,L,301.6,313.4,1738,43.9,112,0,0,0,0,0,0
4779,L73482,L,300.4,308.5,1469,27.0,90,0,0,0,0,0,0
4780,M23398,M,300.3,310.7,1733,46.6,163,0,0,0,0,0,0
4781,L79123,L,303.9,313.0,1626,38.6,161,0,0,0,0,0,0
4782,H37676,H,299.2,309.7,1653,34.5,49,0,0,0,0,0,0
4783,H30784,H,300.7,311.3,1864,32.3,66,0,0,0,0,0,0
4784,L68134,L,300.2,310.0,1359,59.7,11,0,0,0,0,0,0
4785,H29984,H,300.4,311.0,1524,39.7,97,0,0,0,0,0,0
4786,M46879,M,304.4,315.6,1322,39.2,120,0,0,0,0,0,0
4787,L89415,L,300.1,310.0,1482,48.7,27,0,0,0,0,0,0
4788,M42582,M,298.9,307.5,1630,31.6,22,0,0,0,0,0,0
4789,L23544,L,303.7,315.2,1703,51.3,68,0,0,0,0,0,0
4790,M59638,M,299.4,310.2,1431,39.6,124,0,0,0,0,0,0
4791,L22997,L,296.8,307.4,1283,26.2,249,1,1,0,0,0,0
4792,L82433,L,298.5,307.8,1513,34.7,232,0,0,0,0,0,0
4793,L76545,L,297.5,308.5,1347,29.0,101,0,0,0,0,0,0
4794,H48969,H,296.4,308.4,1396,40.8,141,0,0,0,0,0,0
4795,L58404,L,299.3,309.2,1621,32.1,142,0,0,0,0,0,0
4796,L13093,L,299.9,310.0,1587,31.0,87,0,0,0,0,0,0
4797,L67649,L,302.4,311.3,1650,42.9,217,0,0,0,0,0,0
4798,L80374,L,301.3,310.5,1439,40.4,74,0,0,0,0,0,0
4799,M91336,M,301.2,310.1,1682,52.1,108,0,0,0,0,0,0
4800,M74953,M,298.2,308.3,1503,51.6,229,0,0,0,0,0,0
4801,L36009,L,301.8,311.4,1449,40.6,88,0,0,0,0,0,0
4802,L55508,L,302.8,313.2,1302,45.0,129,0,0,0,0,0,0
4803,L39034,L,300.8,309.9,1124,25.9,220,1,0,0,1,0,0
4804,L64283,L,300.8,310.7,1218,47.0,83,0,0,0,0,0,0
4805,M88344,M,297.5,306.5,1539,44.1,243,1,1,0,0,0,0
4806,M43150,M,302.1,312.3,1337,49.5,51,0,0,0,0,0,0
4807,L81656,L,303.6,311.9,1204,36.9,173,1,0,1,0,0,0
4808,L19522,L,300.6,310.8,1425,37.0,15,0,0,0,0,0,0
4809,L74327,L,298.8,308.5,1550,37.1,136,0,0,0,0,0,0
4810,L81753,L,299.7,309.9,1575,54.3,40,0,0,0,0,0,0
4811,L80446,L,299.2,307.5,1495,42.8,159,0,0,0,0,0,0
4812,M45382,M,299.3,309.9,1489,25.0,156,0,0,0,0,0,0
4813,L76691,L,301.3,311.0,1403,46.4,105,0,0,0,0,0,0
4814,H98682,H,300.6,310.8,1614,35.4,234,0,0,0,0,0,0
4815,L15738,L,302.0,310.1,1468,50.8,226,0,0,0,0,0,0
4816,L97952,L,300.7,309.5,1486,45.4,186,0,0,0,0,0,0
4817,L42433,L,298.3,307.9,1687,52.4,182,0,0,0,0,0,0
4818,L38748,L,299.0,310.4,1643,50.4,17,0,0,0,0,0,0
4819,L19457,L,298.9,309.4,1467,49.4,82,0,0,0,0,0,0
4820,L27548,L,299.6,309.8,1441,51.3,51,0,0,0,0,0,0
4821,M56414,M,303.6,312.7,1440,48.2,98,0,0,0,0,0,0
4822,L78339,L,303.9,312.8,1136,33.1,28,0,0,0,0,0,0
4823,M75200,M,301.7,311.9,1697,28.6,81,0,0,0,0,0,0
4824,M78807,M,300.2,310.9,1377,31.7,144,0,0,0,0,0,0
4825,L75522,L,297.3,307.5,1654,47.3,42,0,0,0,0,0,0
4826,L12849,L,300.4,312.1,1507,17.8,27,1,0,0,1,0,0
4827,L50690,L,298.4,307.7,1751,39.8,179,0,0,0,0,0,0
4828,L58347,L,303.3,313.4,1595,37.3,62,0,0,0,0,0,0
4829,M14399,M,296.8,305.1,1664,52.2,121,0,0,0,0,0,0
4830,H35540,H,300.8,311.0,1393,38.8,212,0,0,0,0,0,0
4831,L35561,L,298.3,309.7,1269,36.3,96,0,0,0,0,0,0
4832,L14499,L,300.0,308.9,1527,53.2,25,0,0,0,0,0,0
4833,M50440,M,301.3,312.2,1155,39.1,199,0,0,0,0,0,0
4834,M48727,M,302.0,313.5,1416,37.5,187,0,0,0,0,0,0
4835,L58815,L,299.9,309.2,1286,35.1,154,0,0,0,0,0,0
4836,M21981,M,301.5,312.0,1349,42.9,136,0,0,0,0,0,0
4837,L97669,L,298.7,310.3,1607,36.7,190,0,0,0,0,0,0
4838,L35486,L,300.5,310.7,1595,36.7,89,0,0,0,0,0,0
4839,L65591,L,302.0,312.8,1471,54.5,83,0,0,0,0,0,0
4840,L60975,L,300.7,308.9,1558,40.5,159,0,0,0,0,0,0
4841,M10608,M,298.9,309.5,1403,35.5,42,0,0,0,0,0,0
4842,L32318,L,299.4,310.0,1937,30.0,160,0,0,0,0,0,0
4843,L72891,L,302.0,310.7,1554,42.0,219,0,0,0,0,0,0
4844,L42675,L,297.8,306.9,1394,34.4,130,0,0,0,0,0,0
4845,L39875,L,298.1,308.7,1658,36.3,21,0,0,0,0,0,0
4846,L73810,L,301.2,310.9,1723,31.5,168,0,0,0,0,0,0
4847,L81883,L,299.1,310.2,1361,42.0,220,0,0,0,0,0,0
4848,M82621,M,297.1,307.4,1245,27.0,50,0,0,0,0,0,0
4849,L49455,L,302.7,312.8,1280,44.1,155,0,0,0,0,0,0
4850,M51373,M,297.8,307.6,1379,34.5,50,0,0,0,0,0,0
4851,L70775,L,299.6,309.9,1490,47.2,207,0,0,0,0,0,0
4852,M63075,M,298.8,309.6,1207,44.9,64,0,0,0,0,0,0
4853,M43533,M,299.4,309.9,1425,41.0,159,0,0,0,0,0,0
4854,L39728,L,298.2,307.8,1463,48.5,149,0,0,0,0,0,0
4855,L97093,L,301.4,312.7,1558,55.6,95,0,0,0,0,0,0
4856,H89655,H,300.2,310.9,1610,52.7,228,0,0,0,0,0,0
4857,L37335,L,302.0,312.4,1572,26.9,228,0,0,0,0,0,0
4858,M17315,M,298.8,308.9,1823,33.9,86,0,0,0,0,0,0
4859,L95871,L,304.3,314.8,1697,35.2,88,0,0,0,0,0,0
4860,L18768,L,296.2,304.4,1540,46.4,166,0,0,0,0,0,0
4861,L31055,L,296.8,307.1,1325,34.8,72,0,0,0,0,0,0
4862,M13400,M,303.5,315.1,1378,34.4,77,0,0,0,0,0,0
4863,L79723,L,300.9,311.2,1243,32.7,5,0,0,0,0,0,0
4864,M19178,M,300.7,310.8,1528,43.0,24,0,0,0,0,0,0
4865,M38626,M,300.9,310.3,1560,46.3,166,0,0,0,0,0,0
4866,L66585,L,301.1,311.6,1661,27.9,81,0,0,0,0,0,0
4867,L14806,L,300.6,310.4,1548,34.9,21,0,0,0,0,0,0
4868,L99847,L,298.1,309.4,1690,21.0,235,0,0,0,0,0,0
4869,L80214,L,301.6,310.8,1693,16.1,75,1,0,0,1,0,0
4870,M64138,M,301.3,310.9,1315,44.8,53,0,0,0,0,0,0
4871,L60469,L,302.9,312.3,1407,43.2,132,0,0,0,0,0,0
4872,L32936,L,303.5,315.4,1498,41.7,210,0,0,0,0,0,0
4873,M63020,M,300.7,310.5,1373,55.9,221,0,0,0,0,0,0
4874,L83630,L,297.5,307.0,1456,23.2,77,0,0,0,0,0,0
4875,L55105,L,303.5,311.5,1554,19.2,188,1,0,0,1,0,0
4876,L41910,L,298.0,307.1,1478,28.8,132,0,0,0,0,0,0
4877,L36362,L,300.7,311.2,1500,18.8,151,1,0,0,1,0,0
4878,M63457,M,299.5,310.0,1330,33.9,111,0,0,0,0,0,0
4879,L90428,L,299.1,308.5,1591,45.8,45,0,0,0,0,0,0
4880,L49627,L,301.5,310.9,1578,43.0,208,0,0,0,0,0,0
4881,L69840,L,300.5,312.3,1363,50.3,138,0,0,0,0,0,0
4882,L55989,L,301.0,313.7,1267,43.7,102,0,0,0,0,0,0
4883,M53940,M,298.4,309.5,1721,36.0,171,0,0,0,0,0,0
4884,L19504,L,299.7,311.2,1815,34.7,108,0,0,0,0,0,0
4885,M40496,M,298.5,310.2,1542,44.4,215,0,0,0,0,0,0
4886,M93735,M,299.6,311.8,1435,24.7,34,0,0,0,0,0,0
4887,L89494,L,299.8,309.5,1688,8.2,8,1,0,0,1,0,0
4888,M37483,M,303.7,312.8,1585,43.9,144,0,0,0,0,0,0
4889,L63036,L,299.5,311.3,1462,42.3,65,0,0,0,0,0,0
4890,H64087,H,295.7,304.8,1674,55.7,30,1,0,0,1,0,0
4891,L89397,L,302.8,311.8,1354,47.0,8,0,0,0,0,0,0
4892,L10662,L,300.9,309.9,1376,43.1,195,0,0,0,0,0,0
4893,L37443,L,299.7,309.6,1565,36.9,243,0,0,0,0,0,0
4894,L51399,L,299.1,307.1,1521,31.9,156,0,0,0,0,0,0
4895,M56713,M,298.1,306.7,1615,37.2,195,0,0,0,0,0,0
4896,L79011,L,303.9,313.3,1715,49.6,212,0,0,0,0,0,0
4897,L40689,L,300.1,308.9,1221,44.6,204,0,0,0,0,0,0
4898,L65114,L,296.5,307.6,1507,49.3,83,0,0,0,0,0,0
4899,M86258,M,300.7,310.7,1842,41.1,1,0,0,0,0,0,0
4900,M38663,M,302.4,313.0,1393,31.0,159,0,0,0,0,0,0
4901,L55037,L,300.3,310.8,1371,51.6,240,0,0,0,0,0,0
4902,L68551,L,298.2,308.0,1097,50.7,225,0,0,0,0,0,0
4903,L82257,L,298.0,309.0,1518,41.9,1,0,0,0,0,0,0
4904,M81594,M,298.2,308.6,1605,45.6,229,1,1,0,0,0,0
4905,M46571,M,303.0,312.7,1604,45.0,3,0,0,0,0,0,0
4906,L24231,L,299.9,308.2,1313,35.3,134,1,0,1,0,0,0
4907,M20763,M,296.6,307.2,1498,37.4,216,0,0,0,0,0,0
4908,L15926,L,300.8,309.5,1540,30.9,105,0,0,0,0,0,0
4909,M53357,M,300.3,310.7,1509,37.4,173,0,0,0,0,0,0
4910,L51545,L,299.1,309.2,1303,50.3,59,0,0,0,0,0,0
4911,L32403,L,298.0,306.6,1514,48.4,245,0,0,0,0,0,0
4912,L49367,L,297.9,308.1,1353,45.6,11,0,0,0,0,0,0
4913,L72240,L,302.2,312.4,1163,49.6,160,0,0,0,0,0,0
4914,H14209,H,300.5,310.7,1623,36.3,9,0,0,0,0,0,0
4915,L32652,L,301.0,311.1,1525,28.3,11,0,0,0,0,0,0
4916,M71188,M,300.5,309.8,1607,38.4,68,0,0,0,0,0,0
4917,M31732,M,300.7,311.2,1404,39.2,4,0,0,0,0,0,0
4918,M62328,M,299.1,308.4,1613,46.8,52,0,0,0,0,0,0
4919,H79993,H,299.6,308.5,1684,45.1,39,0,0,0,0,0,0
4920,L38143,L,302.3,313.0,1816,50.1,231,1,0,0,1,0,0
4921,L19104,L,302.8,313.8,1646,19.9,10,0,0,0,0,0,0
4922,L34945,L,297.6,308.2,1569,32.0,155,0,0,0,0,0,0
4923,L67748,L,299.6,309.4,1252,39.1,170,0,0,0,0,0,0
4924,M35986,M,301.7,309.7,1481,44.8,208,0,0,0,0,0,0
4925,L92129,L,303.8,315.2,1244,60.9,93,0,0,0,0,0,0
4926,L20217,L,303.6,311.6,1353,30.2,46,0,0,0,0,0,0
4927,L51104,L,298.4,309.0,1852,32.9,31,0,0,0,0,0,0
4928,L93555,L,302.6,314.7,1316,35.8,36,0,0,0,0,0,0
4929,M76361,M,300.1,310.3,1078,32.5,133,0,0,0,0,0,0
4930,L15412,L,302.1,312.4,1646,31.1,151,0,0,0,0,0,0
4931,M35334,M,301.6,312.0,1379,40.5,199,0,0,0,0,0,0
4932,M13906,M,297.5,307.7,1638,49.8,204,0,0,0,0,0,0
4933,M96246,M,301.1,313.5,1289,41.2,213,0,0,0,0,0,0
4934,L80416,L,302.0,311.2,1423,31.4,40,0,0,0,0,0,0
4935,M32432,M,300.0,309.0,1715,38.0,189,0,0,0,0,0,0
4936,L51344,L,299.5,309.2,1262,29.6,18,0,0,0,0,0,0
4937,L50287,L,296.9,308.6,1470,49.8,223,0,0,0,0,0,0
4938,M83011,M,301.4,310.8,1552,54.7,133,0,0,0,0,0,0
4939,M19680,M,300.4,310.8,1371,24.0,162,0,0,0,0,0,0
4940,L55869,L,298.2,309.2,1544,42.3,157,0,0,0,0,0,0
4941,M75624,M,299.3,310.1,1503,32.2,141,0,0,0,0,0,0
4942,L90889,L,300.3,311.3,1596,40.6,132,0,0,0,0,0,0
4943,L41477,L,298.9,310.3,1832,39.1,233,0,0,0,0,0,0
4944,H41414,H,300.0,310.3,1982,26.6,88,0,0,0,0,0,0
4945,L68081,L,296.5,306.0,1583,52.1,197,0,0,0,0,0,0
4946,M62688,M,302.7,312.8,1480,38.5,92,0,0,0,0,0,0
4947,L91866,L,300.0,309.7,1579,35.3,12,0,0,0,0,0,0
4948,M29795,M,297.8,310.3,1458,41.2,96,0,0,0,0,0,0
4949,M44910,M,295.1,304.5,1214,31.3,38,0,0,0,0,0,0
4950,M50352,M,302.1,312.5,1492,38.2,111,0,0,0,0,0,0
4951,L56765,L,301.1,309.6,1695,21.6,21,0,0,0,0,0,0
4952,M21947,M,300.4,310.6,1236,16.4,199,1,0,0,1,0,0
4953,L24028,L,301.7,311.4,1323,30.3,149,0,0,0,0,0,0
4954,H54853,H,301.7,312.4,1395,34.7,10,0,0,0,0,0,0
4955,L17691,L,300.4,311.1,1567,22.4,163,0,0,0,0,0,0
4956,L51381,L,299.5,310.9,1928,35.0,242,1,1,0,0,0,0
4957,M24586,M,299.2,310.5,1354,34.7,16,0,0,0,0,0,0
4958,L12381,L,300.8,310.8,1516,39.4,90,0,0,0,0,0,0
4959,L47458,L,302.8,311.8,1501,46.1,226,0,0,0,0,0,0
4960,M18157,M,299.8,309.0,1446,57.1,8,0,0,0,0,0,0
4961,L67812,L,303.0,313.3,1491,44.3,232,0,0,0,0,0,0
4962,L60707,L,300.7,310.9,1416,30.2,250,0,0,0,0,0,0
4963,L23382,L,300.8,311.0,1994,46.7,99,1,0,0,1,0,0
4964,L74500,L,304.8,314.3,1635,54.0,118,0,0,0,0,0,0
4965,L36451,L,303.3,314.7,1418,28.8,250,1,1,0,0,0,0
4966,L69535,L,303.4,311.9,1713,29.4,15,0,0,0,0,0,0
4967,L95062,L,298.4,307.8,1546,25.8,80,0,0,0,0,0,0
4968,L74805,L,304.4,313.3,1510,34.4,16,0,0,0,0,0,0
4969,L37348,L,299.8,309.6,1467,43.7,189,0,0,0,0,0,0
4970,M53060,M,299.5,310.8,1455,54.8,165,0,0,0,0,0,0
4971,M37088,M,295.7,305.4,1280,48.9,218,0,0,0,0,0,0
4972,L40638,L,300.7,310.8,1199,43.9,48,0,0,0,0,0,0
4973,L89324,L,297.8,308.5,1567,40.5,138,0,0,0,0,0,0
4974,M71837,M,300.8,310.5,1465,43.9,180,0,0,0,0,0,0
4975,L58997,L,297.7,308.1,1658,44.5,71,0,0,0,0,0,0
4976,L34360,L,303.6,313.8,1340,53.0,225,0,0,0,0,0,0
4977,L56979,L,301.1,310.0,1302,39.8,50,0,0,0,0,0,0
4978,L66622,L,304.6,314.1,1640,42.6,30,0,0,0,0,0,0
4979,M73753,M,298.0,308.3,1447,35.9,71,0,0,0,0,0,0
4980,H18210,H,303.1,314.4,1654,41.1,202,0,0,0,0,0,0
4981,H87967,H,296.4,307.7,1506,37.4,181,0,0,0,0,0,0
4982,L58397,L,300.4,312.5,1838,28.1,225,0,0,0,0,0,0
4983,L41826,L,298.7,309.2,1636,48.7,156,0,0,0,0,0,0
4984,L74714,L,299.1,308.7,1574,54.9,232,1,0,0,0,1,0
4985,L59410,L,299.0,308.9,1644,39.6,137,0,0,0,0,0,0
4986,L38481,L,298.2,308.1,1451,43.3,232,0,0,0,0,0,0
4987,M92137,M,297.5,307.1,1204,48.6,220,0,0,0,0,0,0
4988,L92655,L,299.1,309.5,1565,38.6,120,0,0,0,0,0,0
4989,H91887,H,300.2,310.7,1849,41.9,2,0,0,0,0,0,0
4990,L16566,L,302.3,311.2,1088,37.8,249,0,0,0,0,0,0
4991,L92589,L,300.6,311.7,1584,34.5,126,0,0,0,0,0,0
4992,M33906,M,302.3,310.5,1224,45.2,187,1,0,1,0,0,0
4993,M41287,M,297.0,306.8,1496,45.1,114,0,0,0,0,0,0
4994,L70870,L,299.1,310.3,1514,49.2,92,0,0,0,0,0,0
4995,L52917,L,301.4,312.0,1634,40.0,91,0,0,0,0,0,0
4996,L84346,L,300.7,310.3,1538,28.0,90,0,0,0,0,0,0
4997,L69763,L,298.3,310.2,1747,51.1,147,0,0,0,0,0,0
4998,L20205,L,301.9,311.4,1710,32.7,204,0,0,0,0,0,0
4999,L22673,L,298.9,306.9,1465,32.5,144,0,0,0,0,0,0
5000,M18910,M,298.4,308.9,1697,34.7,133,0,0,0,0,0,0
5001,L39644,L,301.0,309.2,1444,22.6,78,0,0,0,0,0,0
5002,M51876,M,300.0,309.2,1413,37.8,117,0,0,0,0,0,0
5003,M89380,M,299.0,309.6,1283,46.2,45,0,0,0,0,0,0
5004,L41083,L,298.9,308.4,1736,35.7,188,0,0,0,0,0,0
5005,L18743,L,297.9,308.4,1446,53.4,198,0,0,0,0,0,0
5006,L59479,L,299.2,308.1,1064,52.8,60,0,0,0,0,0,0
5007,M47523,M,302.2,313.1,1598,48.9,143,0,0,0,0,0,0
5008,M85839,M,300.5,308.8,1422,20.7,72,1,0,0,1,0,0
5009,M13157,M,301.9,313.2,1446,54.3,247,0,0,0,0,0,0
5010,L35989,L,301.0,310.6,1458,37.6,76,0,0,0,0,0,0
5011,L72690,L,298.8,310.3,1439,56.8,219,0,0,0,0,0,0
5012,L10919,L,296.7,305.9,1991,34.0,177,0,0,0,0,0,0
5013,L60670,L,298.1,310.1,1799,38.6,244,0,0,0,0,0,0
5014,M70378,M,298.7,307.7,1626,40.9,182,0,0,0,0,0,0
5015,L12987,L,298.5,306.7,1543,30.7,154,0,0,0,0,0,0
5016,L60645,L,302.0,312.0,1703,23.8,116,0,0,0,0,0,0
5017,L93770,L,301.9,313.2,1544,16.0,119,1,0,0,1,0,0
5018,L56405,L,304.4,315.2,1647,69.5,0,1,0,0,1,0,0
5019,M25523,M,298.5,309.6,1600,23.3,252,0,0,0,0,0,0
5020,L80578,L,303.2,314.0,1523,23.5,144,0,0,0,0,0,0
5021,H15373,H,303.2,312.4,1669,45.7,149,0,0,0,0,0,0
5022,M86498,M,299.5,310.3,1424,25.8,46,0,0,0,0,0,0
5023,M95817,M,300.9,311.0,1511,23.9,109,0,0,0,0,0,0
5024,M22995,M,302.5,311.8,1324,11.3,55,1,0,0,1,0,0
5025,M34691,M,299.9,310.1,1344,42.9,55,0,0,0,0,0,0
5026,M84886,M,299.7,309.7,1045,29.3,139,1,0,0,1,0,0
5027,L76753,L,298.7,310.2,1582,46.4,61,0,0,0,0,0,0
5028,L58678,L,295.3,304.8,1632,39.2,169,0,0,0,0,0,0
5029,L70621,L,300.1,309.6,1695,40.9,95,0,0,0,0,0,0
5030,L88394,L,298.6,307.9,1302,35.5,95,0,0,0,0,0,0
5031,L74329,L,297.8,309.7,1579,37.2,178,0,0,0,0,0,0
5032,M61096,M,300.8,310.2,1500,31.1,170,0,0,0,0,0,0
5033,L44884,L,297.1,308.4,1633,32.0,102,0,0,0,0,0,0
5034,L90484,L,301.6,310.6,1383,29.1,235,0,0,0,0,0,0
5035,M61496,M,301.0,311.5,1439,55.1,83,0,0,0,0,0,0
5036,L84915,L,299.2,309.5,1220,36.0,182,0,0,0,0,0,0
5037,M87055,M,299.9,311.1,1371,17.4,201,1,0,0,1,0,0
5038,L39326,L,297.6,308.7,1501,42.6,55,0,0,0,0,0,0
5039,M76940,M,301.5,311.6,1531,32.0,120,0,0,0,0,0,0
5040,M67894,M,300.4,309.8,1197,39.6,5,0,0,0,0,0,0
5041,L30555,L,300.5,312.1,1408,37.3,84,0,0,0,0,0,0
5042,L61124,L,301.0,310.4,1529,54.9,68,0,0,0,0,0,0
5043,L95891,L,298.7,306.4,1753,36.2,195,0,0,0,0,0,0
5044,L58157,L,297.0,305.1,1348,48.2,56,1,0,1,0,0,0
5045,L71977,L,301.9,310.3,1588,47.1,6,0,0,0,0,0,0
5046,H19880,H,301.4,312.0,1399,26.3,6,0,0,0,0,0,0
5047,L45044,L,298.9,311.1,1420,41.9,193,0,0,0,0,0,0
5048,M12130,M,300.8,308.8,1342,32.4,36,1,0,1,0,0,0
5049,L42947,L,302.5,311.7,1312,27.9,163,0,0,0,0,0,0
5050,H40817,H,302.3,312.4,1415,28.0,51,0,0,0,0,0,0
5051,L27078,L,298.9,310.4,1689,48.2,56,0,0,0,0,0,0
5052,L54804,L,297.0,306.2,1364,66.4,204,1,0,0,0,1,0
5053,L55418,L,297.4,308.0,1336,31.9,173,0,0,0,0,0,0
5054,L59723,L,299.4,309.1,1538,42.2,166,0,0,0,0,0,0
5055,M45806,M,302.9,315.5,1501,43.1,235,0,0,0,0,0,0
5056,L56606,L,298.5,308.7,1488,34.7,220,0,0,0,0,0,0
5057,L62136,L,298.8,309.2,1546,54.1,214,0,0,0,0,0,0
5058,L23114,L,298.8,308.9,1318,62.0,34,0,0,0,0,0,0
5059,M53332,M,298.9,308.5,1338,34.0,42,0,0,0,0,0,0
5060,L83566,L,300.0,310.9,1678,57.3,248,1,1,0,1,1,0
5061,L73450,L,297.4,306.3,1474,34.5,146,0,0,0,0,0,0
5062,L74795,L,302.2,310.2,1607,30.3,139,0,0,0,0,0,0
5063,L36493,L,299.7,309.6,1720,38.6,128,0,0,0,0,0,0
5064,L87701,L,305.0,315.8,1652,48.7,186,0,0,0,0,0,0
5065,H53931,H,297.7,307.1,1253,39.0,150,0,0,0,0,0,0
5066,L89485,L,303.2,313.4,1479,47.4,38,0,0,0,0,0,0
5067,M24168,M,302.8,311.6,1687,42.3,26,0,0,0,0,0,0
5068,L84902,L,299.2,310.2,1594,53.5,77,0,0,0,0,0,0
5069,L36671,L,299.2,309.9,1533,45.3,220,0,0,0,0,0,0
5070,L69784,L,298.2,308.2,1205,55.3,102,0,0,0,0,0,0
5071,L11558,L,298.2,308.3,1389,31.4,221,0,0,0,0,0,0
5072,L49607,L,300.0,308.6,1512,38.0,145,0,0,0,0,0,0
5073,L80163,L,300.0,308.7,1243,40.0,235,0,0,0,0,0,0
5074,L67163,L,296.8,306.7,1643,31.5,224,0,0,0,0,0,0
5075,H37917,H,304.6,315.1,1479,29.9,95,0,0,0,0,0,0
5076,L32278,L,299.5,310.0,1144,43.8,139,0,0,0,0,0,0
5077,L30740,L,300.1,309.8,1398,46.7,180,0,0,0,0,0,0
5078,L92980,L,298.7,309.5,1448,41.1,12,0,0,0,0,0,0
5079,L37156,L,299.5,310.9,1477,50.6,40,0,0,0,0,0,0
5080,M66937,M,299.3,309.2,1756,29.0,185,0,0,0,0,0,0
5081,L11041,L,300.0,310.3,1604,36.1,231,0,0,0,0,0,0
5082,L63887,L,300.0,309.8,1254,28.2,77,0,0,0,0,0,0
5083,L68434,L,301.6,311.5,1232,41.4,100,0,0,0,0,0,0
5084,L62244,L,300.5,310.6,1452,44.9,221,0,0,0,0,0,0
5085,H85031,H,301.4,313.1,1523,53.4,67,0,0,0,0,0,0
5086,L71526,L,300.0,310.9,1679,28.2,234,0,0,0,0,0,0
5087,M28956,M,300.5,311.3,1811,43.7,36,0,0,0,0,0,0
5088,L71698,L,299.5,309.1,1821,54.4,64,1,0,0,1,0,0
5089,H31302,H,302.0,311.1,1420,30.0,9,0,0,0,0,0,0
5090,L13988,L,300.6,311.0,1668,27.6,24,0,0,0,0,0,0
5091,L93665,L,299.7,310.9,1577,25.3,65,0,0,0,0,0,0
5092,M48174,M,299.6,311.3,1304,46.2,166,0,0,0,0,0,0
5093,L48884,L,299.8,307.3,1160,32.7,51,1,0,1,0,0,0
5094,L97783,L,300.1,312.5,1526,44.8,238,0,0,0,0,0,0
5095,H64683,H,299.9,310.3,1231,37.8,88,0,0,0,0,0,0
5096,L78249,L,298.9,309.8,1347,58.0,131,0,0,0,0,0,0
5097,M88919,M,301.5,309.8,1377,47.9,168,0,0,0,0,0,0
5098,M27231,M,301.7,311.4,1539,32.0,34,0,0,0,0,0,0
5099,M23693,M,303.6,314.4,1731,37.0,174,0,0,0,0,0,0
5100,M48500,M,298.8,307.6,1502,47.9,31,0,0,0,0,0,0
5101,L16626,L,301.3,308.4,1403,29.3,209,0,0,0,0,0,0
5102,L51558,L,296.2,306.5,1128,51.8,123,0,0,0,0,0,0
5103,L58950,L,301.7,311.6,1583,37.5,23,0,0,0,0,0,0
5104,M98045,M,297.1,308.5,1505,48.1,179,0,0,0,0,0,0
5105,M25239,M,298.0,307.9,1401,38.0,19,0,0,0,0,0,0
5106,L95656,L,300.7,310.6,1710,34.8,247,0,0,0,0,0,0
5107,L31793,L,298.8,309.5,1286,33.1,115,0,0,0,0,0,0
5108,L16935,L,298.5,309.5,1377,57.3,97,0,0,0,0,0,0
5109,L86179,L,299.0,308.3,1456,37.0,80,0,0,0,0,0,0
5110,M33865,M,301.5,312.4,1399,70.8,114,1,0,0,1,0,0
5111,L36648,L,298.1,307.6,1599,41.5,198,0,0,0,0,0,0
5112,M16572,M,299.9,309.9,1584,31.5,132,0,0,0,0,0,0
5113,M58209,M,299.2,309.9,1689,24.1,163,0,0,0,0,0,0
5114,H27488,H,301.6,312.5,1590,52.3,15,0,0,0,0,0,0
5115,L64704,L,301.7,312.0,1479,38.1,215,0,0,0,0,0,0
5116,H50428,H,296.3,305.2,1439,48.2,134,0,0,0,0,0,0
5117,M34416,M,302.1,310.2,1582,63.2,133,1,0,0,1,0,0
5118,M64039,M,298.8,308.6,1466,46.7,64,0,0,0,0,0,0
5119,L23883,L,300.5,311.4,1509,43.4,20,0,0,0,0,0,0
5120,L83088,L,298.1,308.6,1592,52.3,85,0,0,0,0,0,0
5121,M72311,M,300.7,311.0,1525,48.0,207,0,0,0,0,0,0
5122,L17833,L,305.1,315.1,1556,27.4,138,0,0,0,0,0,0
5123,L99512,L,300.3,310.6,1358,53.3,67,0,0,0,0,0,0
5124,L35302,L,299.1,308.1,1743,39.5,150,0,0,0,0,0,0
5125,L96838,L,299.5,310.3,1301,55.4,89,0,0,0,0,0,0
5126,L64891,L,297.1,307.9,1579,45.1,57,0,0,0,0,0,0
5127,L92833,L,302.9,312.5,1413,51.9,187,0,0,0,0,0,0
5128,L51355,L,300.6,311.1,1695,37.8,42,0,0,0,0,0,0
5129,H79300,H,297.9,306.2,1659,24.8,148,0,0,0,0,0,0
5130,H37738,H,298.0,308.1,1500,45.6,186,0,0,0,0,0,0
5131,L72537,L,300.0,309.9,1780,49.8,16,0,0,0,0,0,0
5132,L26001,L,301.9,313.1,1466,34.4,176,0,0,0,0,0,0
5133,L23186,L,297.7,307.5,1659,38.0,3,0,0,0,0,0,0
5134,L73764,L,302.2,313.1,1369,17.9,205,1,0,0,1,0,0
5135,M12951,M,299.8,309.4,1573,38.4,70,0,0,0,0,0,0
5136,L31134,L,298.1,305.9,1332,27.5,39,1,0,1,0,0,0
5137,L53995,L,299.1,308.8,1504,45.2,33,0,0,0,0,0,0
5138,L71604,L,303.5,313.7,1491,43.3,110,0,0,0,0,0,0
5139,L62022,L,297.2,307.4,1658,40.2,73,0,0,0,0,0,0
5140,M92502,M,298.5,308.7,1379,53.2,119,0,0,0,0,0,0
5141,M75195,M,301.9,311.4,2053,42.4,214,0,0,0,0,0,0
5142,L29421,L,300.4,310.1,1251,41.9,27,0,0,0,0,0,0
5143,L73347,L,298.4,307.3,1542,43.2,66,0,0,0,0,0,0
5144,H74965,H,301.9,309.9,1552,34.2,29,0,0,0,0,0,0
5145,L86578,L,302.0,311.9,1597,49.9,161,0,0,0,0,0,0
5146,M82075,M,300.7,309.9,1407,30.8,158,0,0,0,0,0,0
5147,M66504,M,298.8,309.9,1544,44.2,215,0,0,0,0,0,0
5148,L66971,L,299.1,306.9,1398,52.2,185,0,0,0,0,0,0
5149,M50961,M,300.6,310.9,1837,29.7,177,0,0,0,0,0,0
5150,L39296,L,297.4,309.5,1386,26.6,41,0,0,0,0,0,0
5151,M96171,M,302.7,312.5,1473,29.6,207,0,0,0,0,0,0
5152,L31590,L,303.4,313.4,1381,58.2,2,0,0,0,0,0,0
5153,L85603,L,299.5,310.0,1356,33.9,181,0,0,0,0,0,0
5154,L80842,L,300.7,311.2,1248,28.0,206,0,0,0,0,0,0
5155,L65469,L,302.4,312.0,1621,43.7,57,0,0,0,0,0,0
5156,L39331,L,303.9,312.9,1379,12.8,79,1,0,0,1,0,0
5157,L74065,L,303.1,313.8,1357,30.5,61,0,0,0,0,0,0
5158,L82540,L,296.5,304.6,1327,54.1,207,1,0,1,0,0,0
5159,L63878,L,299.4,310.2,1555,30.4,106,0,0,0,0,0,0
5160,L85661,L,301.0,310.6,1504,37.4,92,0,0,0,0,0,0
5161,H55939,H,299.0,309.0,1505,42.9,127,0,0,0,0,0,0
5162,H88310,H,303.6,313.0,1363,42.9,185,0,0,0,0,0,0
5163,L46342,L,303.3,314.7,1578,34.7,167,0,0,0,0,0,0
5164,L83506,L,298.4,308.6,1381,45.5,179,0,0,0,0,0,0
5165,M16187,M,299.7,309.4,1513,54.5,240,1,1,0,0,0,0
5166,M91029,M,298.5,308.2,1475,29.4,65,0,0,0,0,0,0
5167,L70097,L,299.6,309.5,1196,35.2,52,0,0,0,0,0,0
5168,M93687,M,299.5,311.9,1865,38.9,164,0,0,0,0,0,0
5169,L93000,L,301.9,310.6,1603,47.0,37,0,0,0,0,0,0
5170,L54428,L,298.2,309.3,1532,40.3,163,0,0,0,0,0,0
5171,M69211,M,294.8,305.3,1561,38.7,242,0,0,0,0,0,0
5172,M36216,M,296.8,308.3,1869,24.5,116,0,0,0,0,0,0
5173,M97900,M,297.9,308.6,1705,28.7,54,0,0,0,0,0,0
5174,L27019,L,298.7,308.7,1563,41.9,252,0,0,0,0,0,0
5175,L27056,L,300.4,311.4,1373,34.9,97,0,0,0,0,0,0
5176,L45197,L,297.8,308.1,1401,36.6,29,0,0,0,0,0,0
5177,L49088,L,297.6,308.3,1175,39.4,105,0,0,0,0,0,0
5178,L32789,L,298.1,309.6,1434,63.4,22,1,0,0,1,0,0
5179,L96602,L,297.8,307.9,1619,35.0,21,0,0,0,0,0,0
5180,L85788,L,298.9,308.5,1614,53.9,12,0,0,0,0,0,0
5181,M28237,M,298.8,308.2,1611,53.1,115,0,0,0,0,0,0
5182,L85719,L,301.4,311.8,1407,48.0,116,0,0,0,0,0,0
5183,L38200,L,298.0,307.1,1599,31.5,186,0,0,0,0,0,0
5184,M49846,M,299.3,308.9,1648,41.4,138,0,0,0,0,0,0
5185,L98401,L,298.9,307.9,1099,36.1,218,0,0,0,0,0,0
5186,M82782,M,301.6,312.1,1555,60.1,221,1,0,0,1,0,0
5187,L41633,L,299.7,308.9,1875,44.1,43,0,0,0,0,0,0
5188,L67685,L,302.1,310.8,1448,37.9,10,0,0,0,0,0,0
5189,M82217,M,297.7,306.6,1046,57.8,179,0,0,0,0,0,0
5190,L61703,L,299.9,309.3,1354,36.5,3,0,0,0,0,0,0
5191,M32220,M,298.8,308.4,1173,45.5,100,0,0,0,0,0,0
5192,M82987,M,297.5,307.8,1386,47.0,14,0,0,0,0,0,0
5193,L41728,L,299.9,309.7,1280,43.5,116,0,0,0,0,0,0
5194,M82463,M,303.5,313.8,1668,38.9,114,0,0,0,0,0,0
5195,M58535,M,298.3,308.7,1640,48.4,214,0,0,0,0,0,0
5196,H81963,H,299.7,310.5,1562,33.7,163,0,0,0,0,0,0
5197,L84132,L,297.4,305.5,1721,51.1,102,0,0,0,0,0,0
5198,L59097,L,297.1,306.0,1398,37.2,129,0,0,0,0,0,0
5199,M39335,M,298.4,309.0,1513,53.4,139,0,0,0,0,0,0
5200,L38863,L,299.1,309.3,1895,50.5,57,1,0,0,1,0,0
5201,L13119,L,299.2,310.2,1605,45.5,196,0,0,0,0,0,0
5202,L46284,L,299.5,308.0,1605,39.1,118,0,0,0,0,0,0
5203,L28701,L,296.7,306.2,1362,51.0,161,0,0,0,0,0,0
5204,L71289,L,298.7,308.5,1425,45.7,8,0,0,0,0,0,0
5205,L69545,L,301.0,311.2,1319,7.8,28,1,0,0,1,0,0
5206,L91920,L,297.3,307.3,1803,31.8,149,0,0,0,0,0,0
5207,L24805,L,299.3,309.8,1220,41.7,188,0,0,0,0,0,0
5208,H75039,H,300.6,310.5,1665,42.8,81,0,0,0,0,0,0
5209,L30860,L,298.4,309.8,1605,47.1,239,1,1,0,0,0,0
5210,L81195,L,300.7,312.4,1211,55.5,215,0,0,0,0,0,0
5211,L82744,L,297.0,305.8,1706,45.9,133,0,0,0,0,0,0
5212,L36276,L,301.8,311.8,1453,19.2,162,1,0,0,1,0,0
5213,H97396,H,300.7,311.5,1262,42.0,150,0,0,0,0,0,0
5214,H49442,H,300.1,310.7,1566,52.2,77,0,0,0,0,0,0
5215,L67126,L,302.2,311.8,1352,41.1,16,0,0,0,0,0,0
5216,L77217,L,299.3,309.6,1463,42.0,204,0,0,0,0,0,0
5217,L64485,L,298.8,307.2,1409,35.1,117,0,0,0,0,0,0
5218,L88373,L,302.7,312.7,1342,49.5,213,0,0,0,0,0,0
5219,L16050,L,303.7,312.2,1286,36.5,95,0,0,0,0,0,0
5220,L56099,L,298.6,309.1,1643,45.9,4,0,0,0,0,0,0
5221,L81162,L,299.8,308.7,1558,44.3,32,0,0,0,0,0,0
5222,L11644,L,302.1,312.3,1547,40.5,40,0,0,0,0,0,0
5223,L52785,L,299.8,310.2,1434,44.8,185,0,0,0,0,0,0
5224,L89712,L,301.2,311.3,1509,42.0,8,0,0,0,0,0,0
5225,L39569,L,301.6,310.9,1368,52.8,207,0,0,0,0,0,0
5226,L18749,L,298.9,308.7,1364,46.8,175,0,0,0,0,0,0
5227,L44588,L,300.8,312.0,1808,50.4,82,1,0,0,1,0,0
5228,L57671,L,300.0,309.6,1659,32.4,132,0,0,0,0,0,0
5229,L18092,L,297.6,307.6,1399,31.7,236,1,1,0,0,0,0
5230,L53132,L,298.0,307.5,1231,40.6,18,0,0,0,0,0,0
5231,M69383,M,298.7,309.7,1194,47.5,92,0,0,0,0,0,0
5232,H96588,H,301.9,311.9,1386,45.3,99,0,0,0,0,0,0
5233,L70085,L,301.9,311.2,1519,32.5,244,1,1,0,0,0,0
5234,L21228,L,301.5,311.5,1521,47.8,247,0,0,0,0,0,0
5235,M94099,M,300.9,310.6,1527,33.7,213,0,0,0,0,0,0
5236,M69774,M,300.8,312.2,1560,46.7,97,0,0,0,0,0,0
5237,L85716,L,300.6,310.5,1313,42.9,225,0,0,0,0,0,0
5238,L37990,L,300.8,309.4,1771,37.7,122,0,0,0,0,0,0
5239,L12822,L,301.0,311.4,1464,34.6,163,0,0,0,0,0,0
5240,L49062,L,297.2,309.0,1553,41.3,235,0,0,0,0,0,0
5241,L42179,L,298.4,309.6,1382,40.8,63,0,0,0,0,0,0
5242,L47478,L,297.9,306.8,1556,29.5,218,0,0,0,0,0,0
5243,L94660,L,302.2,311.9,1874,46.0,101,0,0,0,0,0,0
5244,L41367,L,303.3,313.3,1322,51.6,220,0,0,0,0,0,0
5245,L34111,L,295.7,305.6,1299,48.6,139,0,0,0,0,0,0
5246,M89211,M,303.1,313.5,1344,43.2,63,0,0,0,0,0,0
5247,L90628,L,300.2,309.8,1440,35.5,194,0,0,0,0,0,0
5248,L74925,L,302.0,311.1,1406,41.3,29,0,0,0,0,0,0
5249,L21210,L,301.0,312.0,1313,38.7,36,0,0,0,0,0,0
5250,M90904,M,302.9,311.8,1491,41.2,37,0,0,0,0,0,0
5251,L13680,L,300.4,309.6,1781,49.4,213,0,0,0,0,0,0
5252,L82817,L,297.3,306.1,1473,38.9,220,0,0,0,0,0,0
5253,L76647,L,299.8,310.4,1483,21.6,145,0,0,0,0,0,0
5254,M47504,M,301.0,311.1,1562,48.0,71,0,0,0,0,0,0
5255,M27686,M,299.6,310.5,1617,44.0,100,0,0,0,0,0,0
5256,M15546,M,301.3,310.5,1747,41.5,46,0,0,0,0,0,0
5257,M13292,M,299.9,308.6,1543,28.3,1,0,0,0,0,0,0
5258,L36894,L,298.8,308.4,1500,31.7,212,0,0,0,0,0,0
5259,L52754,L,297.8,307.6,1322,32.8,49,0,0,0,0,0,0
5260,L41112,L,299.2,309.4,1633,34.2,20,0,0,0,0,0,0
5261,M64559,M,300.4,308.7,1348,35.1,33,1,0,1,0,0,0
5262,L19172,L,296.1,306.6,1342,28.2,234,0,0,0,0,0,0
5263,L73332,L,298.4,307.5,1535,61.5,92,1,0,0,1,0,0
5264,M23874,M,296.0,305.4,1777,55.0,164,1,0,0,1,0,0
5265,L49824,L,298.8,309.9,1631,42.8,8,0,0,0,0,0,0
5266,L12069,L,302.4,310.2,1493,39.7,134,0,0,0,0,0,0
5267,L93610,L,297.6,308.0,1323,58.3,189,0,0,0,0,0,0
5268,M49476,M,301.4,311.7,1774,56.2,17,1,0,0,1,0,0
5269,H43580,H,305.7,314.9,1490,32.6,76,0,0,0,0,0,0
5270,L25269,L,302.9,312.5,1448,42.5,81,0,0,0,0,0,0
5271,H30880,H,300.3,311.5,1600,38.2,224,0,0,0,0,0,0
5272,M34431,M,301.7,313.7,1419,37.3,168,0,0,0,0,0,0
5273,M18636,M,297.3,308.3,1364,38.3,219,0,0,0,0,0,0
5274,M53263,M,296.9,308.7,1382,39.1,95,0,0,0,0,0,0
5275,L23201,L,300.1,309.4,1381,42.1,150,0,0,0,0,0,0
5276,M24765,M,300.8,309.2,1297,42.2,131,1,0,1,0,0,0
5277,L18126,L,302.2,312.1,1277,54.4,70,0,0,0,0,0,0
5278,M15890,M,298.9,309.7,1675,31.9,107,0,0,0,0,0,0
5279,L84634,L,300.4,308.5,1620,49.7,62,0,0,0,0,0,0
5280,M78920,M,300.3,309.4,1352,29.2,4,0,0,0,0,0,0
5281,H70839,H,299.7,308.9,1660,42.4,245,0,0,0,0,0,0
5282,L89683,L,299.9,310.2,1556,50.4,242,0,0,0,0,0,0
5283,H50810,H,298.3,308.5,1442,45.7,209,0,0,0,0,0,0
5284,L40386,L,300.6,309.8,1279,36.8,44,0,0,0,0,0,0
5285,L48686,L,300.4,310.6,1561,42.8,5,0,0,0,0,0,0
5286,L51631,L,299.1,308.0,1836,56.5,50,1,0,0,1,0,0
5287,M19575,M,301.3,310.9,1503,34.1,221,0,0,0,0,0,0
5288,L35939,L,302.1,310.8,1680,45.7,39,0,0,0,0,0,0
5289,L52212,L,301.4,311.2,1462,49.7,59,0,0,0,0,0,0
5290,M51576,M,297.9,307.1,1666,36.1,175,0,0,0,0,0,0
5291,L45067,L,300.2,310.9,1473,57.4,121,0,0,0,0,0,0
5292,L18006,L,298.2,308.2,1067,60.7,165,0,0,0,0,0,0
5293,M35484,M,300.2,310.0,1370,50.9,142,0,0,0,0,0,0
5294,M51353,M,298.2,310.0,1524,51.0,145,0,0,0,0,0,0
5295,M29522,M,302.6,312.9,1695,22.7,221,0,0,0,0,0,0
5296,L51524,L,301.6,311.2,1472,26.8,55,0,0,0,0,0,0
5297,H38866,H,302.3,311.7,1505,39.2,35,0,0,0,0,0,0
5298,L37634,L,302.1,310.9,1394,33.4,102,0,0,0,0,0,0
5299,L93749,L,299.5,309.4,1781,46.3,135,0,0,0,0,0,0
5300,L88120,L,299.1,309.5,1770,11.5,124,1,0,0,1,0,0
5301,L73021,L,303.5,311.6,1378,46.2,137,0,0,0,0,0,0
5302,M47809,M,299.7,308.3,1227,38.2,123,0,0,0,0,0,0
5303,M82117,M,297.3,306.8,1175,34.6,131,0,0,0,0,0,0
5304,L23350,L,302.0,310.9,1609,59.1,236,1,0,0,1,1,0
5305,L26819,L,300.3,310.3,1524,36.9,13,0,0,0,0,0,0
5306,M77549,M,303.0,313.2,1359,23.8,238,0,0,0,0,0,0
5307,H91223,H,300.5,310.4,1549,44.6,149,0,0,0,0,0,0
5308,L23173,L,300.0,310.5,1279,43.8,12,0,0,0,0,0,0
5309,L54361,L,303.1,312.5,1643,38.3,14,0,0,0,0,0,0
5310,L17683,L,296.9,306.9,1431,63.5,145,1,0,0,1,0,0
5311,L97666,L,298.8,307.8,1305,42.1,174,0,0,0,0,0,0
5312,L43196,L,298.2,308.5,1434,50.1,132,0,0,0,0,0,0
5313,L83428,L,295.6,305.7,1428,43.2,114,0,0,0,0,0,0
5314,M81756,M,301.7,310.5,1566,52.7,70,0,0,0,0,0,0
5315,L24652,L,298.9,308.7,1710,36.7,153,0,0,0,0,0,0
5316,L95617,L,301.8,311.8,1701,29.4,227,0,0,0,0,0,0
5317,L96634,L,300.8,311.1,1529,47.7,107,0,0,0,0,0,0
5318,H69218,H,301.2,311.5,1466,43.0,176,0,0,0,0,0,0
5319,L96338,L,299.1,308.4,1398,48.0,4,0,0,0,0,0,0
5320,L90553,L,298.5,309.2,1182,33.8,114,0,0,0,0,0,0
5321,L60566,L,300.2,310.7,1497,44.8,193,0,0,0,0,0,0
5322,M61178,M,301.8,311.1,1347,24.1,213,0,0,0,0,0,0
5323,M99514,M,299.9,308.8,1719,35.2,136,0,0,0,0,0,0
5324,L27129,L,298.6,307.9,1464,33.0,143,0,0,0,0,0,0
5325,L52476,L,297.6,306.1,1634,45.0,35,0,0,0,0,0,0
5326,L60856,L,300.4,310.6,1413,35.2,75,0,0,0,0,0,0
5327,M18608,M,298.9,310.1,1378,26.3,169,0,0,0,0,0,0
5328,H76274,H,299.9,311.3,1609,34.3,194,0,0,0,0,0,0
5329,L66816,L,299.5,308.4,1550,46.0,21,0,0,0,0,0,0
5330,L16741,L,299.1,309.9,1558,41.3,243,0,0,0,0,0,0
5331,M86110,M,300.6,310.7,1483,32.5,241,1,1,0,0,0,0
5332,M47779,M,301.1,308.7,1642,48.4,47,0,0,0,0,0,0
5333,L19910,L,303.9,313.6,1616,55.7,11,0,0,0,0,0,0
5334,L17580,L,301.5,311.1,1108,49.1,86,0,0,0,0,0,0
5335,L34802,L,303.2,314.4,1454,16.9,243,1,0,0,1,0,0
5336,M45700,M,298.4,307.5,1683,42.4,112,0,0,0,0,0,0
5337,M46103,M,296.8,307.4,1316,38.6,79,0,0,0,0,0,0
5338,M60641,M,300.0,309.9,1195,19.6,226,1,1,0,1,0,0
5339,M69013,M,301.7,310.3,1475,27.1,34,0,0,0,0,0,0
5340,L74588,L,301.4,310.9,1594,48.0,238,1,1,0,0,0,0
5341,L49832,L,302.4,314.0,1417,41.9,205,0,0,0,0,0,0
5342,L41985,L,294.9,304.8,1733,40.8,97,0,0,0,0,0,0
5343,M77003,M,302.5,313.4,1832,33.5,199,0,0,0,0,0,0
5344,L21008,L,300.7,311.5,1153,50.8,191,0,0,0,0,0,0
5345,L91092,L,296.9,306.5,1431,27.7,147,0,0,0,0,0,0
5346,L54553,L,301.4,310.2,1089,31.1,198,0,0,0,0,0,0
5347,M66333,M,300.3,309.2,1619,36.8,127,0,0,0,0,0,0
5348,M21633,M,300.8,312.2,1378,24.7,213,0,0,0,0,0,0
5349,M17928,M,302.0,312.1,1414,31.2,201,0,0,0,0,0,0
5350,L18706,L,300.9,309.1,1707,50.6,229,1,1,0,0,0,0
5351,H45608,H,297.1,307.9,1261,31.6,202,0,0,0,0,0,0
5352,M75919,M,299.7,307.9,1216,47.8,233,1,0,1,0,0,0
5353,M96243,M,296.8,305.9,1090,46.3,45,0,0,0,0,0,0
5354,M64777,M,301.3,311.4,1729,38.3,70,0,0,0,0,0,0
5355,H48628,H,302.8,315.3,1687,25.8,114,0,0,0,0,0,0
5356,H57757,H,297.5,308.3,1447,40.6,61,0,0,0,0,0,0
5357,L25205,L,298.7,308.2,1270,18.9,227,1,0,0,1,0,0
5358,L25091,L,298.2,308.3,1650,34.7,45,0,0,0,0,0,0
5359,L87183,L,299.1,310.0,1996,42.4,116,0,0,0,0,0,0
5360,M92831,M,300.8,312.2,1458,48.7,132,0,0,0,0,0,0
5361,M85405,M,299.1,308.9,1283,38.5,221,0,0,0,0,0,0
5362,L87435,L,301.3,311.1,1724,33.9,66,0,0,0,0,0,0
5363,L75387,L,302.1,311.3,1296,33.1,245,0,0,0,0,0,0
5364,H85852,H,302.2,312.9,1434,35.3,74,0,0,0,0,0,0
5365,M14409,M,297.8,308.8,1025,46.2,41,0,0,0,0,0,0
5366,H15874,H,302.8,310.8,1445,43.5,64,0,0,0,0,0,0
5367,L90680,L,302.9,312.5,1270,39.8,223,0,0,0,0,0,0
5368,M16502,M,303.1,311.9,1727,46.3,39,0,0,0,0,0,0
5369,M33371,M,299.7,309.8,1324,40.0,8,0,0,0,0,0,0
5370,L52419,L,298.5,307.3,1640,26.7,74,0,0,0,0,0,0
5371,L57393,L,298.0,306.7,1481,28.9,138,0,0,0,0,0,0
5372,H35946,H,297.8,308.9,1523,46.0,90,0,0,0,0,0,0
5373,L89849,L,300.0,309.9,1594,26.3,41,0,0,0,0,0,0
5374,L40249,L,301.7,311.6,1490,36.2,92,0,0,0,0,0,0
5375,M80548,M,302.6,313.0,1383,38.9,175,0,0,0,0,0,0
5376,M73867,M,299.0,310.0,1354,29.7,110,0,0,0,0,0,0
5377,L14262,L,299.9,309.5,1592,23.3,145,0,0,0,0,0,0
5378,M94183,M,299.8,309.4,1158,28.3,240,0,0,0,0,0,0
5379,L28752,L,298.7,308.3,1802,21.9,189,0,0,0,0,0,0
5380,M64289,M,301.5,312.6,1524,46.1,203,0,0,0,0,0,0
5381,L64057,L,300.7,310.7,1439,44.0,73,0,0,0,0,0,0
5382,M12589,M,300.3,310.0,1548,32.4,129,0,0,0,0,0,0
5383,M97419,M,300.7,311.1,1393,26.3,87,0,0,0,0,0,0
5384,L13612,L,301.2,313.1,1468,51.7,123,0,0,0,0,0,0
5385,L48944,L,301.2,311.3,1296,44.4,28,0,0,0,0,0,0
5386,M30838,M,298.3,308.1,1568,33.8,131,0,0,0,0,0,0
5387,L28718,L,301.8,313.7,1486,51.9,133,0,0,0,0,0,0
5388,L10812,L,300.5,311.8,1534,41.4,145,0,0,0,0,0,0
5389,L21298,L,299.1,310.3,1767,43.2,59,0,0,0,0,0,0
5390,H22468,H,300.5,310.0,1355,29.6,56,0,0,0,0,0,0
5391,L70095,L,300.7,310.1,1477,24.8,93,0,0,0,0,0,0
5392,L14782,L,302.2,310.3,1203,24.3,136,1,0,1,1,0,0
5393,H58674,H,297.9,308.9,1599,60.8,85,1,0,0,1,0,0
5394,L34980,L,302.6,312.7,1497,31.7,179,0,0,0,0,0,0
5395,L13231,L,300.0,308.2,1503,40.7,148,0,0,0,0,0,0
5396,L14108,L,299.0,310.2,1472,44.6,29,0,0,0,0,0,0
5397,L85234,L,298.9,308.6,1396,39.8,57,0,0,0,0,0,0
5398,L92017,L,298.0,307.8,1949,38.5,153,0,0,0,0,0,0
5399,M65762,M,296.5,305.0,1507,38.2,135,0,0,0,0,0,0
5400,L57082,L,301.4,311.8,1553,44.8,86,0,0,0,0,0,0
5401,M31245,M,304.0,314.5,1295,29.6,43,0,0,0,0,0,0
5402,L87560,L,296.8,306.7,1659,35.6,233,0,0,0,0,0,0
5403,L54117,L,298.1,307.7,1478,17.0,114,1,0,0,1,0,0
5404,L71065,L,301.5,314.1,1580,21.4,54,0,0,0,0,0,0
5405,L80689,L,299.9,308.7,1662,27.0,182,0,0,0,0,0,0
5406,M51434,M,301.7,310.9,1481,48.5,65,0,0,0,0,0,0
5407,L39638,L,299.8,310.5,1378,37.3,67,0,0,0,0,0,0
5408,L51903,L,298.8,307.8,1081,47.0,209,0,0,0,0,0,0
5409,L90444,L,299.5,308.5,1430,43.8,230,0,0,0,0,0,0
5410,M74853,M,295.2,306.4,1377,42.6,118,0,0,0,0,0,0
5411,L72147,L,297.7,308.3,1294,30.6,160,0,0,0,0,0,0
5412,M38877,M,301.9,312.4,1762,40.7,91,0,0,0,0,0,0
5413,L38996,L,302.4,312.6,1677,42.5,160,0,0,0,0,0,0
5414,L57790,L,302.8,312.1,1171,62.0,184,0,0,0,0,0,0
5415,M12449,M,300.9,310.6,1528,36.5,182,0,0,0,0,0,0
5416,L20567,L,295.5,305.4,1353,47.3,10,0,0,0,0,0,0
5417,L60055,L,298.7,309.6,1566,38.8,25,0,0,0,0,0,0
5418,H80638,H,302.6,313.1,1356,33.0,179,0,0,0,0,0,0
5419,L44450,L,303.2,312.3,1403,48.7,135,0,0,0,0,0,0
5420,L39544,L,302.7,313.5,1673,58.9,239,1,1,0,1,1,0
5421,L73161,L,299.5,307.8,1647,42.6,26,0,0,0,0,0,0
5422,L26078,L,297.4,307.1,1772,33.2,250,1,1,0,0,0,0
5423,M18953,M,299.9,308.8,1461,44.7,34,0,0,0,0,0,0
5424,L76673,L,300.0,309.2,1238,42.8,8,0,0,0,0,0,0
5425,H54577,H,303.1,315.1,1666,62.2,227,1,0,0,1,0,0
5426,M18390,M,300.5,309.0,1667,47.4,128,0,0,0,0,0,0
5427,H67345,H,300.0,309.2,1613,30.7,73,0,0,0,0,0,0
5428,M95677,M,300.1,310.7,1366,52.7,145,0,0,0,0,0,0
5429,H41888,H,300.8,310.3,1307,47.8,96,0,0,0,0,0,0
5430,M72050,M,301.3,311.4,1596,49.4,250,0,0,0,0,0,0
5431,L73054,L,298.6,310.0,1340,44.4,196,0,0,0,0,0,0
5432,L76637,L,297.9,308.5,1445,50.1,166,0,0,0,0,0,0
5433,M52683,M,302.7,312.3,2023,44.4,81,0,0,0,0,0,0
5434,L17377,L,296.7,306.6,1883,37.5,7,0,0,0,0,0,0
5435,M21321,M,303.3,313.8,1643,41.3,202,0,0,0,0,0,0
5436,L60732,L,296.2,306.8,1381,38.8,12,0,0,0,0,0,0
5437,M56351,M,298.8,308.9,1370,43.4,29,0,0,0,0,0,0
5438,L12696,L,301.9,312.3,1629,40.8,149,0,0,0,0,0,0
5439,H31254,H,300.0,310.4,1769,36.9,192,0,0,0,0,0,0
5440,L39444,L,297.4,307.3,1408,38.2,103,0,0,0,0,0,0
5441,L83446,L,300.9,310.2,1418,40.0,149,0,0,0,0,0,0
5442,M75169,M,300.1,310.9,1516,22.2,246,1,1,0,0,0,0
5443,M87368,M,299.6,309.9,1250,50.2,71,0,0,0,0,0,0
5444,M29411,M,298.8,306.7,1255,43.5,11,1,0,1,0,0,0
5445,H88413,H,299.9,309.1,1288,33.9,56,0,0,0,0,0,0
5446,L72742,L,298.8,308.4,1598,45.9,113,0,0,0,0,0,0
5447,M14388,M,304.9,314.7,1549,34.9,197,0,0,0,0,0,0
5448,L59540,L,299.5,310.7,1705,34.9,106,0,0,0,0,0,0
5449,L33456,L,299.3,312.5,1187,43.7,149,0,0,0,0,0,0
5450,L91950,L,298.9,306.5,1227,54.3,143,1,0,1,0,0,0
5451,L49823,L,303.6,313.9,1582,42.8,123,0,0,0,0,0,0
5452,L54716,L,296.7,306.8,1343,32.2,40,0,0,0,0,0,0
5453,M94518,M,300.7,310.5,1356,36.5,17,0,0,0,0,0,0
5454,L37106,L,299.5,310.1,1682,48.5,51,0,0,0,0,0,0
5455,H66000,H,297.2,307.3,1400,44.0,68,0,0,0,0,0,0
5456,L88741,L,298.4,308.0,1422,49.6,47,0,0,0,0,0,0
5457,L61187,L,300.6,310.7,1455,43.9,49,0,0,0,0,0,0
5458,M53016,M,298.3,308.8,1466,47.7,154,0,0,0,0,0,0
5459,L37402,L,300.5,311.0,1623,60.1,115,1,0,0,1,0,0
5460,L35926,L,303.5,313.6,1282,26.5,63,0,0,0,0,0,0
5461,M85100,M,300.3,309.8,1466,64.1,60,1,0,0,1,0,0
5462,L47406,L,297.1,309.9,1709,49.4,36,0,0,0,0,0,0
5463,L39845,L,298.3,308.7,1884,66.2,175,1,0,0,1,0,0
5464,M49862,M,299.4,310.2,1256,30.2,120,0,0,0,0,0,0
5465,L15444,L,299.3,308.8,1560,43.8,168,0,0,0,0,0,0
5466,M30007,M,300.3,310.5,1466,41.6,96,0,0,0,0,0,0
5467,M91548,M,300.6,310.8,1482,48.8,22,0,0,0,0,0,0
5468,L81769,L,303.5,311.5,1358,44.7,208,0,0,0,0,0,0
5469,L90494,L,300.0,309.3,1636,43.6,11,0,0,0,0,0,0
5470,L83841,L,297.7,307.0,1627,47.8,93,0,0,0,0,0,0
5471,M13301,M,302.3,311.7,1954,38.9,148,0,0,0,0,0,0
5472,L50057,L,302.5,311.5,1262,34.8,168,0,0,0,0,0,0
5473,H21949,H,300.5,310.5,1185,44.5,122,0,0,0,0,0,0
5474,L11527,L,299.5,310.9,1870,34.8,202,0,0,0,0,0,0
5475,M31841,M,301.2,311.4,1491,38.7,121,0,0,0,0,0,0
5476,L19261,L,299.6,308.4,1418,25.6,211,0,0,0,0,0,0
5477,L91090,L,295.9,304.9,1534,40.6,62,0,0,0,0,0,0
5478,L55815,L,301.1,310.7,1249,30.7,120,0,0,0,0,0,0
5479,L94566,L,301.8,310.4,1568,39.7,8,0,0,0,0,0,0
5480,H33477,H,302.9,313.2,1486,29.1,146,0,0,0,0,0,0
5481,L55563,L,298.5,309.9,1693,39.8,102,0,0,0,0,0,0
5482,L39771,L,300.5,309.9,1654,49.0,172,0,0,0,0,0,0
5483,L56178,L,300.5,310.6,1669,34.0,188,0,0,0,0,0,0
5484,L57749,L,300.2,309.7,1534,30.7,110,0,0,0,0,0,0
5485,M13931,M,300.2,309.6,1789,47.8,154,0,0,0,0,0,0
5486,H69650,H,300.1,310.3,1604,49.1,185,0,0,0,0,0,0
5487,M28778,M,300.4,309.8,1404,44.2,212,0,0,0,0,0,0
5488,L26843,L,301.5,310.7,1354,35.3,27,0,0,0,0,0,0
5489,L99626,L,302.4,310.8,1375,33.7,139,0,0,0,0,0,0
5490,M71833,M,298.5,308.6,1606,36.7,234,0,0,0,0,0,0
5491,L18627,L,299.7,310.7,1260,39.4,72,0,0,0,0,0,0
5492,M19818,M,299.2,309.9,1528,22.7,159,0,0,0,0,0,0
5493,L17028,L,298.9,310.4,1350,30.2,71,0,0,0,0,0,0
5494,L60829,L,296.8,306.1,1274,52.5,203,0,0,0,0,0,0
5495,M70758,M,300.0,310.9,1304,42.1,188,0,0,0,0,0,0
5496,L70297,L,301.0,309.9,1496,52.3,240,1,0,0,0,1,0
5497,H10337,H,299.7,310.4,1637,50.2,177,0,0,0,0,0,0
5498,L36283,L,300.0,311.6,1378,36.9,124,0,0,0,0,0,0
5499,L26526,L,300.8,311.3,1126,37.0,137,0,0,0,0,0,0
5500,L85272,L,302.8,314.5,2068,49.7,197,1,0,0,1,0,0
5501,L23068,L,299.2,308.6,1701,47.6,187,0,0,0,0,0,0
5502,L80935,L,297.7,307.5,1668,49.9,30,0,0,0,0,0,0
5503,L31614,L,299.8,308.9,1793,39.9,76,0,0,0,0,0,0
5504,M89363,M,303.8,313.8,1517,41.4,173,0,0,0,0,0,0
5505,M38731,M,297.7,307.9,1476,37.4,26,0,0,0,0,0,0
5506,L40759,L,301.3,311.3,1744,39.5,167,0,0,0,0,0,0
5507,L58303,L,302.3,311.8,1743,33.1,218,0,0,0,0,0,0
5508,L93990,L,295.3,304.8,1611,39.3,93,0,0,0,0,0,0
5509,M50292,M,300.8,311.2,1659,38.4,55,0,0,0,0,0,0
5510,L53574,L,301.2,311.0,1277,35.4,216,0,0,0,0,0,0
5511,L44516,L,299.5,308.3,1454,47.9,122,0,0,0,0,0,0
5512,L38001,L,298.7,306.8,1807,25.9,211,0,0,0,0,0,0
5513,L98586,L,298.8,308.2,1645,43.4,20,0,0,0,0,0,0
5514,L66073,L,299.3,308.0,1237,30.8,54,0,0,0,0,0,0
5515,L97050,L,299.4,308.6,1404,31.5,0,0,0,0,0,0,0
5516,H89527,H,299.0,308.6,1777,32.4,113,0,0,0,0,0,0
5517,L48703,L,299.3,309.2,1582,44.7,223,0,0,0,0,0,0
5518,L90013,L,302.4,311.7,1533,17.4,163,1,0,0,1,0,0
5519,L21543,L,297.6,309.8,1538,41.7,5,0,0,0,0,0,0
5520,L31850,L,296.5,305.2,1485,40.5,6,0,0,0,0,0,0
5521,L51619,L,302.4,313.6,1406,30.3,182,0,0,0,0,0,0
5522,L23725,L,299.6,309.5,1350,41.8,23,0,0,0,0,0,0
5523,L11424,L,299.2,308.6,1682,27.9,56,0,0,0,0,0,0
5524,M50300,M,299.8,310.4,1543,39.6,177,0,0,0,0,0,0
5525,L15995,L,300.4,310.0,1627,27.5,63,0,0,0,0,0,0
5526,H94470,H,299.0,308.1,1598,60.5,124,1,0,0,1,0,0
5527,L58282,L,301.0,312.8,1754,48.6,100,0,0,0,0,0,0
5528,L96862,L,298.1,305.9,1582,42.5,87,0,0,0,0,0,0
5529,H67700,H,299.4,309.2,1648,30.4,64,0,0,0,0,0,0
5530,M34822,M,295.6,305.8,1530,37.2,103,0,0,0,0,0,0
5531,L69812,L,302.3,313.8,1329,37.7,46,0,0,0,0,0,0
5532,M16066,M,299.6,309.2,1459,42.4,242,0,0,0,0,0,0
5533,L55001,L,301.3,314.0,1606,44.0,80,0,0,0,0,0,0
5534,L73841,L,301.0,311.7,1622,42.2,184,0,0,0,0,0,0
5535,M50152,M,301.1,308.7,1761,43.4,74,0,0,0,0,0,0
5536,M30860,M,300.0,308.5,1417,38.3,66,0,0,0,0,0,0
5537,L92993,L,300.8,311.0,1541,43.4,122,0,0,0,0,0,0
5538,M28997,M,298.1,306.9,1477,33.6,185,0,0,0,0,0,0
5539,L34920,L,297.7,308.2,1792,29.4,1,0,0,0,0,0,0
5540,L76207,L,299.8,309.3,1568,58.5,43,1,0,0,1,0,0
5541,H33341,H,298.6,307.4,1571,44.2,196,0,0,0,0,0,0
5542,L28093,L,302.9,311.9,1494,58.1,89,0,0,0,0,0,0
5543,L23059,L,300.8,311.6,1459,37.3,216,0,0,0,0,0,0
5544,L80522,L,298.6,306.5,1239,64.1,34,1,0,1,0,0,0
5545,L20968,L,299.5,310.5,1273,40.8,206,0,0,0,0,0,0
5546,L93345,L,300.3,311.3,1532,51.5,157,0,0,0,0,0,0
5547,H23424,H,299.9,309.5,1510,40.3,43,0,0,0,0,0,0
5548,M23821,M,300.5,309.1,1533,41.6,3,0,0,0,0,0,0
5549,M96502,M,300.1,310.7,1669,38.8,223,0,0,0,0,0,0
5550,L59246,L,297.2,306.7,1517,35.1,73,0,0,0,0,0,0
5551,L74499,L,295.7,304.2,1437,49.8,61,0,0,0,0,0,0
5552,L73010,L,299.3,311.2,1462,39.9,47,0,0,0,0,0,0
5553,L36020,L,301.1,310.2,1544,48.3,90,0,0,0,0,0,0
5554,L58156,L,299.3,307.8,1432,49.0,133,0,0,0,0,0,0
5555,M52601,M,302.5,312.8,1692,54.1,121,1,0,0,1,0,0
5556,M91875,M,299.9,309.8,1498,44.2,215,0,0,0,0,0,0
5557,L86301,L,302.7,314.2,1545,24.9,50,0,0,0,0,0,0
5558,L16098,L,302.3,311.9,1353,36.8,189,0,0,0,0,0,0
5559,M68095,M,302.1,311.7,1692,39.7,230,1,1,0,0,0,0
5560,L99520,L,297.6,307.9,1759,40.1,9,0,0,0,0,0,0
5561,H50570,H,300.0,310.2,1255,53.2,190,0,0,0,0,0,0
5562,L60454,L,302.4,312.7,1572,51.4,69,0,0,0,0,0,0
5563,L78874,L,300.5,310.8,1481,38.6,113,0,0,0,0,0,0
5564,L29204,L,301.1,311.3,1551,64.3,15,1,0,0,1,0,0
5565,H35535,H,297.2,306.8,1581,36.5,74,0,0,0,0,0,0
5566,L66959,L,303.8,314.7,1098,37.3,28,0,0,0,0,0,0
5567,M97001,M,298.4,308.1,1637,29.1,59,0,0,0,0,0,0
5568,L69807,L,296.0,306.8,1700,24.4,8,0,0,0,0,0,0
5569,L79694,L,299.3,310.7,1720,28.2,238,0,0,0,0,0,0
5570,M10458,M,295.1,304.4,1330,50.1,227,0,0,0,0,0,0
5571,L18477,L,297.8,310.2,1494,47.4,165,0,0,0,0,0,0
5572,L85325,L,305.1,314.4,1403,31.2,82,0,0,0,0,0,0
5573,L79857,L,299.2,308.5,1155,41.0,239,1,1,0,0,0,0
5574,M16404,M,297.1,307.7,1388,48.1,246,0,0,0,0,0,0
5575,L45212,L,300.1,310.5,1305,19.7,201,1,0,0,1,0,0
5576,L29335,L,298.2,308.3,1560,57.7,172,0,0,0,0,0,0
5577,H64599,H,301.7,312.5,1206,50.5,83,0,0,0,0,0,0
5578,M63639,M,298.2,308.5,1324,48.1,223,0,0,0,0,0,0
5579,M11964,M,300.5,312.6,1406,52.0,126,0,0,0,0,0,0
5580,M79707,M,297.7,307.7,1639,19.6,160,0,0,0,0,0,0
5581,M25582,M,305.2,314.3,2000,37.8,44,0,0,0,0,0,0
5582,L67514,L,301.0,310.5,1555,52.6,5,0,0,0,0,0,0
5583,L84894,L,299.7,310.2,1314,39.9,250,1,1,0,0,0,0
5584,M65859,M,299.4,309.9,1378,47.4,157,0,0,0,0,0,0
5585,M98636,M,298.9,309.1,1618,54.5,173,0,0,0,0,0,0
5586,H54362,H,298.5,307.6,1258,47.0,13,0,0,0,0,0,0
5587,L34743,L,298.4,309.5,1697,37.4,107,0,0,0,0,0,0
5588,L56216,L,303.4,315.3,1549,45.8,72,0,0,0,0,0,0
5589,L75912,L,298.9,308.9,1477,23.3,211,0,0,0,0,0,0
5590,M48719,M,295.7,307.6,1197,44.9,123,0,0,0,0,0,0
5591,L18512,L,297.7,308.5,1666,47.5,97,0,0,0,0,0,0
5592,M34997,M,301.9,314.1,1363,41.5,37,0,0,0,0,0,0
5593,L56950,L,299.5,310.0,1528,51.6,97,0,0,0,0,0,0
5594,L42650,L,299.7,309.9,1472,42.8,92,0,0,0,0,0,0
5595,L92466,L,302.3,313.2,1215,41.5,199,0,0,0,0,0,0
5596,M89032,M,298.4,308.0,1458,58.3,214,0,0,0,0,0,0
5597,H68152,H,301.3,311.7,1282,30.4,96,0,0,0,0,0,0
5598,L44462,L,298.7,310.0,1383,53.9,104,0,0,0,0,0,0
5599,L25404,L,301.2,312.0,1578,53.1,247,1,0,0,0,1,0
5600,L78480,L,299.2,309.2,1626,48.5,96,0,0,0,0,0,0
5601,L95715,L,299.5,309.7,1497,36.0,159,0,0,0,0,0,0
5602,L65126,L,301.6,312.4,1341,43.4,34,0,0,0,0,0,0
5603,M11360,M,301.5,312.2,1383,32.0,109,0,0,0,0,0,0
5604,H30160,H,299.7,310.4,1380,34.4,61,0,0,0,0,0,0
5605,L59504,L,299.1,309.4,1115,41.3,61,0,0,0,0,0,0
5606,L23851,L,303.2,312.4,1513,31.2,59,0,0,0,0,0,0
5607,L61763,L,301.2,310.5,1200,37.7,120,0,0,0,0,0,0
5608,L21066,L,299.2,309.7,1514,29.0,74,0,0,0,0,0,0
5609,L50210,L,298.7,309.5,1237,46.5,207,0,0,0,0,0,0
5610,M54588,M,302.0,312.8,1283,56.3,114,0,0,0,0,0,0
5611,L68170,L,300.2,309.6,1620,62.0,14,1,0,0,1,0,0
5612,M28323,M,299.7,309.5,1504,29.7,111,0,0,0,0,0,0
5613,L63368,L,300.2,309.1,1161,31.4,25,0,0,0,0,0,0
5614,M33365,M,300.7,309.3,1399,39.5,37,0,0,0,0,0,0
5615,M48809,M,299.9,310.0,1547,48.2,34,0,0,0,0,0,0
5616,L85396,L,302.4,313.8,1389,39.1,201,0,0,0,0,0,0
5617,L15858,L,302.5,312.6,1438,50.8,109,0,0,0,0,0,0
5618,M53976,M,301.1,313.0,1544,46.5,0,0,0,0,0,0,0
5619,M94803,M,302.7,312.6,1508,23.5,129,0,0,0,0,0,0
5620,L39943,L,300.0,310.0,1321,41.7,51,0,0,0,0,0,0
5621,L48181,L,301.4,310.4,1504,28.7,181,0,0,0,0,0,0
5622,L26688,L,302.0,311.7,1448,35.5,238,0,0,0,0,0,0
5623,M24708,M,302.0,310.8,1810,37.0,43,0,0,0,0,0,0
5624,M49335,M,301.8,310.3,1481,48.5,70,0,0,0,0,0,0
5625,L61380,L,301.3,310.1,1524,40.8,180,0,0,0,0,0,0
5626,M33714,M,303.9,314.0,1547,36.5,160,0,0,0,0,0,0
5627,M60584,M,298.9,308.2,1442,62.1,210,0,0,0,0,0,0
5628,M13514,M,299.7,309.2,1370,32.2,164,0,0,0,0,0,0
5629,L57163,L,299.6,310.0,1583,44.0,48,0,0,0,0,0,0
5630,L88064,L,299.3,307.7,1584,47.8,211,0,0,0,0,0,0
5631,L74055,L,296.0,306.1,1875,42.8,41,0,0,0,0,0,0
5632,L61176,L,302.7,313.6,1634,32.1,21,0,0,0,0,0,0
5633,L96733,L,297.9,308.9,1637,31.6,238,0,0,0,0,0,0
5634,L84764,L,300.3,310.9,1629,47.3,148,0,0,0,0,0,0
5635,L15091,L,297.2,307.1,1376,51.6,84,0,0,0,0,0,0
5636,M76671,M,301.2,310.6,1274,40.6,65,0,0,0,0,0,0
5637,L75235,L,298.4,308.3,1319,27.9,21,0,0,0,0,0,0
5638,M11321,M,297.7,309.4,1624,41.2,142,0,0,0,0,0,0
5639,L46337,L,300.4,310.7,1756,56.3,220,1,0,0,1,0,0
5640,L68807,L,298.6,308.5,1632,31.0,172,0,0,0,0,0,0
5641,L69917,L,298.9,309.4,1470,37.9,193,0,0,0,0,0,0
5642,M22627,M,300.3,310.4,1802,41.7,151,0,0,0,0,0,0
5643,M31607,M,301.6,311.8,1420,52.0,3,0,0,0,0,0,0
5644,L16560,L,298.4,308.1,1293,35.8,113,0,0,0,0,0,0
5645,M55908,M,298.0,307.6,1546,45.9,9,0,0,0,0,0,0
5646,L12629,L,300.0,311.0,1733,55.0,21,1,0,0,1,0,0
5647,L66646,L,301.1,309.1,1348,26.3,44,1,0,1,0,0,0
5648,L86014,L,302.9,313.4,1193,28.0,225,0,0,0,0,0,0
5649,L80166,L,297.9,307.4,1507,40.2,54,0,0,0,0,0,0
5650,L61357,L,299.4,307.5,1639,50.9,114,0,0,0,0,0,0
5651,M70424,M,302.4,311.4,1000,44.4,222,0,0,0,0,0,0
5652,L79544,L,303.9,313.9,1676,51.8,172,0,0,0,0,0,0
5653,L79484,L,298.0,308.1,1254,24.1,34,1,0,0,1,0,0
5654,L67452,L,298.5,309.3,1630,44.6,117,0,0,0,0,0,0
5655,L98400,L,300.8,311.6,1141,12.6,195,1,0,0,1,0,0
5656,L22479,L,298.8,307.3,1235,54.4,112,0,0,0,0,0,0
5657,H53273,H,298.5,308.9,1611,53.0,55,0,0,0,0,0,0
5658,M64718,M,300.5,311.2,1719,37.8,163,0,0,0,0,0,0
5659,L85555,L,303.1,313.3,1498,18.0,103,1,0,0,1,0,0
5660,M20070,M,297.4,307.9,1931,39.0,130,0,0,0,0,0,0
5661,L37310,L,303.0,311.1,1316,52.3,32,1,0,1,0,0,0
5662,L14728,L,298.9,307.9,1314,45.2,229,0,0,0,0,0,0
5663,L37039,L,300.7,312.1,1446,59.6,233,1,0,0,0,1,0
5664,L40631,L,303.2,312.9,1437,38.1,77,0,0,0,0,0,0
5665,L39265,L,300.7,312.9,1551,61.4,74,1,0,0,1,0,0
5666,M18987,M,299.4,308.1,1366,20.9,43,1,0,0,1,0,0
5667,L62929,L,301.4,313.0,1602,33.5,148,0,0,0,0,0,0
5668,M73501,M,299.7,309.0,1598,28.1,50,0,0,0,0,0,0
5669,M28247,M,301.0,311.9,1790,48.5,155,0,0,0,0,0,0
5670,M64489,M,299.6,309.3,1412,29.0,239,0,0,0,0,0,0
5671,M43610,M,301.7,311.8,1561,51.2,46,0,0,0,0,0,0
5672,M71443,M,297.2,307.8,1609,48.0,57,0,0,0,0,0,0
5673,L51670,L,298.0,307.4,1499,42.9,23,0,0,0,0,0,0
5674,L91673,L,297.2,308.0,1462,40.0,80,0,0,0,0,0,0
5675,L76904,L,299.9,309.6,1129,30.6,223,0,0,0,0,0,0
5676,H42692,H,296.9,307.1,1515,47.1,4,0,0,0,0,0,0
5677,L53942,L,298.6,306.0,1607,36.0,161,0,0,0,0,0,0
5678,L60275,L,297.8,307.4,1490,48.7,97,0,0,0,0,0,0
5679,M20869,M,303.0,314.2,1359,56.0,80,0,0,0,0,0,0
5680,L43665,L,298.0,308.7,1198,37.9,44,0,0,0,0,0,0
5681,M34731,M,297.4,308.3,1582,54.2,211,0,0,0,0,0,0
5682,L22626,L,300.5,310.5,1506,42.9,208,0,0,0,0,0,0
5683,L32340,L,303.4,315.0,1750,47.0,10,0,0,0,0,0,0
5684,L85727,L,299.8,310.1,1239,27.8,146,0,0,0,0,0,0
5685,L82687,L,299.9,309.3,1415,34.2,105,0,0,0,0,0,0
5686,L61516,L,302.6,313.4,1262,34.0,2,0,0,0,0,0,0
5687,L65782,L,301.8,312.7,1685,54.5,77,1,0,0,1,0,0
5688,L66096,L,300.9,311.5,1723,37.5,48,0,0,0,0,0,0
5689,M72918,M,298.8,308.4,1846,47.3,193,0,0,0,0,0,0
5690,M33231,M,300.9,311.2,1594,40.3,113,0,0,0,0,0,0
5691,L60775,L,297.3,308.7,1642,37.4,202,0,0,0,0,0,0
5692,L84525,L,298.8,309.2,1578,26.3,245,0,0,0,0,0,0
5693,L13198,L,302.9,311.4,1603,21.9,102,0,0,0,0,0,0
5694,M55849,M,302.6,312.0,1509,37.6,141,0,0,0,0,0,0
5695,M19572,M,300.9,310.2,1611,38.2,246,0,0,0,0,0,0
5696,L16248,L,296.1,305.4,1885,32.2,42,0,0,0,0,0,0
5697,L65786,L,297.6,305.5,1539,42.5,14,0,0,0,0,0,0
5698,H38852,H,298.6,310.5,1504,60.7,119,1,0,0,1,0,0
5699,M55563,M,299.7,308.8,1536,55.9,123,0,0,0,0,0,0
5700,L50886,L,297.5,306.7,1473,40.8,235,1,1,0,0,0,0
5701,M60257,M,299.5,307.6,1544,41.2,115,0,0,0,0,0,0
5702,L40061,L,303.5,314.4,1467,47.0,112,0,0,0,0,0,0
5703,L56610,L,300.8,310.7,1706,43.1,126,0,0,0,0,0,0
5704,M20313,M,300.4,310.1,1688,47.0,113,0,0,0,0,0,0
5705,L32217,L,298.0,307.7,1890,43.4,227,0,0,0,0,0,0
5706,L39203,L,296.7,307.3,1496,41.5,156,0,0,0,0,0,0
5707,H57997,H,297.5,307.1,1552,34.1,201,0,0,0,0,0,0
5708,M10262,M,296.6,304.7,1544,44.1,39,0,0,0,0,0,0
5709,L90126,L,300.2,308.9,1536,17.9,222,1,0,0,1,0,0
5710,M29050,M,300.8,309.4,1703,43.1,245,0,0,0,0,0,0
5711,M85160,M,298.1,308.3,1208,19.8,242,1,0,0,1,0,0
5712,L67493,L,300.3,311.2,1583,43.1,249,0,0,0,0,0,0
5713,H37766,H,302.9,314.4,1859,30.7,176,0,0,0,0,0,0
5714,M58593,M,303.9,312.3,1745,53.3,170,1,0,0,1,0,0
5715,L34994,L,301.5,312.2,1725,41.4,17,0,0,0,0,0,0
5716,L43781,L,299.7,309.0,1652,40.5,72,0,0,0,0,0,0
5717,M83104,M,301.5,314.4,1393,44.5,199,0,0,0,0,0,0
5718,H96385,H,302.7,314.1,1365,31.8,91,0,0,0,0,0,0
5719,L52353,L,296.0,307.7,1366,51.7,157,0,0,0,0,0,0
5720,L14129,L,303.0,313.8,1295,47.4,148,0,0,0,0,0,0
5721,M49542,M,298.9,309.3,1670,35.0,147,0,0,0,0,0,0
5722,L67611,L,298.9,308.5,1764,29.9,94,0,0,0,0,0,0
5723,L55490,L,299.3,308.7,1578,36.3,224,0,0,0,0,0,0
5724,M65918,M,300.6,309.8,1645,38.9,63,0,0,0,0,0,0
5725,M23273,M,297.8,308.4,1553,29.2,195,0,0,0,0,0,0
5726,M56870,M,299.4,311.0,1602,35.4,6,0,0,0,0,0,0
5727,M47190,M,301.1,310.7,1119,34.1,212,0,0,0,0,0,0
5728,L33733,L,300.4,309.7,1557,38.0,192,0,0,0,0,0,0
5729,H96380,H,300.8,309.3,1423,38.1,248,0,0,0,0,0,0
5730,L55370,L,299.4,309.6,1493,44.9,31,0,0,0,0,0,0
5731,L41565,L,301.4,312.6,1541,40.3,203,0,0,0,0,0,0
5732,M52323,M,302.1,313.4,1371,44.0,78,0,0,0,0,0,0
5733,M67971,M,302.0,313.4,1306,42.5,63,0,0,0,0,0,0
5734,M23130,M,300.9,311.3,1366,38.1,52,0,0,0,0,0,0
5735,L98301,L,301.9,312.0,1239,46.8,182,0,0,0,0,0,0
5736,H31294,H,301.7,313.0,1292,12.6,238,1,1,0,1,0,0
5737,M19325,M,305.4,314.2,1317,36.4,165,0,0,0,0,0,0
5738,M49361,M,302.4,312.0,1242,34.3,67,0,0,0,0,0,0
5739,H96925,H,299.8,311.5,1595,41.2,101,0,0,0,0,0,0
5740,L43483,L,298.2,307.1,1338,33.7,61,0,0,0,0,0,0
5741,M61861,M,299.5,309.4,1165,45.5,18,0,0,0,0,0,0
5742,M21701,M,299.3,310.0,1428,47.3,194,0,0,0,0,0,0
5743,M54668,M,301.0,311.1,1300,26.2,26,0,0,0,0,0,0
5744,M31453,M,298.6,309.7,1763,42.2,164,0,0,0,0,0,0
5745,M10430,M,302.4,313.9,1524,27.2,108,0,0,0,0,0,0
5746,L63260,L,297.2,307.7,1235,44.8,18,0,0,0,0,0,0
5747,L57228,L,296.7,308.1,1602,35.3,76,0,0,0,0,0,0
5748,H73346,H,299.7,308.8,1515,32.0,19,0,0,0,0,0,0
5749,H99420,H,298.3,308.2,1457,22.9,159,0,0,0,0,0,0
5750,H77636,H,297.5,309.9,1783,39.1,169,0,0,0,0,0,0
5751,L87183,L,298.7,310.7,1324,28.4,226,1,1,0,0,0,0
5752,L58563,L,298.5,307.2,1686,25.2,72,0,0,0,0,0,0
5753,M94606,M,300.0,310.0,1426,41.9,45,0,0,0,0,0,0
5754,M14952,M,298.8,308.9,1497,49.7,120,0,0,0,0,0,0
5755,L80602,L,298.9,309.3,1365,43.9,206,0,0,0,0,0,0
5756,M30796,M,300.0,311.3,1377,25.7,143,0,0,0,0,0,0
5757,L97098,L,302.0,313.9,1422,38.6,239,1,1,0,0,0,0
5758,L75530,L,302.9,313.0,1158,46.8,22,0,0,0,0,0,0
5759,L27818,L,300.3,311.4,1562,38.6,182,0,0,0,0,0,0
5760,L35960,L,300.5,311.1,1521,43.3,168,0,0,0,0,0,0
5761,L16162,L,299.6,309.6,1230,35.6,62,0,0,0,0,0,0
5762,H70314,H,301.0,309.3,1619,36.2,53,0,0,0,0,0,0
5763,M28495,M,300.8,311.8,1762,33.4,97,0,0,0,0,0,0
5764,H68279,H,302.7,313.3,1380,46.1,82,0,0,0,0,0,0
5765,L15540,L,296.2,306.6,1359,46.8,85,0,0,0,0,0,0
5766,L56430,L,299.5,308.5,1700,34.4,183,0,0,0,0,0,0
5767,L29791,L,300.7,312.6,1573,47.5,23,0,0,0,0,0,0
5768,M37756,M,299.9,310.1,1476,25.7,189,0,0,0,0,0,0
5769,L48058,L,298.1,307.0,1647,38.3,126,0,0,0,0,0,0
5770,M17185,M,297.4,306.1,1549,26.5,44,0,0,0,0,0,0
5771,M43868,M,301.6,312.3,1757,28.7,169,0,0,0,0,0,0
5772,M75646,M,298.5,309.2,1497,26.3,95,0,0,0,0,0,0
5773,L41090,L,296.5,306.0,1577,33.4,34,0,0,0,0,0,0
5774,L32254,L,301.7,312.2,1698,46.2,149,0,0,0,0,0,0
5775,L53979,L,300.9,311.6,1059,39.2,81,0,0,0,0,0,0
5776,L35475,L,299.8,309.9,1704,34.2,72,0,0,0,0,0,0
5777,M90410,M,298.2,307.5,1409,38.3,121,0,0,0,0,0,0
5778,L21023,L,299.8,310.7,1590,19.4,132,1,0,0,1,0,1
5779,M53631,M,302.4,313.3,1800,45.7,178,0,0,0,0,0,0
5780,L75499,L,296.8,307.3,1445,17.5,125,1,0,0,1,0,0
5781,H44936,H,296.9,306.0,1418,32.9,135,0,0,0,0,0,0
5782,H96369,H,298.7,307.4,1490,39.2,144,0,0,0,0,0,0
5783,L99497,L,299.9,310.0,1239,44.5,235,0,0,0,0,0,0
5784,M53377,M,299.0,309.9,1896,42.4,26,0,0,0,0,0,0
5785,L73905,L,301.3,312.3,1492,39.5,168,0,0,0,0,0,0
5786,M42567,M,302.2,312.8,1796,54.6,9,1,0,0,1,0,0
5787,M95919,M,300.6,310.1,1440,60.1,66,0,0,0,0,0,0
5788,M56478,M,301.1,310.3,1506,40.1,200,0,0,0,0,0,0
5789,M65117,M,300.5,310.5,1670,39.0,91,0,0,0,0,0,0
5790,L45221,L,300.0,310.0,1302,38.4,7,0,0,0,0,0,0
5791,M48474,M,297.4,308.5,1482,33.9,130,0,0,0,0,0,0
5792,M37773,M,297.9,307.5,1663,43.8,111,0,0,0,0,0,0
5793,L32717,L,297.3,306.9,1462,52.7,234,1,1,0,0,0,0
5794,L97440,L,299.7,311.8,1413,15.1,238,1,1,0,1,0,0
5795,M40136,M,300.5,312.0,1701,38.3,71,0,0,0,0,0,0
5796,M94149,M,297.1,306.2,1752,54.9,208,1,0,0,1,0,0
5797,L10409,L,300.1,311.6,1781,43.9,130,0,0,0,0,0,0
5798,H66307,H,298.2,307.1,1379,44.1,137,0,0,0,0,0,0
5799,M83255,M,297.9,307.4,1396,24.0,29,0,0,0,0,0,0
5800,L11754,L,298.7,308.4,1415,47.0,212,0,0,0,0,0,0
5801,L15918,L,297.8,307.7,1629,50.1,153,0,0,0,0,0,0
5802,M43421,M,301.2,311.8,1285,42.0,242,1,1,0,0,0,0
5803,M38432,M,299.7,309.8,1295,33.4,198,0,0,0,0,0,0
5804,L27904,L,301.6,312.2,1371,44.4,118,0,0,0,0,0,0
5805,L55172,L,299.1,308.7,1331,29.6,217,0,0,0,0,0,0
5806,M62493,M,299.2,309.6,1659,28.3,81,0,0,0,0,0,0
5807,M87640,M,303.7,313.8,1647,48.0,218,0,0,0,0,0,0
5808,M45952,M,296.8,305.4,1413,51.0,29,0,0,0,0,0,0
5809,L81610,L,302.6,313.1,1465,32.6,85,0,0,0,0,0,0
5810,M47491,M,303.3,313.4,1043,28.3,220,1,0,0,1,0,0
5811,L78178,L,301.5,310.8,1418,31.2,6,0,0,0,0,0,0
5812,L93066,L,299.3,308.9,1724,42.0,220,0,0,0,0,0,0
5813,M46833,M,302.9,312.5,1408,28.4,10,0,0,0,0,0,0
5814,M91358,M,299.4,309.1,1303,52.8,167,0,0,0,0,0,0
5815,L60566,L,298.6,310.3,1748,35.4,161,0,0,0,0,0,0
5816,M34416,M,299.2,311.3,1299,43.7,15,0,0,0,0,0,0
5817,L87290,L,298.9,306.1,1778,32.6,212,0,0,0,0,0,0
5818,L66106,L,298.1,308.6,2020,45.8,22,1,0,0,1,0,0
5819,L60076,L,302.2,313.2,1480,46.7,215,0,0,0,0,0,0
5820,L87939,L,298.5,308.2,1724,23.2,249,1,1,0,0,0,0
5821,M68634,M,299.9,310.9,1200,33.2,170,0,0,0,0,0,0
5822,M96394,M,297.1,308.8,1192,38.4,235,0,0,0,0,0,0
5823,M10617,M,300.1,308.7,1357,34.7,158,0,0,0,0,0,0
5824,L76957,L,297.7,307.8,1648,48.7,248,0,0,0,0,0,0
5825,L53809,L,297.6,309.6,1500,34.0,202,0,0,0,0,0,0
5826,L18934,L,299.8,308.5,1466,47.1,172,0,0,0,0,0,0
5827,M41561,M,302.1,312.0,1268,44.8,250,0,0,0,0,0,0
5828,L71207,L,300.9,310.4,1477,38.9,122,0,0,0,0,0,0
5829,L15715,L,301.0,312.1,1384,47.6,122,0,0,0,0,0,0
5830,M54225,M,299.7,310.9,1334,24.6,215,0,0,0,0,0,0
5831,M70840,M,299.3,309.5,1319,39.4,171,0,0,0,0,0,0
5832,L35997,L,301.6,311.6,1535,32.3,36,0,0,0,0,0,0
5833,L88549,L,298.9,307.2,1370,38.9,78,0,0,0,0,0,0
5834,M90239,M,301.7,313.1,1499,35.3,148,0,0,0,0,0,0
5835,L67888,L,302.5,312.1,1182,40.6,4,0,0,0,0,0,0
5836,L67471,L,298.3,308.2,1591,40.1,129,0,0,0,0,0,0
5837,M34951,M,298.6,309.6,1543,41.4,59,0,0,0,0,0,0
5838,L92172,L,298.9,309.1,1458,41.8,60,0,0,0,0,0,0
5839,L54503,L,297.1,308.1,1529,45.7,227,1,1,0,0,0,0
5840,L16048,L,299.1,309.7,1668,27.4,71,0,0,0,0,0,0
5841,L41411,L,302.6,312.8,1239,45.1,227,0,0,0,0,0,0
5842,L80561,L,297.9,308.2,1512,24.9,135,0,0,0,0,0,0
5843,L61904,L,302.7,311.5,1265,12.1,235,1,0,0,1,0,0
5844,L62781,L,299.1,309.0,1516,59.7,184,0,0,0,0,0,0
5845,L72130,L,304.2,315.3,1453,30.6,105,0,0,0,0,0,0
5846,M37127,M,298.6,307.7,1496,35.5,9,0,0,0,0,0,0
5847,H33607,H,299.7,309.0,1653,21.4,226,0,0,0,0,0,0
5848,L88901,L,298.2,307.3,1647,35.5,179,0,0,0,0,0,0
5849,L53987,L,298.6,308.8,1696,42.1,34,0,0,0,0,0,0
5850,M81741,M,302.7,314.1,1429,42.4,237,1,1,0,0,0,0
5851,H66754,H,300.9,311.5,1627,27.9,124,0,0,0,0,0,0
5852,M61152,M,302.1,309.9,1591,35.6,7,0,0,0,0,0,0
5853,L55386,L,297.4,308.0,1433,43.7,75,0,0,0,0,0,0
5854,L97465,L,301.3,310.9,1521,42.4,218,0,0,0,0,0,0
5855,L62097,L,298.1,308.6,1476,41.3,106,0,0,0,0,0,0
5856,M81831,M,297.3,307.2,1751,47.6,204,0,0,0,0,0,0
5857,L30556,L,300.5,309.6,1646,38.9,102,0,0,0,0,0,0
5858,L52061,L,300.5,310.4,1440,53.9,34,0,0,0,0,0,0
5859,L58317,L,300.1,309.7,1427,37.1,49,0,0,0,0,0,0
5860,L14915,L,301.4,311.7,1672,46.9,223,0,0,0,0,0,0
5861,M99970,M,301.7,310.9,1741,47.3,46,0,0,0,0,0,0
5862,L64787,L,302.9,311.8,1557,23.6,237,0,0,0,0,0,0
5863,M19633,M,297.6,308.4,1619,44.4,73,0,0,0,0,0,0
5864,M49008,M,303.0,314.1,1735,33.6,246,0,0,0,0,0,0
5865,M98842,M,303.8,314.3,1469,29.9,24,0,0,0,0,0,0
5866,L62134,L,299.3,308.6,1515,35.8,139,0,0,0,0,0,0
5867,M29966,M,296.7,305.9,1588,41.6,9,0,0,0,0,0,0
5868,M14248,M,297.2,306.6,1423,24.4,65,0,0,0,0,0,0
5869,L46492,L,299.1,310.0,1806,40.3,216,0,0,0,0,0,0
5870,L84125,L,304.0,313.2,1421,37.8,47,0,0,0,0,0,0
5871,M34154,M,300.0,310.9,1511,50.4,226,0,0,0,0,0,0
5872,L82462,L,298.8,309.4,1845,33.7,149,0,0,0,0,0,0
5873,L60285,L,298.6,309.9,1165,51.9,184,0,0,0,0,0,0
5874,L77939,L,297.4,308.4,1539,43.9,91,0,0,0,0,0,0
5875,L91542,L,301.7,312.3,1381,39.7,249,0,0,0,0,0,0
5876,L80205,L,299.8,308.3,1500,52.7,209,0,0,0,0,0,0
5877,M72494,M,304.2,314.8,1283,59.2,231,1,0,0,0,1,0
5878,L26340,L,301.3,311.4,1433,37.9,37,0,0,0,0,0,0
5879,M76013,M,301.7,311.3,1504,32.6,68,0,0,0,0,0,0
5880,L56069,L,299.5,310.9,1543,44.3,213,0,0,0,0,0,0
5881,L28573,L,297.8,307.7,1661,25.8,169,0,0,0,0,0,0
5882,L78191,L,298.3,307.7,1082,27.0,97,1,0,0,1,0,0
5883,M91944,M,297.3,308.4,1477,53.1,117,0,0,0,0,0,0
5884,H66087,H,301.8,311.4,1469,45.7,111,0,0,0,0,0,0
5885,L88745,L,299.2,308.7,1488,31.4,141,0,0,0,0,0,0
5886,L56577,L,301.9,310.8,1506,71.4,124,1,0,0,1,0,0
5887,L90297,L,300.3,309.5,1351,26.2,115,0,0,0,0,0,0
5888,L41954,L,299.4,308.7,1222,46.2,83,0,0,0,0,0,0
5889,M12207,M,297.7,308.3,1539,32.0,114,0,0,0,0,0,0
5890,L69612,L,300.6,309.6,1321,57.8,45,0,0,0,0,0,0
5891,H41421,H,299.6,307.7,1572,34.7,48,0,0,0,0,0,0
5892,L13532,L,301.8,312.1,1331,37.2,174,0,0,0,0,0,0
5893,L58369,L,298.6,307.9,1625,21.9,244,0,0,0,0,0,0
5894,M12536,M,301.2,311.2,1490,60.8,54,0,0,0,0,0,0
5895,L56264,L,303.3,314.6,1503,33.8,231,1,1,0,0,0,0
5896,M49247,M,300.5,310.6,1456,44.8,158,0,0,0,0,0,0
5897,L34729,L,301.6,313.1,1427,40.0,241,0,0,0,0,0,0
5898,M59353,M,301.1,311.1,1458,34.5,100,0,0,0,0,0,0
5899,L46706,L,303.8,314.8,1713,17.7,175,1,0,0,1,0,0
5900,L39184,L,300.7,310.2,1224,37.7,138,0,0,0,0,0,0
5901,M17349,M,301.4,311.5,1383,37.3,247,0,0,0,0,0,0
5902,L71397,L,299.9,309.0,1690,43.2,15,0,0,0,0,0,0
5903,L16354,L,298.5,307.6,1648,61.5,15,1,0,0,1,0,0
5904,M93627,M,297.6,307.4,1742,46.4,219,0,0,0,0,0,0
5905,L86398,L,302.5,311.2,1489,48.6,14,0,0,0,0,0,0
5906,M21511,M,298.0,308.1,1263,36.9,230,0,0,0,0,0,0
5907,M41966,M,301.5,311.2,1301,26.9,24,0,0,0,0,0,0
5908,M52693,M,300.8,311.1,1446,37.2,28,0,0,0,0,0,0
5909,L61666,L,301.8,310.5,1637,32.7,84,0,0,0,0,0,0
5910,L94838,L,299.0,309.7,1454,39.5,184,0,0,0,0,0,0
5911,H12398,H,298.4,310.1,1440,35.1,146,0,0,0,0,0,0
5912,L95950,L,300.8,312.2,1571,23.2,230,0,0,0,0,0,0
5913,L68314,L,299.4,311.3,1505,52.7,159,0,0,0,0,0,0
5914,L54161,L,297.5,307.6,1421,38.6,151,0,0,0,0,0,0
5915,L38865,L,303.9,313.5,1320,36.7,144,0,0,0,0,0,0
5916,L79343,L,298.4,308.9,1670,29.0,103,1,0,0,0,0,1
5917,M13562,M,298.0,307.8,1689,35.2,162,0,0,0,0,0,0
5918,M27294,M,299.5,307.8,1310,31.4,246,1,0,1,0,0,0
5919,M87484,M,302.5,313.3,1428,28.1,246,1,1,0,0,0,0
5920,L82433,L,295.7,305.4,1620,41.6,28,0,0,0,0,0,0
5921,L51241,L,302.3,310.9,1295,35.3,115,0,0,0,0,0,0
5922,L97798,L,298.2,307.7,1566,47.5,150,0,0,0,0,0,0
5923,M45604,M,300.5,310.3,1441,36.4,181,0,0,0,0,0,0
5924,L39866,L,298.6,308.7,1281,41.1,76,0,0,0,0,0,0
5925,L22134,L,304.0,314.0,1820,40.9,249,0,0,0,0,0,0
5926,L31138,L,300.2,311.6,1439,43.8,105,0,0,0,0,0,0
5927,M31881,M,298.6,307.3,1594,31.6,72,0,0,0,0,0,0
5928,M20601,M,299.4,309.2,1298,49.0,197,0,0,0,0,0,0
5929,M97433,M,300.2,309.3,1779,28.2,149,0,0,0,0,0,0
5930,L50255,L,300.4,311.6,1851,40.4,229,0,0,0,0,0,0
5931,H99588,H,300.9,310.3,1230,28.0,27,0,0,0,0,0,0
5932,L39377,L,300.0,309.7,1470,38.8,14,0,0,0,0,0,0
5933,L90994,L,297.2,308.3,1739,48.9,239,0,0,0,0,0,0
5934,L54898,L,299.3,310.6,1416,45.6,113,0,0,0,0,0,0
5935,L31813,L,301.2,312.7,1574,50.6,55,0,0,0,0,0,0
5936,L56613,L,298.7,307.0,1198,37.0,188,1,0,1,0,0,0
5937,L29051,L,301.3,311.8,1358,49.1,252,0,0,0,0,0,0
5938,L87668,L,300.1,310.3,1555,33.1,253,0,0,0,0,0,0
5939,M37930,M,299.6,309.5,1394,35.4,244,1,1,0,0,0,0
5940,M89431,M,302.4,312.5,1435,41.3,40,0,0,0,0,0,0
5941,M77401,M,296.5,307.8,1227,48.5,215,0,0,0,0,0,0
5942,L49411,L,298.6,309.7,1618,34.5,31,0,0,0,0,0,0
5943,L51425,L,302.5,313.4,1259,47.0,90,0,0,0,0,0,0
5944,M78298,M,303.7,313.9,1777,42.3,45,0,0,0,0,0,0
5945,L12874,L,304.6,316.8,1377,43.4,90,0,0,0,0,0,0
5946,L60253,L,300.1,309.7,1644,31.5,63,0,0,0,0,0,0
5947,L73315,L,300.9,309.3,1626,36.2,227,0,0,0,0,0,0
5948,M75357,M,301.6,311.4,1323,39.1,250,1,1,0,0,0,0
5949,L90244,L,302.6,312.6,1396,43.4,44,0,0,0,0,0,0
5950,M73042,M,300.6,311.9,1418,31.9,33,0,0,0,0,0,0
5951,L49957,L,301.9,311.3,1430,27.1,42,0,0,0,0,0,0
5952,L84503,L,300.9,311.4,1266,18.7,143,1,0,0,1,0,0
5953,L25445,L,301.0,309.6,1596,47.5,223,0,0,0,0,0,0
5954,L24701,L,298.2,309.2,1376,49.4,189,0,0,0,0,0,0
5955,L10846,L,299.3,309.4,1479,19.9,107,1,0,0,1,0,0
5956,M81628,M,299.0,308.7,1681,40.8,243,0,0,0,0,0,0
5957,L37957,L,297.6,309.8,1603,36.2,136,0,0,0,0,0,0
5958,L30237,L,296.7,307.8,1388,52.2,199,0,0,0,0,0,0
5959,M26842,M,299.2,308.1,1687,37.9,126,0,0,0,0,0,0
5960,L71894,L,299.5,309.4,1620,45.5,169,0,0,0,0,0,0
5961,L52683,L,300.2,312.9,1373,35.7,95,0,0,0,0,0,0
5962,L96372,L,301.1,313.1,1407,33.1,13,0,0,0,0,0,0
5963,L71964,L,300.4,311.3,1680,47.7,155,0,0,0,0,0,0
5964,L62623,L,299.5,307.6,1640,50.8,73,0,0,0,0,0,0
5965,M25918,M,298.2,309.5,1230,27.3,139,0,0,0,0,0,0
5966,L89699,L,301.8,311.1,1319,51.4,165,0,0,0,0,0,0
5967,M37856,M,299.8,311.1,1625,30.3,114,0,0,0,0,0,0
5968,L82968,L,299.1,308.4,1289,16.7,40,1,0,0,1,0,0
5969,M10467,M,299.6,310.1,1645,40.1,204,0,0,0,0,0,0
5970,M73106,M,298.5,307.9,1848,45.1,44,0,0,0,0,0,0
5971,L79769,L,298.9,308.6,1567,24.8,33,0,0,0,0,0,0
5972,L16723,L,298.9,309.5,1334,20.2,80,1,0,0,1,0,0
5973,L73550,L,299.4,308.1,1532,35.1,15,0,0,0,0,0,0
5974,H12171,H,301.3,313.7,1686,33.7,89,0,0,0,0,0,0
5975,H58102,H,300.8,309.8,1518,53.7,192,0,0,0,0,0,0
5976,L91584,L,303.1,312.0,1587,40.1,200,0,0,0,0,0,0
5977,M45515,M,302.4,313.0,1356,47.3,116,0,0,0,0,0,0
5978,L72754,L,303.9,315.2,1370,42.1,46,0,0,0,0,0,0
5979,L27278,L,301.1,310.8,1663,55.7,246,1,0,0,1,1,0
5980,M59268,M,301.1,310.0,1372,31.1,208,0,0,0,0,0,0
5981,L51650,L,299.0,308.1,1034,39.1,1,0,0,0,0,0,0
5982,L10249,L,301.7,310.6,1445,24.3,154,0,0,0,0,0,0
5983,M85515,M,298.7,309.0,1557,48.1,239,0,0,0,0,0,0
5984,L21179,L,297.1,307.0,1691,51.1,235,0,0,0,0,0,0
5985,M15550,M,303.1,313.5,1796,48.7,101,0,0,0,0,0,0
5986,L72081,L,297.5,307.9,1515,38.8,155,0,0,0,0,0,0
5987,L84561,L,300.9,311.7,1619,25.1,156,0,0,0,0,0,0
5988,L31118,L,298.2,307.8,1522,39.1,185,0,0,0,0,0,0
5989,H71165,H,302.3,311.5,1564,33.2,238,0,0,0,0,0,0
5990,L42085,L,302.5,312.7,1466,49.2,118,0,0,0,0,0,0
5991,L79083,L,301.1,311.0,1570,35.7,16,0,0,0,0,0,0
5992,M84635,M,302.5,312.7,1369,35.5,183,0,0,0,0,0,0
5993,H61309,H,300.0,309.3,1856,61.7,239,1,1,0,1,1,0
5994,H39206,H,304.5,315.1,1070,48.0,220,0,0,0,0,0,0
5995,L42922,L,301.5,310.3,1603,50.8,6,0,0,0,0,0,0
5996,L56585,L,298.2,307.8,1558,34.9,223,0,0,0,0,0,0
5997,L26893,L,300.1,311.3,1567,29.0,37,0,0,0,0,0,0
5998,M16352,M,299.7,308.6,1287,50.7,248,0,0,0,0,0,0
5999,M70881,M,299.5,310.5,1198,54.9,188,0,0,0,0,0,0
6000,M54625,M,296.7,305.3,1609,27.1,32,0,0,0,0,0,0
6001,L55672,L,300.8,309.2,1741,34.8,25,0,0,0,0,0,0
6002,L74488,L,297.2,305.7,1540,30.9,70,0,0,0,0,0,0
6003,L52695,L,294.9,305.1,1645,44.8,58,0,0,0,0,0,0
6004,L30606,L,299.3,310.0,1418,50.9,1,0,0,0,0,0,0
6005,L10134,L,298.5,309.8,1560,36.3,225,0,0,0,0,0,0
6006,L62169,L,298.3,309.5,1721,36.3,32,0,0,0,0,0,0
6007,M63388,M,293.8,304.7,1444,20.4,250,1,1,0,1,0,0
6008,M62898,M,298.3,307.5,1713,30.5,67,0,0,0,0,0,0
6009,M17953,M,299.7,308.8,1206,55.1,145,0,0,0,0,0,0
6010,M83404,M,298.7,309.5,1390,44.9,177,0,0,0,0,0,0
6011,M91124,M,300.8,312.2,1598,49.3,76,0,0,0,0,0,0
6012,M42504,M,302.8,311.8,1843,36.3,115,0,0,0,0,0,0
6013,L12971,L,301.0,312.3,1503,37.3,196,0,0,0,0,0,0
6014,M90504,M,302.1,310.1,1314,40.2,16,1,0,1,0,0,0
6015,L68225,L,302.2,312.6,1838,43.2,92,0,0,0,0,0,0
6016,L52323,L,298.0,307.9,1477,53.8,200,0,0,0,0,0,0
6017,L26473,L,300.9,310.7,1620,33.3,84,0,0,0,0,0,0
6018,M12931,M,302.0,312.0,1440,38.6,15,0,0,0,0,0,0
6019,M30302,M,299.1,308.3,1526,32.1,48,0,0,0,0,0,0
6020,H16937,H,298.4,308.9,1399,20.3,171,1,0,0,1,0,0
6021,H25049,H,301.1,311.1,1906,49.2,245,1,0,0,1,0,0
6022,M91986,M,297.0,308.0,1714,57.5,58,1,0,0,1,0,0
6023,L71475,L,297.8,309.4,1818,47.7,131,0,0,0,0,0,0
6024,M16974,M,298.7,308.8,1358,42.3,61,0,0,0,0,0,0
6025,M81133,M,300.9,310.1,1171,58.5,234,1,0,0,0,1,0
6026,M81439,M,300.4,309.3,1447,44.6,228,0,0,0,0,0,0
6027,L26569,L,302.1,313.8,1953,48.0,99,1,0,0,1,0,0
6028,L98780,L,298.2,309.7,1442,41.4,9,0,0,0,0,0,0
6029,H21361,H,298.0,308.9,1689,42.9,154,0,0,0,0,0,0
6030,L85299,L,301.0,311.1,1316,38.7,159,0,0,0,0,0,0
6031,L37770,L,298.4,309.2,1351,48.3,156,0,0,0,0,0,0
6032,L46506,L,298.8,310.1,1486,29.1,75,0,0,0,0,0,0
6033,L49722,L,296.3,305.7,1880,44.2,6,0,0,0,0,0,0
6034,L30945,L,300.6,310.6,1698,31.5,8,0,0,0,0,0,0
6035,H86356,H,303.1,312.0,1130,45.1,197,0,0,0,0,0,0
6036,M24485,M,297.9,307.8,1620,63.9,134,1,0,0,1,0,0
6037,H65275,H,302.0,313.6,1293,47.0,69,0,0,0,0,0,0
6038,L43074,L,299.9,311.0,1377,51.7,231,0,0,0,0,0,0
6039,L97234,L,296.5,306.6,1592,49.0,224,0,0,0,0,0,0
6040,L54133,L,298.2,305.5,1752,16.7,206,1,0,0,1,0,0
6041,L89389,L,298.1,307.4,1743,38.7,157,0,0,0,0,0,0
6042,L52746,L,299.4,309.5,1560,44.5,156,0,0,0,0,0,0
6043,M73545,M,300.8,310.6,1562,19.1,134,1,0,0,1,0,0
6044,H65698,H,303.7,313.7,1742,37.2,46,0,0,0,0,0,0
6045,L43180,L,297.1,307.4,1216,39.2,184,0,0,0,0,0,0
6046,L81256,L,299.0,308.5,1829,27.7,132,0,0,0,0,0,0
6047,L39582,L,298.2,308.2,1368,30.3,138,0,0,0,0,0,0
6048,L24950,L,297.5,307.3,1547,53.4,174,0,0,0,0,0,0
6049,L70640,L,300.2,309.5,1411,4.2,94,1,0,0,1,0,0
6050,L39821,L,300.0,311.8,1292,42.7,178,0,0,0,0,0,0
6051,L74279,L,296.4,305.9,1583,51.6,63,0,0,0,0,0,0
6052,L76857,L,300.0,307.8,1543,39.7,219,0,0,0,0,0,0
6053,M75152,M,297.6,309.4,1481,54.1,249,1,1,0,0,0,0
6054,L90241,L,300.0,309.2,1473,35.7,150,0,0,0,0,0,0
6055,L80055,L,302.5,313.4,1775,30.9,97,0,0,0,0,0,0
6056,L85513,L,300.9,310.2,1895,39.9,73,0,0,0,0,0,0
6057,L95343,L,300.4,310.9,1726,36.2,226,1,1,0,0,0,0
6058,L97207,L,298.9,308.9,1550,34.3,83,0,0,0,0,0,0
6059,M13879,M,300.1,311.1,1205,38.2,206,0,0,0,0,0,0
6060,M81810,M,301.1,310.9,1613,32.1,103,0,0,0,0,0,0
6061,M87911,M,300.9,310.3,1621,31.6,223,0,0,0,0,0,0
6062,L97493,L,299.8,310.1,1639,28.8,109,0,0,0,0,0,0
6063,L28586,L,300.4,310.1,1295,44.2,146,0,0,0,0,0,0
6064,L94209,L,297.4,305.4,1653,30.0,31,0,0,0,0,0,0
6065,L99164,L,298.5,307.9,1781,27.6,247,0,0,0,0,0,0
6066,M68952,M,301.4,314.3,1323,29.3,142,0,0,0,0,0,0
6067,L44920,L,301.7,309.9,1623,42.1,157,0,0,0,0,0,0
6068,L73517,L,300.2,310.4,1354,46.7,32,0,0,0,0,0,0
6069,L21290,L,303.0,312.7,1481,47.5,175,0,0,0,0,0,0
6070,L37768,L,301.0,312.9,1329,42.1,108,0,0,0,0,0,0
6071,H59758,H,299.5,308.4,1437,45.4,107,0,0,0,0,0,0
6072,L90874,L,297.6,307.7,1438,39.5,120,0,0,0,0,0,0
6073,L50606,L,302.9,313.6,1574,44.6,136,0,0,0,0,0,0
6074,L72942,L,301.5,311.4,1660,44.4,203,0,0,0,0,0,0
6075,M60765,M,303.6,312.8,1719,32.7,87,0,0,0,0,0,0
6076,L90668,L,304.3,314.3,1383,29.2,223,0,0,0,0,0,0
6077,M89203,M,297.4,307.1,1565,53.5,28,0,0,0,0,0,0
6078,L29036,L,297.4,307.1,1302,41.3,134,0,0,0,0,0,0
6079,L52131,L,294.3,305.2,1480,50.5,172,0,0,0,0,0,0
6080,M43192,M,301.8,312.2,1508,29.0,246,0,0,0,0,0,0
6081,L69649,L,301.3,311.9,1334,35.9,101,0,0,0,0,0,0
6082,L17610,L,300.2,310.5,1601,26.2,172,0,0,0,0,0,0
6083,L31638,L,297.5,308.5,1472,46.5,199,0,0,0,0,0,0
6084,L93910,L,299.8,311.1,1528,33.9,211,0,0,0,0,0,0
6085,L81767,L,300.4,310.1,1720,34.5,232,0,0,0,0,0,0
6086,M82967,M,301.6,312.4,1423,59.6,88,0,0,0,0,0,0
6087,L68302,L,300.5,309.2,1653,46.7,213,0,0,0,0,0,0
6088,L78635,L,301.3,309.1,1760,46.5,242,0,0,0,0,0,0
6089,L53116,L,299.8,311.6,1749,28.0,119,0,0,0,0,0,0
6090,M49372,M,302.4,312.0,1466,21.4,175,1,0,0,1,0,0
6091,L48368,L,301.3,311.5,1325,49.7,82,0,0,0,0,0,0
6092,L10969,L,297.6,306.4,1372,17.6,65,1,0,0,1,0,0
6093,M38735,M,302.8,311.5,1214,35.0,70,0,0,0,0,0,0
6094,M97272,M,302.5,311.7,1623,31.9,13,0,0,0,0,0,0
6095,H79515,H,300.9,311.6,1635,30.7,146,0,0,0,0,0,0
6096,L44572,L,300.6,310.0,1521,35.6,218,0,0,0,0,0,0
6097,L23318,L,303.3,313.0,1252,29.4,73,0,0,0,0,0,0
6098,L32300,L,296.7,306.0,1434,27.8,8,0,0,0,0,0,0
6099,M64887,M,302.5,313.6,1748,42.6,72,0,0,0,0,0,0
6100,L86861,L,299.0,309.9,1610,50.7,195,0,0,0,0,0,0
6101,L40432,L,302.2,311.7,1641,22.6,113,0,0,0,0,0,0
6102,L28520,L,300.2,310.9,2095,42.0,194,0,0,0,0,0,0
6103,M46522,M,297.5,307.3,1559,45.4,55,0,0,0,0,0,0
6104,M25423,M,299.0,308.7,1111,44.5,162,0,0,0,0,0,0
6105,L51004,L,302.0,312.0,1302,37.8,185,0,0,0,0,0,0
6106,H52423,H,299.6,310.2,1555,34.0,205,0,0,0,0,0,0
6107,H37758,H,298.8,307.9,1503,47.6,173,0,0,0,0,0,0
6108,L51267,L,298.7,309.2,1469,43.4,230,1,1,0,0,0,0
6109,L63169,L,301.3,313.8,1472,21.1,32,1,0,0,1,0,0
6110,M89658,M,303.5,313.7,1359,37.8,139,0,0,0,0,0,0
6111,L79311,L,295.7,305.8,1567,40.6,114,0,0,0,0,0,0
6112,L99655,L,305.6,315.5,1751,29.1,253,0,0,0,0,0,0
6113,L61507,L,300.4,310.9,1812,37.6,139,0,0,0,0,0,0
6114,H33333,H,301.2,309.6,1807,44.9,173,0,0,0,0,0,0
6115,L16418,L,299.1,310.8,1328,31.7,233,1,1,0,0,0,0
6116,M28054,M,300.0,311.0,1496,42.3,36,0,0,0,0,0,0
6117,L42428,L,300.4,309.7,1444,30.1,86,0,0,0,0,0,0
6118,L52127,L,297.9,307.9,1607,27.6,82,0,0,0,0,0,0
6119,M61789,M,298.4,307.8,1485,46.2,30,0,0,0,0,0,0
6120,L49756,L,302.4,312.7,1459,51.7,142,0,0,0,0,0,0
6121,L39522,L,296.9,307.0,1762,28.2,78,0,0,0,0,0,0
6122,L84057,L,300.9,311.1,1518,49.5,42,0,0,0,0,0,0
6123,M64662,M,299.3,308.2,1522,39.9,6,0,0,0,0,0,0
6124,L18714,L,298.1,307.6,1574,17.9,6,1,0,0,1,0,0
6125,L57413,L,303.9,315.1,1622,25.7,99,0,0,0,0,0,0
6126,L24442,L,298.1,307.6,1623,46.1,155,0,0,0,0,0,0
6127,L81020,L,297.7,305.1,1779,23.8,54,0,0,0,0,0,0
6128,L28388,L,299.6,309.5,1269,33.8,230,0,0,0,0,0,0
6129,L57211,L,298.5,310.9,1558,39.2,53,0,0,0,0,0,0
6130,L17429,L,300.0,310.9,1482,44.5,68,0,0,0,0,0,0
6131,L94651,L,300.3,309.7,1446,41.8,77,0,0,0,0,0,0
6132,M15827,M,300.5,310.4,1636,55.7,40,1,0,0,1,0,0
6133,M67250,M,299.8,310.4,1733,31.8,253,0,0,0,0,0,0
6134,L56352,L,298.6,306.8,1393,41.0,181,0,0,0,0,0,0
6135,L15431,L,301.3,310.4,1804,44.5,76,0,0,0,0,0,0
6136,L90098,L,299.8,310.2,1242,47.1,246,0,0,0,0,0,0
6137,H46835,H,299.0,310.6,1606,50.5,161,0,0,0,0,0,0
6138,L84025,L,303.0,312.5,1340,35.7,195,0,0,0,0,0,0
6139,L51458,L,299.8,311.3,1384,46.5,87,0,0,0,0,0,0
6140,L27355,L,302.2,311.4,1511,30.7,55,0,0,0,0,0,0
6141,L35751,L,302.5,309.1,1428,39.2,114,0,0,0,0,0,0
6142,L22954,L,302.6,313.3,1000,45.0,105,0,0,0,0,0,0
6143,L46804,L,301.4,311.9,1610,49.8,249,1,1,0,0,0,0
6144,M65082,M,300.0,310.7,1640,45.7,37,0,0,0,0,0,0
6145,M59245,M,299.9,310.6,1471,40.9,34,0,0,0,0,0,0
6146,M39641,M,299.5,309.7,1457,39.2,157,0,0,0,0,0,0
6147,M41939,M,295.7,305.4,1433,45.5,142,0,0,0,0,0,0
6148,L55498,L,301.4,311.2,1192,61.9,138,0,0,0,0,0,0
6149,H35853,H,300.5,310.0,1173,48.5,104,0,0,0,0,0,0
6150,M74511,M,301.7,311.3,1645,43.8,91,0,0,0,0,0,0
6151,M39161,M,299.8,308.0,1692,26.3,22,0,0,0,0,0,0
6152,M90884,M,301.3,310.1,1607,31.6,200,0,0,0,0,0,0
6153,L32302,L,297.2,307.1,1568,36.8,113,0,0,0,0,0,0
6154,L26810,L,297.7,305.4,1641,49.1,227,0,0,0,0,0,0
6155,L95032,L,295.0,303.0,1629,30.6,125,0,0,0,0,0,0
6156,L16290,L,299.7,309.4,1359,46.4,229,0,0,0,0,0,0
6157,L11132,L,298.5,308.3,1540,41.2,234,0,0,0,0,0,0
6158,L30482,L,298.2,307.9,1447,43.5,141,0,0,0,0,0,0
6159,L25588,L,300.7,308.3,1449,37.8,202,0,0,0,0,0,0
6160,H59849,H,299.1,310.7,1705,34.0,26,0,0,0,0,0,0
6161,M87563,M,297.1,305.7,1783,30.3,30,0,0,0,0,0,0
6162,L18091,L,305.1,314.3,1078,46.1,177,0,0,0,0,0,0
6163,L56579,L,299.9,308.7,1454,39.2,13,0,0,0,0,0,0
6164,L39488,L,297.8,309.1,1445,29.2,180,0,0,0,0,0,0
6165,M79989,M,298.7,309.1,1709,42.2,58,0,0,0,0,0,0
6166,M37479,M,299.7,309.2,1239,74.2,59,1,0,0,1,0,0
6167,M37227,M,299.6,309.1,1000,38.0,91,0,0,0,0,0,0
6168,L19886,L,302.6,312.8,1648,56.5,234,1,0,0,1,1,0
6169,L10117,L,299.8,308.6,1673,14.1,180,1,0,0,1,0,0
6170,M98189,M,303.7,314.1,1179,37.3,190,0,0,0,0,0,0
6171,H48429,H,299.1,308.6,1478,49.5,198,0,0,0,0,0,0
6172,L86896,L,300.9,311.4,1775,40.2,210,0,0,0,0,0,0
6173,L97399,L,302.0,312.5,1306,33.6,43,0,0,0,0,0,0
6174,L63353,L,302.4,311.8,1518,39.7,238,1,1,0,0,0,0
6175,L59404,L,302.6,310.6,1591,49.9,100,0,0,0,0,0,0
6176,H89584,H,299.5,309.2,1243,61.4,142,0,0,0,0,0,0
6177,M76728,M,300.0,308.5,1399,50.7,205,0,0,0,0,0,0
6178,L35684,L,295.0,305.1,1196,35.0,216,0,0,0,0,0,0
6179,L99115,L,299.6,309.4,1470,37.7,128,0,0,0,0,0,0
6180,L86021,L,302.2,311.6,1358,37.7,138,0,0,0,0,0,0
6181,L11859,L,301.8,310.5,1537,31.3,104,0,0,0,0,0,0
6182,L71077,L,299.8,311.0,1614,38.4,13,0,0,0,0,0,0
6183,M13431,M,303.4,312.9,1750,37.3,164,0,0,0,0,0,0
6184,M30989,M,299.2,311.6,1920,28.0,171,0,0,0,0,0,0
6185,L66951,L,298.6,308.6,1537,48.4,120,0,0,0,0,0,0
6186,M70670,M,299.1,309.4,1443,44.2,12,0,0,0,0,0,0
6187,M29957,M,297.8,307.8,1433,33.6,143,0,0,0,0,0,0
6188,L56035,L,301.2,311.6,1326,41.5,26,0,0,0,0,0,0
6189,M18965,M,300.6,311.7,1581,30.4,115,0,0,0,0,0,0
6190,M54756,M,301.2,312.3,1411,34.5,202,0,0,0,0,0,0
6191,M33185,M,299.2,307.4,1593,46.9,57,0,0,0,0,0,0
6192,L93671,L,299.9,310.7,1332,44.7,232,1,1,0,0,0,0
6193,L81552,L,295.6,306.1,1416,34.9,179,0,0,0,0,0,0
6194,L45020,L,300.8,310.8,1578,43.1,65,0,0,0,0,0,0
6195,L48060,L,300.2,311.9,1478,39.3,58,0,0,0,0,0,0
6196,L92626,L,297.8,309.6,1154,30.0,19,0,0,0,0,0,0
6197,M88142,M,299.8,310.7,1497,38.3,221,0,0,0,0,0,0
6198,L84558,L,299.5,308.9,1356,44.3,16,0,0,0,0,0,0
6199,L59124,L,303.5,312.3,1713,43.1,158,0,0,0,0,0,0
6200,H48031,H,297.9,308.6,1675,23.1,190,0,0,0,0,0,0
6201,L65201,L,300.7,312.0,1089,41.7,65,0,0,0,0,0,0
6202,L79792,L,297.8,305.8,1644,40.3,96,0,0,0,0,0,0
6203,L19219,L,298.9,310.0,1570,21.0,74,0,0,0,0,0,0
6204,L20330,L,300.6,310.3,1233,31.9,203,0,0,0,0,0,0
6205,L49808,L,299.6,307.8,1658,44.9,252,1,1,0,0,0,0
6206,M55101,M,300.0,310.5,1270,53.8,246,1,1,0,0,0,0
6207,L26559,L,300.7,311.6,1706,23.6,18,0,0,0,0,0,0
6208,L15628,L,299.0,308.7,1384,49.8,171,0,0,0,0,0,0
6209,L55278,L,301.8,310.7,1227,21.2,148,1,0,0,1,0,0
6210,M27676,M,299.4,311.1,1882,54.0,235,1,0,0,1,0,0
6211,L23250,L,299.8,309.1,1222,37.6,146,0,0,0,0,0,0
6212,M42172,M,300.7,311.9,1355,32.9,116,0,0,0,0,0,0
6213,L92141,L,300.5,308.9,1390,43.5,114,0,0,0,0,0,0
6214,L18277,L,301.3,311.7,1418,30.4,216,0,0,0,0,0,0
6215,L51544,L,300.6,311.0,1626,45.2,170,0,0,0,0,0,0
6216,L90232,L,300.9,311.8,1510,38.8,19,0,0,0,0,0,0
6217,L10337,L,299.3,310.8,1681,3.0,236,1,0,0,1,0,0
6218,M88804,M,297.9,307.0,1567,31.9,172,0,0,0,0,0,0
6219,L80593,L,297.1,307.7,1199,41.9,39,0,0,0,0,0,0
6220,L10387,L,296.7,305.3,1599,50.7,119,0,0,0,0,0,0
6221,L47342,L,303.5,312.1,1542,43.3,63,0,0,0,0,0,0
6222,L18981,L,295.6,305.0,1388,50.5,150,0,0,0,0,0,0
6223,L44442,L,302.4,312.8,1873,31.1,141,0,0,0,0,0,0
6224,L94585,L,298.4,310.0,1610,47.3,245,0,0,0,0,0,0
6225,L85273,L,302.4,314.2,1670,47.4,14,0,0,0,0,0,0
6226,L10267,L,295.6,305.2,1676,23.7,114,0,0,0,0,0,0
6227,L83972,L,299.5,309.8,1424,51.0,46,0,0,0,0,0,0
6228,L96080,L,302.9,313.9,1614,43.3,6,0,0,0,0,0,0
6229,L67784,L,301.4,312.2,1557,37.2,197,0,0,0,0,0,0
6230,L61552,L,299.3,309.2,1400,37.0,192,0,0,0,0,0,0
6231,H69688,H,296.1,306.2,1280,29.6,236,1,1,0,0,0,0
6232,L59897,L,297.4,307.2,1504,46.3,149,0,0,0,0,0,0
6233,M31551,M,302.8,312.6,1606,43.0,65,0,0,0,0,0,0
6234,L13157,L,299.3,309.0,1503,45.8,92,0,0,0,0,0,0
6235,L14371,L,299.9,309.7,1467,40.8,153,0,0,0,0,0,0
6236,L42649,L,300.6,310.2,1505,42.1,159,0,0,0,0,0,0
6237,L76526,L,297.4,306.3,1448,37.0,11,0,0,0,0,0,0
6238,M85294,M,300.8,311.7,1779,50.8,230,0,0,0,0,0,0
6239,M30068,M,299.2,309.7,1549,46.1,234,1,1,0,0,0,0
6240,L39114,L,300.6,312.5,1412,41.7,202,0,0,0,0,0,0
6241,M10992,M,298.8,309.2,1175,38.7,63,0,0,0,0,0,0
6242,L91486,L,296.9,306.4,1465,22.3,88,0,0,0,0,0,0
6243,L24422,L,299.1,308.5,1396,20.2,178,1,0,0,1,0,0
6244,M56346,M,301.3,311.3,1389,36.3,77,0,0,0,0,0,0
6245,L15341,L,300.8,311.3,1670,52.7,98,0,0,0,0,0,0
6246,L85451,L,300.1,309.8,1514,33.0,169,0,0,0,0,0,0
6247,H89293,H,301.8,310.3,1197,33.3,9,0,0,0,0,0,0
6248,H80461,H,299.6,308.9,1611,30.3,35,0,0,0,0,0,0
6249,M26118,M,300.1,310.1,1215,27.1,9,0,0,0,0,0,0
6250,L51716,L,299.0,309.8,1625,30.9,67,0,0,0,0,0,0
6251,M95640,M,301.9,310.4,1414,42.8,122,0,0,0,0,0,0
6252,L85135,L,300.6,310.8,1516,35.1,214,0,0,0,0,0,0
6253,L23948,L,298.9,309.1,1496,34.6,45,0,0,0,0,0,0
6254,L87659,L,297.0,306.6,1473,33.7,90,0,0,0,0,0,0
6255,H53459,H,302.2,311.6,1538,42.4,2,0,0,0,0,0,0
6256,H96547,H,298.5,307.8,1515,43.9,117,0,0,0,0,0,0
6257,M47947,M,300.1,310.3,1837,21.3,6,0,0,0,0,0,0
6258,L16811,L,304.7,315.8,1540,32.4,82,0,0,0,0,0,0
6259,L54026,L,301.6,312.8,1544,39.1,210,0,0,0,0,0,0
6260,L82783,L,303.2,312.1,1372,44.4,237,0,0,0,0,0,0
6261,M84816,M,298.9,308.7,1569,41.3,93,0,0,0,0,0,0
6262,L69949,L,302.1,309.9,1316,48.2,72,1,0,1,0,0,0
6263,L88262,L,300.1,310.2,1707,25.9,192,0,0,0,0,0,0
6264,M73031,M,300.7,311.3,1233,44.2,177,0,0,0,0,0,0
6265,L62089,L,304.0,315.6,1348,60.5,96,0,0,0,0,0,0
6266,M93421,M,299.4,307.7,1207,40.5,229,1,0,1,0,0,0
6267,L34337,L,300.0,309.0,1576,40.9,115,0,0,0,0,0,0
6268,M13511,M,298.2,308.3,1424,45.2,237,0,0,0,0,0,0
6269,L94320,L,301.8,310.2,1623,34.5,224,0,0,0,0,0,0
6270,L77972,L,298.9,309.1,1324,30.5,240,0,0,0,0,0,0
6271,L79826,L,302.0,312.7,1596,40.6,28,0,0,0,0,0,0
6272,L43774,L,296.7,305.4,1604,23.5,68,0,0,0,0,0,0
6273,L56267,L,301.1,311.2,1538,44.0,94,0,0,0,0,0,0
6274,L64297,L,298.7,307.5,1506,45.6,188,0,0,0,0,0,0
6275,L68144,L,301.5,312.8,1525,24.0,74,0,0,0,0,0,0
6276,M31215,M,300.0,310.2,1336,41.6,52,0,0,0,0,0,0
6277,L44793,L,298.9,308.3,1306,37.8,87,0,0,0,0,0,0
6278,M36197,M,299.2,308.0,1598,54.8,79,0,0,0,0,0,0
6279,M50215,M,298.3,308.7,1434,53.1,206,0,0,0,0,0,0
6280,L65482,L,301.7,313.0,1582,48.4,250,0,0,0,0,0,0
6281,M32654,M,297.9,307.1,1779,52.1,77,1,0,0,1,0,0
6282,L43164,L,299.5,309.0,1418,36.3,13,0,0,0,0,0,0
6283,L42638,L,300.7,309.9,1392,42.6,183,0,0,0,0,0,0
6284,L36807,L,303.2,314.8,1442,37.5,122,0,0,0,0,0,0
6285,M83049,M,300.0,308.1,1507,30.0,110,0,0,0,0,0,0
6286,L13226,L,299.5,310.8,1611,40.8,89,0,0,0,0,0,0
6287,L63456,L,300.5,310.2,1495,39.2,119,0,0,0,0,0,0
6288,H23765,H,295.9,305.8,1874,38.0,34,0,0,0,0,0,0
6289,L54102,L,297.6,307.3,1576,39.4,155,0,0,0,0,0,0
6290,M64777,M,299.2,309.5,1641,40.6,235,0,0,0,0,0,0
6291,M52268,M,298.6,307.8,1493,48.9,233,0,0,0,0,0,0
6292,H46531,H,296.8,307.9,1682,34.2,187,0,0,0,0,0,0
6293,H63851,H,301.7,312.8,1463,27.2,99,0,0,0,0,0,0
6294,H12649,H,300.5,309.5,1384,46.8,233,0,0,0,0,0,0
6295,L91669,L,300.3,310.9,1663,48.6,167,0,0,0,0,0,0
6296,M41558,M,298.6,308.3,1490,43.6,127,0,0,0,0,0,0
6297,M14036,M,300.2,310.2,1544,28.6,72,0,0,0,0,0,0
6298,M42876,M,301.0,312.6,1677,38.7,191,0,0,0,0,0,0
6299,L41920,L,299.5,308.8,1525,42.9,202,0,0,0,0,0,0
6300,H30667,H,300.9,311.8,1473,29.3,141,0,0,0,0,0,0
6301,L65061,L,298.4,308.9,1404,32.4,72,0,0,0,0,0,0
6302,L24984,L,300.2,310.0,1691,38.5,98,0,0,0,0,0,0
6303,L40988,L,302.3,312.7,1438,51.8,158,0,0,0,0,0,0
6304,L10857,L,302.5,312.7,1491,42.3,56,0,0,0,0,0,0
6305,M30805,M,302.7,311.5,1552,34.3,119,0,0,0,0,0,0
6306,L66628,L,300.6,310.0,1551,38.0,11,0,0,0,0,0,0
6307,M34795,M,300.1,309.0,1682,33.3,204,0,0,0,0,0,0
6308,M79093,M,299.1,308.8,1487,35.9,97,0,0,0,0,0,0
6309,L55201,L,296.4,307.7,1748,47.2,113,0,0,0,0,0,0
6310,M30905,M,297.3,307.9,1455,20.8,224,1,0,0,1,0,0
6311,L33798,L,299.7,308.2,1567,53.1,100,0,0,0,0,0,0
6312,M39266,M,299.8,309.5,1467,61.9,120,1,0,0,1,0,0
6313,H58639,H,302.8,313.1,1877,41.6,75,0,0,0,0,0,0
6314,L90973,L,302.6,313.4,1437,31.7,204,0,0,0,0,0,0
6315,M31939,M,298.6,308.0,1453,51.6,110,0,0,0,0,0,0
6316,L96973,L,301.6,310.4,1521,42.8,122,0,0,0,0,0,0
6317,L68788,L,299.0,309.0,1452,34.7,125,0,0,0,0,0,0
6318,M60997,M,301.4,311.9,1557,30.3,171,0,0,0,0,0,0
6319,L38427,L,301.6,311.8,1721,35.9,137,0,0,0,0,0,0
6320,M45930,M,302.5,311.6,1527,41.9,110,0,0,0,0,0,0
6321,L78690,L,299.0,310.8,1533,49.0,166,0,0,0,0,0,0
6322,L98780,L,302.0,311.9,1459,42.8,161,0,0,0,0,0,0
6323,M55248,M,296.3,306.4,1409,44.5,180,0,0,0,0,0,0
6324,L15243,L,302.6,311.9,1517,36.7,119,0,0,0,0,0,0
6325,L61067,L,299.9,311.1,1501,48.5,248,1,1,0,0,0,0
6326,L36593,L,300.0,310.6,1711,37.9,146,0,0,0,0,0,0
6327,M79237,M,295.9,306.2,1327,58.4,202,0,0,0,0,0,0
6328,L57281,L,299.2,308.1,1762,33.5,118,0,0,0,0,0,0
6329,L22625,L,302.7,313.8,1474,43.9,85,0,0,0,0,0,0
6330,L32198,L,299.1,309.9,1527,61.9,133,1,0,0,1,0,0
6331,L92113,L,301.4,312.4,1308,50.4,146,0,0,0,0,0,0
6332,H93088,H,300.1,310.1,1601,47.5,78,0,0,0,0,0,0
6333,L44116,L,302.1,312.1,1327,43.0,191,0,0,0,0,0,0
6334,L57325,L,300.4,310.2,1567,40.5,108,0,0,0,0,0,0
6335,M40407,M,298.1,310.4,1550,38.3,167,0,0,0,0,0,0
6336,L90114,L,300.1,309.6,1441,34.4,73,0,0,0,0,0,0
6337,L86476,L,303.2,312.0,1128,24.6,123,1,0,0,1,0,0
6338,L39748,L,301.0,310.6,1889,46.4,89,0,0,0,0,0,0
6339,L32437,L,299.8,309.2,1310,24.6,106,0,0,0,0,0,0
6340,M24890,M,304.5,315.8,1549,46.5,171,0,0,0,0,0,0
6341,M79387,M,302.3,311.0,1369,36.9,40,0,0,0,0,0,0
6342,H92439,H,301.6,311.1,1689,30.4,62,0,0,0,0,0,0
6343,M57526,M,300.6,310.8,1432,54.1,91,0,0,0,0,0,0
6344,L53057,L,301.5,312.7,1365,25.5,69,0,0,0,0,0,0
6345,L43148,L,301.5,312.2,1607,33.3,44,0,0,0,0,0,0
6346,M81376,M,295.6,307.3,1271,34.3,207,0,0,0,0,0,0
6347,H14302,H,300.8,311.1,1426,41.5,41,0,0,0,0,0,0
6348,M38387,M,299.7,309.5,1624,33.9,162,0,0,0,0,0,0
6349,L64417,L,299.0,309.9,1771,54.6,114,1,0,0,1,0,0
6350,M19843,M,299.6,308.2,1327,26.3,41,0,0,0,0,0,0
6351,M41668,M,296.9,305.2,1390,80.0,75,1,0,0,1,0,0
6352,H67019,H,296.4,307.4,1563,29.4,28,0,0,0,0,0,0
6353,M41123,M,302.5,312.7,1140,69.6,24,0,0,0,0,0,0
6354,L33693,L,300.9,311.9,1744,50.9,91,0,0,0,0,0,0
6355,L75038,L,295.2,304.3,1320,38.9,191,0,0,0,0,0,0
6356,L92502,L,298.8,310.1,1421,42.3,101,0,0,0,0,0,0
6357,L29200,L,301.8,312.4,1547,36.2,144,0,0,0,0,0,0
6358,H36455,H,299.4,309.4,1509,43.5,32,0,0,0,0,0,0
6359,L29478,L,302.5,312.7,1327,32.6,223,0,0,0,0,0,0
6360,L35774,L,302.1,312.4,1810,47.1,84,0,0,0,0,0,0
6361,L92771,L,297.3,306.4,1036,41.8,48,0,0,0,0,0,0
6362,M77852,M,299.7,309.3,1298,30.1,89,0,0,0,0,0,0
6363,L82889,L,299.1,309.4,1385,44.3,245,0,0,0,0,0,0
6364,L43962,L,297.2,306.8,1329,43.7,159,0,0,0,0,0,0
6365,M20643,M,297.1,305.6,1720,32.8,31,0,0,0,0,0,0
6366,L22864,L,298.4,308.7,1201,35.7,41,0,0,0,0,0,0
6367,L93834,L,298.7,309.6,1780,45.1,193,0,0,0,0,0,0
6368,L31525,L,300.6,311.6,1450,50.9,214,0,0,0,0,0,0
6369,L19506,L,302.1,312.6,1255,38.6,21,0,0,0,0,0,0
6370,M69694,M,301.0,311.8,1122,49.3,74,0,0,0,0,0,0
6371,M38990,M,301.5,312.5,1461,51.7,12,0,0,0,0,0,0
6372,L21128,L,299.5,309.5,1374,53.0,31,0,0,0,0,0,0
6373,H40561,H,301.2,309.1,1543,44.2,35,0,0,0,0,0,0
6374,M72673,M,299.7,310.9,1419,31.0,111,0,0,0,0,0,0
6375,L40371,L,299.1,308.2,1672,48.9,3,0,0,0,0,0,0
6376,L95311,L,303.8,312.7,1474,38.1,180,0,0,0,0,0,0
6377,L49528,L,295.3,304.2,1424,45.1,102,0,0,0,0,0,0
6378,M22294,M,296.3,308.7,1675,33.7,102,0,0,0,0,0,0
6379,L90674,L,300.8,311.2,1541,34.0,243,0,0,0,0,0,0
6380,L35041,L,299.5,308.4,1639,33.0,84,0,0,0,0,0,0
6381,M42032,M,297.1,306.4,1707,26.8,10,0,0,0,0,0,0
6382,M40655,M,297.9,307.9,1447,34.1,102,0,0,0,0,0,0
6383,M53824,M,298.2,308.7,1507,29.7,118,0,0,0,0,0,0
6384,M62825,M,301.8,312.1,1652,45.7,119,0,0,0,0,0,0
6385,L60835,L,302.4,311.5,1059,29.4,117,1,0,0,1,0,0
6386,M68291,M,303.3,313.6,1482,33.3,85,0,0,0,0,0,0
6387,L34641,L,296.8,306.2,1460,40.0,138,0,0,0,0,0,0
6388,L96779,L,297.3,308.3,1567,58.1,220,1,0,0,1,1,0
6389,H52124,H,297.1,307.2,1356,33.1,91,0,0,0,0,0,0
6390,L98520,L,302.6,311.8,1697,26.2,135,0,0,0,0,0,0
6391,L16357,L,300.8,311.5,1367,26.9,214,0,0,0,0,0,0
6392,M38802,M,300.2,310.5,1417,31.4,101,0,0,0,0,0,0
6393,L84248,L,300.5,310.0,1380,33.4,34,0,0,0,0,0,0
6394,L28614,L,299.9,310.6,1721,63.0,109,1,0,0,1,0,0
6395,M67585,M,297.8,308.4,1125,49.7,128,0,0,0,0,0,0
6396,M32445,M,301.0,312.2,1822,36.8,220,0,0,0,0,0,0
6397,M83949,M,299.6,310.3,1765,58.5,216,1,0,0,1,0,0
6398,L64930,L,297.6,307.4,1398,33.9,194,0,0,0,0,0,0
6399,L54590,L,301.1,309.5,1685,35.9,97,0,0,0,0,0,0
6400,M34160,M,299.1,309.3,1523,35.3,70,0,0,0,0,0,0
6401,L93113,L,300.5,310.8,1798,50.3,112,0,0,0,0,0,0
6402,L83394,L,299.8,309.8,1671,39.3,81,0,0,0,0,0,0
6403,L51398,L,301.8,308.8,1895,55.1,248,1,0,0,1,1,0
6404,L51650,L,300.4,311.1,1219,44.3,21,0,0,0,0,0,0
6405,L78862,L,298.2,307.3,1534,49.1,128,0,0,0,0,0,0
6406,M10986,M,300.6,311.3,1190,21.8,97,1,0,0,1,0,0
6407,H80425,H,300.7,312.4,1407,23.0,195,0,0,0,0,0,0
6408,L80793,L,301.0,310.8,1905,23.3,151,0,0,0,0,0,0
6409,M76992,M,302.1,312.5,1584,35.7,15,0,0,0,0,0,0
6410,L48031,L,298.8,308.8,1677,24.6,170,0,0,0,0,0,0
6411,L51540,L,301.3,311.9,1593,52.4,125,0,0,0,0,0,0
6412,M99356,M,296.6,306.7,1581,38.0,156,0,0,0,0,0,0
6413,L72953,L,299.8,309.2,1406,46.2,23,0,0,0,0,0,0
6414,H78609,H,299.5,308.5,1372,35.1,129,0,0,0,0,0,0
6415,L51409,L,302.9,314.5,1401,48.2,134,0,0,0,0,0,0
6416,L60373,L,299.7,310.1,1009,20.3,37,1,0,0,1,0,0
6417,L43779,L,301.2,312.0,1485,39.5,156,0,0,0,0,0,0
6418,L20951,L,296.5,306.9,1543,45.0,230,0,0,0,0,0,0
6419,M82539,M,299.3,310.3,1389,45.9,6,0,0,0,0,0,0
6420,M56913,M,298.3,307.4,1476,36.8,64,0,0,0,0,0,0
6421,L57293,L,305.0,315.0,1595,22.9,83,0,0,0,0,0,0
6422,L65233,L,298.7,309.2,1659,50.1,138,0,0,0,0,0,0
6423,M71364,M,300.1,311.4,1284,36.1,187,0,0,0,0,0,0
6424,M86946,M,300.3,312.9,1357,36.9,167,0,0,0,0,0,0
6425,L76421,L,296.8,307.2,1636,62.2,117,1,0,0,1,0,0
6426,L83018,L,298.9,308.3,1606,41.0,243,0,0,0,0,0,0
6427,L73865,L,300.8,309.6,1742,34.8,86,0,0,0,0,0,0
6428,L94247,L,300.2,309.3,1735,34.2,198,0,0,0,0,0,0
6429,L21164,L,295.4,304.6,1935,46.5,209,0,0,0,0,0,0
6430,L73853,L,298.9,306.0,1447,31.8,26,0,0,0,0,0,0
6431,L20732,L,302.0,311.4,1784,45.1,11,0,0,0,0,0,0
6432,L53172,L,301.2,311.9,1334,51.0,250,1,1,0,0,1,0
6433,L13961,L,302.4,312.5,1931,39.1,91,0,0,0,0,0,0
6434,H47033,H,298.0,307.8,1582,49.9,169,0,0,0,0,0,0
6435,L44194,L,302.6,310.9,1598,39.3,7,0,0,0,0,0,0
6436,L52887,L,299.9,311.0,1678,33.1,193,0,0,0,0,0,0
6437,L85867,L,303.2,313.7,1256,23.4,89,1,0,0,1,0,0
6438,L37208,L,300.0,310.0,1307,42.8,147,0,0,0,0,0,0
6439,M19921,M,295.9,303.7,1521,43.0,12,0,0,0,0,0,0
6440,L22659,L,301.7,311.2,1562,49.8,27,0,0,0,0,0,0
6441,L82247,L,299.1,309.5,1875,48.8,208,1,0,0,1,0,0
6442,H33059,H,299.2,309.2,1329,60.7,140,0,0,0,0,0,0
6443,M43789,M,297.1,307.3,1777,34.2,197,0,0,0,0,0,0
6444,M72363,M,303.2,313.9,1452,43.6,41,0,0,0,0,0,0
6445,L89610,L,299.0,309.1,1450,33.1,83,0,0,0,0,0,0
6446,L17119,L,303.2,313.8,1471,49.3,215,0,0,0,0,0,0
6447,M79232,M,299.1,308.3,1445,30.7,148,0,0,0,0,0,0
6448,L45208,L,298.1,306.9,1588,49.1,169,0,0,0,0,0,0
6449,M56746,M,302.6,313.1,1429,32.6,52,0,0,0,0,0,0
6450,M25864,M,299.9,310.5,1246,47.7,141,0,0,0,0,0,0
6451,L21207,L,299.9,310.4,1452,52.1,186,0,0,0,0,0,0
6452,L71978,L,297.4,307.6,1582,24.5,44,0,0,0,0,0,0
6453,L66227,L,299.1,308.8,1248,26.5,76,0,0,0,0,0,0
6454,L40128,L,300.9,311.1,1605,42.3,2,0,0,0,0,0,0
6455,M42700,M,297.4,307.8,1712,41.3,244,1,1,0,0,0,0
6456,M57159,M,298.9,309.4,1766,37.1,227,1,1,0,0,0,0
6457,L49381,L,299.2,311.8,1561,35.2,23,0,0,0,0,0,0
6458,M85233,M,300.1,309.2,1175,31.4,211,0,0,0,0,0,0
6459,L29580,L,303.0,316.2,1617,43.3,138,0,0,0,0,0,0
6460,M57534,M,299.4,308.1,1674,30.4,244,1,1,0,0,0,0
6461,L68742,L,298.6,309.0,1375,43.7,129,0,0,0,0,0,0
6462,M36868,M,305.5,314.3,1487,34.3,52,0,0,0,0,0,0
6463,M27886,M,299.1,309.4,1587,35.8,217,0,0,0,0,0,0
6464,L63717,L,299.6,310.6,1822,52.2,237,1,1,0,1,0,0
6465,L45677,L,299.3,309.3,1454,49.5,134,0,0,0,0,0,0
6466,M97726,M,299.4,310.4,1660,30.0,103,0,0,0,0,0,0
6467,L28760,L,300.2,309.7,1557,31.3,196,0,0,0,0,0,0
6468,M61192,M,301.8,309.8,1536,47.8,21,0,0,0,0,0,0
6469,H47893,H,300.8,311.4,1739,25.7,213,0,0,0,0,0,0
6470,M41022,M,302.2,312.2,1350,54.5,218,0,0,0,0,0,0
6471,L61420,L,302.1,311.6,1541,41.4,75,0,0,0,0,0,0
6472,M79315,M,300.4,310.0,1505,34.2,3,0,0,0,0,0,0
6473,H36615,H,300.8,311.2,1229,40.1,2,0,0,0,0,0,0
6474,L65754,L,302.2,311.4,1722,53.6,247,1,0,0,1,1,0
6475,L85056,L,297.8,308.2,1649,18.7,197,1,0,0,1,0,0
6476,L97051,L,305.0,316.2,1506,50.3,91,0,0,0,0,0,0
6477,M66340,M,299.0,311.0,1453,51.9,225,0,0,0,0,0,0
6478,L24176,L,299.3,310.7,1500,36.8,226,0,0,0,0,0,0
6479,L85626,L,297.6,307.7,1627,39.3,230,0,0,0,0,0,0
6480,L98916,L,297.6,307.9,1510,41.4,127,0,0,0,0,0,0
6481,M95432,M,301.9,311.5,1380,47.3,208,0,0,0,0,0,0
6482,L72855,L,304.5,314.1,1407,32.7,10,0,0,0,0,0,0
6483,M20709,M,298.9,309.7,1498,39.9,40,0,0,0,0,0,0
6484,M65242,M,300.7,310.4,1332,39.0,160,0,0,0,0,0,0
6485,H26376,H,300.4,310.8,1560,46.8,26,0,0,0,0,0,0
6486,M78473,M,302.0,311.0,1357,66.8,11,0,0,0,0,0,0
6487,L14455,L,304.4,315.8,1328,32.7,27,0,0,0,0,0,0
6488,M23589,M,303.0,312.7,2075,40.8,115,0,0,0,0,0,0
6489,L72565,L,299.5,310.6,1849,32.4,124,0,0,0,0,0,0
6490,H33062,H,301.1,310.4,1526,35.1,234,0,0,0,0,0,0
6491,L18014,L,301.3,310.5,1653,29.2,107,0,0,0,0,0,0
6492,M20699,M,300.0,311.3,1684,24.7,130,0,0,0,0,0,0
6493,M37580,M,297.8,307.2,1486,51.8,207,0,0,0,0,0,0
6494,L54314,L,298.4,306.8,1551,43.6,206,0,0,0,0,0,0
6495,M74479,M,302.3,311.3,1453,40.9,83,0,0,0,0,0,0
6496,L56163,L,302.5,313.4,1726,31.3,183,0,0,0,0,0,0
6497,L47813,L,299.6,310.3,1728,39.3,224,0,0,0,0,0,0
6498,L91202,L,300.5,309.8,1781,28.4,208,0,0,0,0,0,0
6499,L79975,L,302.4,311.8,1548,39.7,83,0,0,0,0,0,0
6500,L49818,L,296.6,307.3,1890,43.3,187,0,0,0,0,0,0
6501,H99962,H,299.1,310.4,1486,34.6,187,0,0,0,0,0,0
6502,L74720,L,304.0,314.0,1868,32.4,61,0,0,0,0,0,0
6503,L42906,L,300.6,311.2,1417,35.1,169,0,0,0,0,0,0
6504,M46355,M,297.7,308.6,1266,48.1,22,0,0,0,0,0,0
6505,M16837,M,300.2,312.4,1865,42.0,69,0,0,0,0,0,0
6506,L81807,L,302.0,310.9,1619,23.9,7,0,0,0,0,0,0
6507,H64331,H,294.9,304.2,1593,47.2,33,0,0,0,0,0,0
6508,L20486,L,300.4,309.8,1435,45.4,27,0,0,0,0,0,0
6509,L23538,L,299.3,310.1,1348,41.9,240,0,0,0,0,0,0
6510,L19342,L,296.7,306.5,1365,56.5,41,0,0,0,0,0,0
6511,M24348,M,300.2,310.5,1525,40.2,18,0,0,0,0,0,0
6512,L39006,L,299.7,309.8,1473,44.3,190,0,0,0,0,0,0
6513,L78172,L,300.0,310.0,1151,44.7,164,0,0,0,0,0,0
6514,M99603,M,299.3,309.4,1805,48.8,161,0,0,0,0,0,0
6515,L47938,L,298.0,309.0,1424,37.8,226,0,0,0,0,0,0
6516,L58063,L,297.1,306.1,1723,33.6,169,0,0,0,0,0,0
6517,M58461,M,298.6,308.5,1373,49.7,169,0,0,0,0,0,0
6518,M68630,M,301.7,310.5,1528,49.2,116,0,0,0,0,0,0
6519,L71914,L,300.5,310.7,1675,52.7,143,0,0,0,0,0,0
6520,L18829,L,299.9,309.7,1650,44.2,194,0,0,0,0,0,0
6521,H61615,H,297.9,309.0,1452,23.5,91,0,0,0,0,0,0
6522,L45077,L,299.3,309.2,1592,41.6,9,0,0,0,0,0,0
6523,L82775,L,301.5,311.0,1622,40.3,108,0,0,0,0,0,0
6524,L93791,L,301.0,310.8,1473,52.3,95,0,0,0,0,0,0
6525,L41780,L,299.0,310.8,1300,50.6,46,0,0,0,0,0,0
6526,H61280,H,294.8,303.2,1388,46.1,179,0,0,0,0,0,0
6527,L32884,L,298.7,308.0,1432,19.3,204,1,0,0,1,0,0
6528,L15149,L,299.0,309.1,1505,31.8,40,0,0,0,0,0,0
6529,L22927,L,298.2,307.5,1787,36.4,122,0,0,0,0,0,0
6530,L86509,L,299.2,309.7,1663,36.6,83,0,0,0,0,0,0
6531,L38941,L,301.6,311.6,1353,41.7,144,0,0,0,0,0,0
6532,H19576,H,299.9,310.2,1831,54.8,24,1,0,0,1,0,0
6533,M31477,M,302.0,312.1,1486,47.8,236,0,0,0,0,0,0
6534,L65673,L,297.0,306.9,1621,30.8,16,0,0,0,0,0,0
6535,L48265,L,299.4,308.1,1331,31.7,208,0,0,0,0,0,0
6536,L23656,L,296.1,306.3,1419,30.8,49,0,0,0,0,0,0
6537,L52487,L,299.1,307.4,1687,38.8,195,0,0,0,0,0,0
6538,L88505,L,297.9,307.2,1342,48.1,71,0,0,0,0,0,0
6539,L51447,L,302.6,313.1,1510,49.6,200,0,0,0,0,0,0
6540,M97589,M,300.8,312.0,1585,36.2,232,0,0,0,0,0,0
6541,M43211,M,302.0,314.4,1316,39.7,237,0,0,0,0,0,0
6542,L33300,L,299.1,308.7,1180,56.7,218,0,0,0,0,0,0
6543,H62952,H,298.0,307.1,1663,25.2,108,0,0,0,0,0,0
6544,L86296,L,297.9,308.4,2015,46.4,108,1,0,0,1,0,0
6545,L82732,L,300.5,312.4,1583,45.3,241,0,0,0,0,0,0
6546,M91551,M,303.6,315.2,1617,37.0,225,0,0,0,0,0,0
6547,L14838,L,300.8,309.8,1341,39.8,123,0,0,0,0,0,0
6548,L78336,L,299.3,309.1,1765,44.2,101,0,0,0,0,0,0
6549,M12936,M,299.6,310.5,1432,37.1,24,0,0,0,0,0,0
6550,L79869,L,299.9,310.9,1709,33.6,91,0,0,0,0,0,0
6551,M33902,M,304.1,314.6,1609,32.9,119,0,0,0,0,0,0
6552,L73124,L,302.5,312.0,1614,58.6,210,1,0,0,1,0,0
6553,M44983,M,300.5,311.1,1607,35.6,82,0,0,0,0,0,0
6554,L16284,L,300.2,311.1,1601,42.0,77,0,0,0,0,0,0
6555,L72275,L,300.6,309.7,1551,47.9,7,0,0,0,0,0,0
6556,L42009,L,301.0,312.3,1674,37.9,10,0,0,0,0,0,0
6557,M23895,M,299.2,310.2,1369,40.4,204,0,0,0,0,0,0
6558,L37643,L,298.3,307.6,1457,45.0,42,0,0,0,0,0,0
6559,M26651,M,302.1,313.0,1764,31.5,244,1,1,0,0,0,0
6560,L28783,L,300.0,310.9,1531,24.6,15,0,0,0,0,0,0
6561,L49437,L,301.9,312.7,1441,32.7,204,0,0,0,0,0,0
6562,L51397,L,303.3,314.9,1686,57.3,29,1,0,0,1,0,0
6563,L39866,L,301.0,311.0,1651,34.2,161,0,0,0,0,0,0
6564,H33454,H,300.7,311.0,1266,41.3,191,0,0,0,0,0,0
6565,L84289,L,306.4,313.8,1631,26.7,57,0,0,0,0,0,0
6566,M57328,M,300.4,311.5,1525,53.4,142,0,0,0,0,0,0
6567,L30841,L,297.8,308.8,1628,37.0,198,0,0,0,0,0,0
6568,L53256,L,299.4,310.8,1502,35.5,43,0,0,0,0,0,0
6569,M99753,M,303.1,312.2,1584,38.7,132,0,0,0,0,0,0
6570,M10718,M,297.4,308.4,1170,65.1,135,0,0,0,0,0,0
6571,M93087,M,298.5,309.5,1339,44.4,194,0,0,0,0,0,0
6572,L21807,L,302.2,311.6,1633,38.4,91,0,0,0,0,0,0
6573,M32635,M,299.5,310.5,1972,11.2,163,1,0,0,1,0,0
6574,M62825,M,299.8,310.2,1566,53.5,240,0,0,0,0,0,0
6575,L29640,L,302.1,310.4,1375,33.1,179,0,0,0,0,0,0
6576,M98128,M,298.6,309.2,1524,31.5,5,0,0,0,0,0,0
6577,L76163,L,297.1,306.3,1339,32.4,38,0,0,0,0,0,0
6578,M61841,M,297.2,305.5,1725,54.7,101,1,0,0,1,0,0
6579,H45235,H,301.2,311.5,1509,39.6,102,0,0,0,0,0,0
6580,H93701,H,300.5,310.5,1690,24.8,84,0,0,0,0,0,0
6581,M42278,M,298.6,310.0,1472,38.0,112,0,0,0,0,0,0
6582,M99282,M,297.7,307.9,1706,31.7,239,0,0,0,0,0,0
6583,M98939,M,299.5,310.2,1208,43.6,204,0,0,0,0,0,0
6584,L71599,L,302.2,312.7,1504,36.1,35,0,0,0,0,0,0
6585,L72840,L,298.3,309.3,1597,24.3,112,0,0,0,0,0,0
6586,L63062,L,298.7,307.8,1452,39.2,172,0,0,0,0,0,0
6587,L95616,L,297.6,307.8,1565,39.4,41,0,0,0,0,0,0
6588,H62169,H,299.3,309.1,1562,27.5,13,0,0,0,0,0,0
6589,M95189,M,300.7,311.3,1689,20.4,242,1,1,0,0,0,0
6590,L28131,L,304.2,314.5,1612,42.8,199,0,0,0,0,0,0
6591,L48659,L,300.4,309.8,1571,37.2,224,0,0,0,0,0,0
6592,M24963,M,299.9,309.6,1658,37.8,198,0,0,0,0,0,0
6593,L10365,L,301.7,313.4,1256,47.5,172,0,0,0,0,0,0
6594,M36863,M,301.4,309.7,1365,20.6,194,1,0,0,1,0,0
6595,H94265,H,298.8,309.6,1251,40.6,133,0,0,0,0,0,0
6596,L39761,L,304.6,315.8,1599,46.6,65,0,0,0,0,0,0
6597,L83834,L,300.0,310.5,1574,38.2,24,0,0,0,0,0,0
6598,L34989,L,300.5,312.4,1749,25.8,151,0,0,0,0,0,0
6599,L71455,L,301.1,312.0,1563,33.4,56,0,0,0,0,0,0
6600,L27309,L,300.7,311.1,1386,35.5,208,0,0,0,0,0,0
6601,L53321,L,303.1,312.6,1524,24.2,135,0,0,0,0,0,0
6602,L77846,L,298.8,309.2,1162,43.7,252,0,0,0,0,0,0
6603,L89614,L,301.6,312.2,1427,40.0,98,0,0,0,0,0,0
6604,L43564,L,300.3,310.3,1078,33.6,106,0,0,0,0,0,0
6605,M62238,M,302.0,311.2,1559,49.9,68,0,0,0,0,0,0
6606,L62363,L,299.6,308.4,1450,34.8,72,0,0,0,0,0,0
6607,M50239,M,299.3,309.5,1476,54.8,121,0,0,0,0,0,0
6608,L45803,L,301.5,310.0,1332,37.3,16,0,0,0,0,0,0
6609,L93876,L,300.7,310.2,1380,30.5,211,0,0,0,0,0,0
6610,L49545,L,298.4,305.9,1625,30.8,25,0,0,0,0,0,0
6611,M76331,M,302.7,313.5,1242,40.9,229,0,0,0,0,0,0
6612,L48331,L,301.5,312.6,1591,29.3,101,0,0,0,0,0,0
6613,L58138,L,299.9,309.9,1354,41.4,116,0,0,0,0,0,0
6614,L61805,L,299.1,310.9,1197,36.0,244,0,0,0,0,0,0
6615,H27510,H,300.7,312.1,1721,35.8,187,0,0,0,0,0,0
6616,L30845,L,301.3,311.8,1739,39.6,71,0,0,0,0,0,0
6617,L71275,L,296.8,306.7,1403,50.0,77,0,0,0,0,0,0
6618,M98490,M,300.8,310.4,1401,34.6,38,0,0,0,0,0,0
6619,L71131,L,301.3,311.9,1455,41.8,162,0,0,0,0,0,0
6620,L64095,L,295.3,305.2,1354,44.4,167,0,0,0,0,0,0
6621,M99809,M,300.4,310.9,1386,27.9,225,0,0,0,0,0,0
6622,L72538,L,301.4,312.0,1581,45.2,72,0,0,0,0,0,0
6623,L89619,L,301.2,310.9,1873,48.2,17,0,0,0,0,0,0
6624,L41124,L,301.6,312.7,1436,49.7,56,0,0,0,0,0,0
6625,L83090,L,299.3,309.1,1684,28.9,244,1,1,0,0,0,0
6626,H87429,H,297.9,307.9,1564,29.6,250,1,1,0,0,0,0
6627,M83970,M,296.4,305.4,1199,39.5,89,0,0,0,0,0,0
6628,L43035,L,302.2,311.9,1496,38.9,124,0,0,0,0,0,0
6629,L76806,L,301.4,313.6,1473,40.2,214,0,0,0,0,0,0
6630,M85026,M,302.3,311.4,1764,36.4,121,0,0,0,0,0,0
6631,M63613,M,298.5,309.0,1771,41.9,243,0,0,0,0,0,0
6632,L30418,L,301.6,311.2,1568,14.5,212,1,0,0,1,0,0
6633,M26691,M,297.0,304.8,1719,46.6,188,0,0,0,0,0,0
6634,L85262,L,298.3,308.8,1474,54.7,159,0,0,0,0,0,0
6635,M26346,M,300.3,309.7,1701,34.5,52,0,0,0,0,0,0
6636,L95587,L,301.3,311.6,1518,42.0,46,0,0,0,0,0,0
6637,L63361,L,303.4,314.3,1698,56.8,219,1,0,0,1,0,0
6638,M28262,M,299.5,309.8,1716,40.3,61,0,0,0,0,0,0
6639,M28753,M,298.3,308.6,1629,43.1,62,0,0,0,0,0,0
6640,L13005,L,298.2,307.3,1367,58.4,214,0,0,0,0,0,0
6641,L63506,L,298.6,309.3,1424,60.4,12,0,0,0,0,0,0
6642,M84126,M,304.4,314.3,1635,29.4,182,0,0,0,0,0,0
6643,L76456,L,301.5,309.5,1661,35.9,156,0,0,0,0,0,0
6644,L62525,L,302.2,313.1,1529,48.9,10,0,0,0,0,0,0
6645,M63008,M,299.5,310.7,1444,45.0,46,0,0,0,0,0,0
6646,L32014,L,300.0,311.5,1534,47.1,76,0,0,0,0,0,0
6647,L83905,L,301.4,313.6,1450,13.8,57,1,0,0,1,0,0
6648,L58195,L,299.0,309.8,1451,20.5,43,1,0,0,1,0,0
6649,H85011,H,299.4,309.9,1853,57.8,216,1,0,0,1,0,0
6650,L98558,L,298.7,309.7,1414,47.7,234,0,0,0,0,0,0
6651,M89163,M,299.1,308.2,1591,43.5,44,0,0,0,0,0,0
6652,H94766,H,300.1,308.4,1528,27.6,146,0,0,0,0,0,0
6653,M77571,M,298.4,307.9,1279,35.9,110,0,0,0,0,0,0
6654,L37674,L,300.6,311.8,1273,45.7,95,0,0,0,0,0,0
6655,L35806,L,300.6,309.9,1485,26.2,241,0,0,0,0,0,0
6656,L71994,L,299.6,310.1,1149,32.9,12,0,0,0,0,0,0
6657,L31833,L,298.3,308.9,1829,43.8,247,0,0,0,0,0,0
6658,H55952,H,300.2,310.5,1435,45.9,80,0,0,0,0,0,0
6659,M72501,M,299.0,307.7,1420,34.8,144,0,0,0,0,0,0
6660,L35786,L,300.1,310.4,1720,49.8,236,0,0,0,0,0,0
6661,L19708,L,302.2,311.8,1475,49.5,163,0,0,0,0,0,0
6662,M22873,M,297.5,309.2,1617,22.1,194,0,0,0,0,0,0
6663,L72880,L,304.3,315.5,1397,56.4,24,0,0,0,0,0,0
6664,M21433,M,299.9,309.5,1508,51.7,144,0,0,0,0,0,0
6665,L80946,L,300.8,312.6,1674,42.1,79,0,0,0,0,0,0
6666,M12178,M,298.5,308.8,1345,38.6,106,0,0,0,0,0,0
6667,M79038,M,302.3,310.6,1595,47.9,60,0,0,0,0,0,0
6668,L67472,L,299.7,309.7,1065,45.3,156,0,0,0,0,0,0
6669,L33667,L,299.2,310.8,1728,37.3,136,1,0,0,0,0,1
6670,M34378,M,298.8,308.0,1400,56.1,32,0,0,0,0,0,0
6671,L57358,L,299.5,309.4,1485,19.0,185,1,0,0,1,0,0
6672,L62689,L,300.8,309.5,1482,33.4,72,0,0,0,0,0,0
6673,L85576,L,300.3,309.1,1325,44.5,148,0,0,0,0,0,0
6674,L78053,L,299.9,309.1,1311,39.5,220,0,0,0,0,0,0
6675,M56753,M,298.6,307.3,1594,47.0,101,0,0,0,0,0,0
6676,L10435,L,298.5,307.8,1602,26.1,162,0,0,0,0,0,0
6677,L92933,L,299.1,310.8,1341,37.5,218,0,0,0,0,0,0
6678,M49898,M,300.9,310.9,1597,51.5,157,0,0,0,0,0,0
6679,L86420,L,301.3,312.1,1600,25.1,249,0,0,0,0,0,0
6680,L34457,L,301.6,312.7,1432,37.6,21,0,0,0,0,0,0
6681,M43028,M,300.0,308.9,1267,34.7,92,0,0,0,0,0,0
6682,M65229,M,300.8,309.9,1493,43.6,178,0,0,0,0,0,0
6683,L75669,L,299.7,310.4,1566,43.9,124,0,0,0,0,0,0
6684,M22906,M,296.5,305.9,1489,41.0,65,0,0,0,0,0,0
6685,L81458,L,299.6,310.3,1393,37.1,85,0,0,0,0,0,0
6686,L61340,L,299.2,310.9,1584,40.6,183,0,0,0,0,0,0
6687,H83212,H,297.9,306.5,1728,38.4,199,0,0,0,0,0,0
6688,M62747,M,298.9,308.5,1361,39.7,161,0,0,0,0,0,0
6689,L59319,L,300.3,310.1,1446,54.6,225,0,0,0,0,0,0
6690,L67553,L,297.7,307.2,1994,28.0,132,0,0,0,0,0,0
6691,L55551,L,298.6,308.0,1552,43.4,208,0,0,0,0,0,0
6692,L19100,L,303.1,312.6,1272,30.6,27,0,0,0,0,0,0
6693,M40551,M,296.8,306.8,1414,59.5,249,1,1,0,0,1,0
6694,M98129,M,299.6,309.8,1364,40.9,221,0,0,0,0,0,0
6695,L32777,L,297.7,308.6,1568,27.3,226,1,1,0,0,0,0
6696,L49282,L,298.5,308.5,1555,37.7,223,0,0,0,0,0,0
6697,L29758,L,299.6,310.7,1385,25.4,213,0,0,0,0,0,0
6698,L51296,L,298.0,307.4,1834,33.7,22,0,0,0,0,0,0
6699,M80148,M,301.1,309.9,1515,46.2,230,0,0,0,0,0,0
6700,L74623,L,302.7,312.4,1418,53.6,43,0,0,0,0,0,0
6701,L19208,L,301.7,312.1,1280,50.8,220,0,0,0,0,0,0
6702,M93189,M,302.0,312.9,1339,39.0,141,0,0,0,0,0,0
6703,H67144,H,297.2,308.7,1276,45.7,72,0,0,0,0,0,0
6704,L71583,L,299.5,309.8,1466,48.1,80,0,0,0,0,0,0
6705,L79241,L,300.9,311.7,1341,62.5,68,0,0,0,0,0,0
6706,L70002,L,301.7,313.1,1641,34.0,184,0,0,0,0,0,0
6707,L88636,L,303.5,312.7,1395,55.1,186,0,0,0,0,0,0
6708,L72520,L,302.1,311.9,1651,29.1,108,0,0,0,0,0,0
6709,M99008,M,301.8,314.6,1588,51.8,108,0,0,0,0,0,0
6710,L71094,L,305.3,316.1,1616,33.8,54,0,0,0,0,0,0
6711,L85308,L,300.2,310.7,1661,33.2,101,0,0,0,0,0,0
6712,M58634,M,299.4,310.3,1859,37.2,168,0,0,0,0,0,0
6713,L39817,L,300.4,309.0,1347,32.2,158,0,0,0,0,0,0
6714,M56370,M,298.2,307.5,1652,44.3,33,0,0,0,0,0,0
6715,M23958,M,300.1,309.1,1572,52.3,185,0,0,0,0,0,0
6716,M52865,M,296.5,307.0,1691,18.9,250,0,0,0,0,0,0
6717,M75467,M,298.9,308.6,1520,38.3,205,0,0,0,0,0,0
6718,M78634,M,299.8,309.9,1712,29.1,2,0,0,0,0,0,0
6719,M45288,M,301.9,311.6,1268,49.1,208,0,0,0,0,0,0
6720,L52067,L,302.2,310.6,1319,54.2,8,0,0,0,0,0,0
6721,L61754,L,298.1,309.0,1398,38.3,34,0,0,0,0,0,0
6722,L22375,L,304.2,312.4,1487,33.0,61,0,0,0,0,0,0
6723,L66426,L,300.3,309.6,1508,23.8,124,0,0,0,0,0,0
6724,L53982,L,300.5,309.2,1367,59.5,214,1,0,0,0,1,0
6725,L77150,L,296.8,305.9,1322,53.2,206,0,0,0,0,0,0
6726,L67302,L,298.8,309.0,1382,20.2,94,1,0,0,1,0,0
6727,L25837,L,302.1,313.3,1192,46.6,120,0,0,0,0,0,0
6728,L60845,L,300.3,308.8,1448,28.9,43,0,0,0,0,0,0
6729,M40545,M,300.2,309.7,1489,34.9,241,0,0,0,0,0,0
6730,L65590,L,300.5,308.7,1579,27.5,69,0,0,0,0,0,0
6731,M66530,M,297.1,306.5,1530,20.0,52,1,0,0,1,0,0
6732,L44368,L,299.8,309.9,1823,39.5,250,0,0,0,0,0,0
6733,M65234,M,302.8,313.6,1646,59.0,54,1,0,0,1,0,0
6734,M25734,M,302.2,310.1,1633,30.7,46,0,0,0,0,0,0
6735,L44197,L,299.7,310.3,1566,48.9,249,0,0,0,0,0,0
6736,H74868,H,303.1,312.2,1596,50.5,19,0,0,0,0,0,0
6737,L56683,L,297.5,306.3,1460,47.2,8,0,0,0,0,0,0
6738,L13383,L,298.1,308.1,1518,60.0,115,1,0,0,1,0,0
6739,M50847,M,303.7,314.4,1846,49.6,75,1,0,0,1,0,0
6740,L32923,L,301.2,311.1,1487,58.0,220,1,0,0,0,1,0
6741,L90594,L,299.4,308.3,1260,28.5,186,0,0,0,0,0,0
6742,L93909,L,299.9,309.8,1625,47.5,137,0,0,0,0,0,0
6743,L16164,L,298.4,307.7,1658,55.1,3,1,0,0,1,0,0
6744,L43137,L,300.6,311.2,1528,32.3,67,0,0,0,0,0,0
6745,L62790,L,300.4,311.5,1162,5.1,225,1,0,0,1,0,0
6746,L40062,L,300.0,311.1,1732,27.3,63,0,0,0,0,0,0
6747,M75538,M,297.7,307.7,1541,32.8,7,0,0,0,0,0,0
6748,L21226,L,300.5,311.7,1444,45.6,58,0,0,0,0,0,0
6749,L86310,L,298.9,307.9,1714,34.3,191,0,0,0,0,0,0
6750,M32568,M,298.0,309.8,1136,40.0,218,0,0,0,0,0,0
6751,L31589,L,302.5,311.5,1520,34.0,72,0,0,0,0,0,0
6752,L40560,L,304.3,312.3,1403,38.7,59,0,0,0,0,0,0
6753,M94110,M,303.9,315.3,1769,39.3,212,0,0,0,0,0,0
6754,H35165,H,301.3,310.6,1544,33.7,50,0,0,0,0,0,0
6755,L32899,L,299.5,309.6,1344,48.2,92,0,0,0,0,0,0
6756,L32412,L,299.9,308.8,1705,53.8,96,1,0,0,1,0,0
6757,M23474,M,300.8,313.2,1057,28.5,100,1,0,0,1,0,0
6758,M93709,M,299.2,311.0,1591,42.2,19,0,0,0,0,0,0
6759,L69155,L,302.6,314.2,1273,25.7,213,0,0,0,0,0,0
6760,L60446,L,295.9,306.0,1417,22.5,54,0,0,0,0,0,0
6761,L22246,L,299.4,310.4,1457,50.4,93,0,0,0,0,0,0
6762,L14449,L,301.6,311.5,1664,60.1,161,1,0,0,1,0,0
6763,H37649,H,298.3,309.4,1897,36.7,203,0,0,0,0,0,0
6764,M93798,M,299.5,309.1,1180,58.3,149,0,0,0,0,0,0
6765,L57856,L,301.2,312.8,1580,33.5,91,0,0,0,0,0,0
6766,M82815,M,303.0,312.6,1896,37.7,1,0,0,0,0,0,0
6767,M37311,M,297.4,307.1,1397,56.7,125,0,0,0,0,0,0
6768,L19033,L,297.3,306.8,1386,30.9,142,0,0,0,0,0,0
6769,M30475,M,298.1,308.3,1542,49.2,91,0,0,0,0,0,0
6770,L31172,L,296.9,306.5,1649,36.5,159,0,0,0,0,0,0
6771,L64262,L,297.1,307.6,1618,32.8,199,0,0,0,0,0,0
6772,L27311,L,298.1,307.6,1435,34.9,9,0,0,0,0,0,0
6773,L98136,L,302.5,313.3,1356,18.3,205,1,0,0,1,0,0
6774,H72139,H,299.4,310.9,1737,52.6,149,1,0,0,1,0,0
6775,L46684,L,300.1,310.1,1361,42.3,82,0,0,0,0,0,0
6776,L64126,L,298.1,310.3,1155,38.5,176,0,0,0,0,0,0
6777,L74282,L,301.3,312.4,1238,33.1,178,0,0,0,0,0,0
6778,L78950,L,303.8,315.9,1396,43.1,192,0,0,0,0,0,0
6779,L11670,L,298.2,308.2,1769,48.8,104,0,0,0,0,0,0
6780,M55680,M,303.4,311.8,1286,37.3,146,0,0,0,0,0,0
6781,L45423,L,300.7,310.0,1774,49.6,121,0,0,0,0,0,0
6782,L37201,L,300.0,309.4,1735,42.8,92,0,0,0,0,0,0
6783,M68167,M,300.8,309.8,1541,39.1,33,0,0,0,0,0,0
6784,L31832,L,300.8,308.6,1041,49.1,233,1,0,1,0,0,0
6785,M32959,M,303.7,314.7,1287,34.9,32,0,0,0,0,0,0
6786,L69737,L,301.0,309.2,1386,27.5,164,0,0,0,0,0,0
6787,L15804,L,301.1,312.0,1812,39.5,101,0,0,0,0,0,0
6788,M43645,M,299.2,311.3,1398,40.4,208,0,0,0,0,0,0
6789,M77984,M,301.7,310.9,1361,37.8,119,0,0,0,0,0,0
6790,M46060,M,298.1,308.5,1534,51.9,47,0,0,0,0,0,0
6791,L36377,L,300.2,309.8,1246,45.0,38,0,0,0,0,0,0
6792,L28932,L,305.8,316.6,1496,38.8,99,0,0,0,0,0,0
6793,M54158,M,295.0,303.8,1356,39.9,135,0,0,0,0,0,0
6794,L80790,L,300.5,310.3,1984,40.8,159,0,0,0,0,0,0
6795,M18088,M,300.5,311.7,1335,45.3,215,0,0,0,0,0,0
6796,L64802,L,299.5,309.5,1847,40.5,95,0,0,0,0,0,0
6797,M80592,M,299.6,308.0,1295,38.5,198,1,0,1,0,0,0
6798,L29915,L,300.2,311.4,1547,26.7,57,0,0,0,0,0,0
6799,L71653,L,299.5,308.2,1590,32.9,222,0,0,0,0,0,0
6800,L47520,L,300.4,310.5,1526,42.8,25,0,0,0,0,0,0
6801,L11772,L,299.0,309.6,1514,41.9,203,0,0,0,0,0,0
6802,M73497,M,304.0,314.2,1655,25.1,68,0,0,0,0,0,0
6803,L74596,L,299.5,312.0,1575,34.4,166,0,0,0,0,0,0
6804,L72199,L,301.1,311.9,1469,30.7,138,0,0,0,0,0,0
6805,M17247,M,298.7,308.5,1379,53.6,146,0,0,0,0,0,0
6806,M50519,M,301.9,312.5,1470,42.5,248,0,0,0,0,0,0
6807,L25775,L,301.5,311.7,1468,44.3,151,0,0,0,0,0,0
6808,H68937,H,300.8,310.9,1464,39.3,54,0,0,0,0,0,0
6809,L50474,L,297.9,308.2,1514,33.7,104,0,0,0,0,0,0
6810,M65990,M,298.5,308.1,1246,35.5,24,0,0,0,0,0,0
6811,L89057,L,303.4,313.6,1315,44.9,85,0,0,0,0,0,0
6812,L17693,L,298.5,308.0,1650,37.4,74,0,0,0,0,0,0
6813,L31602,L,301.3,309.4,1095,45.0,163,1,0,1,0,0,0
6814,L62494,L,298.1,309.3,1715,41.4,231,0,0,0,0,0,0
6815,L93487,L,302.0,311.5,1399,43.0,71,0,0,0,0,0,0
6816,L14424,L,298.6,308.8,1801,43.5,214,0,0,0,0,0,0
6817,M85306,M,298.1,307.3,1721,34.7,222,0,0,0,0,0,0
6818,L81907,L,298.6,307.8,1441,36.9,160,0,0,0,0,0,0
6819,L27565,L,298.9,307.9,1460,49.1,177,0,0,0,0,0,0
6820,H84433,H,300.8,311.8,1787,58.3,202,1,0,0,1,0,0
6821,M62710,M,300.1,311.3,1729,49.2,94,0,0,0,0,0,0
6822,H14712,H,297.8,307.8,1675,12.1,250,1,0,0,1,0,0
6823,L14574,L,299.9,309.4,1706,32.4,97,0,0,0,0,0,0
6824,L39788,L,297.7,306.0,1304,41.1,21,1,0,1,0,0,0
6825,L58040,L,301.3,312.1,1537,29.0,185,0,0,0,0,0,0
6826,L80413,L,301.7,311.0,1361,28.5,85,0,0,0,0,0,0
6827,L18974,L,300.0,308.8,1300,35.8,7,0,0,0,0,0,0
6828,M69693,M,300.5,310.6,1529,43.5,45,0,0,0,0,0,0
6829,M70136,M,303.5,313.2,1426,46.2,93,0,0,0,0,0,0
6830,M44732,M,299.7,308.2,1470,36.3,54,0,0,0,0,0,0
6831,L33981,L,298.1,306.7,1410,35.6,35,0,0,0,0,0,0
6832,M33526,M,301.2,311.5,1274,31.6,41,0,0,0,0,0,0
6833,L50553,L,297.7,307.1,1805,45.1,159,0,0,0,0,0,0
6834,H36559,H,299.6,310.1,1528,44.4,32,0,0,0,0,0,0
6835,L61288,L,298.8,308.9,1240,49.1,198,0,0,0,0,0,0
6836,L20987,L,298.6,309.6,1533,41.3,213,0,0,0,0,0,0
6837,L73160,L,299.5,308.7,1774,26.9,183,0,0,0,0,0,0
6838,M99802,M,301.8,312.0,1673,36.5,62,0,0,0,0,0,0
6839,H30036,H,302.2,312.8,1407,48.6,146,0,0,0,0,0,0
6840,M70926,M,301.9,311.2,1411,22.6,15,0,0,0,0,0,0
6841,M75393,M,300.7,311.8,1328,39.2,239,0,0,0,0,0,0
6842,H59440,H,299.5,307.8,1366,42.9,2,0,0,0,0,0,0
6843,M37182,M,295.3,304.5,1381,60.0,56,0,0,0,0,0,0
6844,L98645,L,300.7,309.0,1236,34.0,21,1,0,1,0,0,0
6845,M66310,M,295.4,304.7,1420,38.8,252,0,0,0,0,0,0
6846,L43378,L,296.2,306.0,1562,56.9,10,0,0,0,0,0,0
6847,L33839,L,299.7,310.5,1425,34.1,0,0,0,0,0,0,0
6848,L88356,L,300.5,310.4,1539,50.7,25,0,0,0,0,0,0
6849,L75002,L,299.1,308.5,1792,43.9,223,0,0,0,0,0,0
6850,H90206,H,303.1,311.5,1830,37.8,101,0,0,0,0,0,0
6851,H76976,H,300.9,309.7,1488,44.5,239,0,0,0,0,0,0
6852,L20901,L,299.5,309.8,1658,38.5,243,0,0,0,0,0,0
6853,M80241,M,302.8,313.7,1470,62.6,184,1,0,0,1,0,0
6854,L99180,L,303.1,312.7,1412,19.3,43,1,0,0,1,0,0
6855,L12137,L,301.0,312.2,1299,37.2,246,0,0,0,0,0,0
6856,L77448,L,298.4,307.5,1516,37.5,111,0,0,0,0,0,0
6857,L80883,L,298.9,308.5,1695,38.7,118,0,0,0,0,0,0
6858,L41006,L,297.1,306.8,1271,50.8,161,0,0,0,0,0,0
6859,L88054,L,299.9,311.4,1448,35.5,181,0,0,0,0,0,0
6860,L46285,L,297.9,308.0,1440,44.9,244,0,0,0,0,0,0
6861,L48334,L,299.3,307.5,1544,42.3,246,1,1,0,0,0,0
6862,H16381,H,300.5,311.5,1547,48.4,105,0,0,0,0,0,0
6863,L43763,L,296.0,307.9,1597,38.6,36,0,0,0,0,0,0
6864,L80572,L,297.5,307.2,1841,43.2,232,1,1,0,0,0,0
6865,L59321,L,299.0,308.1,1343,38.8,30,0,0,0,0,0,0
6866,L37434,L,299.9,310.8,1333,30.1,140,0,0,0,0,0,0
6867,L75417,L,299.0,311.0,1545,56.0,42,0,0,0,0,0,0
6868,L40776,L,299.5,310.3,1761,32.4,91,0,0,0,0,0,0
6869,M44761,M,298.6,307.0,1237,35.2,134,1,0,1,0,0,0
6870,L56509,L,297.1,307.9,1560,31.4,178,0,0,0,0,0,0
6871,M18253,M,298.9,309.3,1464,44.0,247,0,0,0,0,0,0
6872,L55514,L,299.6,308.6,1654,35.2,232,0,0,0,0,0,0
6873,L74914,L,299.4,310.7,1613,55.2,132,0,0,0,0,0,0
6874,L28591,L,300.2,310.7,1509,45.3,79,0,0,0,0,0,0
6875,L60244,L,300.8,312.2,1588,37.2,136,0,0,0,0,0,0
6876,L11027,L,301.4,310.3,1382,30.9,93,0,0,0,0,0,0
6877,L84117,L,298.7,309.1,1644,38.9,116,0,0,0,0,0,0
6878,L74231,L,296.8,306.0,1750,45.2,231,0,0,0,0,0,0
6879,M75068,M,302.5,312.8,1518,39.5,130,0,0,0,0,0,0
6880,L49370,L,300.8,312.2,1427,38.6,11,0,0,0,0,0,0
6881,L63243,L,298.1,306.7,1474,29.8,173,0,0,0,0,0,0
6882,M74668,M,300.6,309.2,1642,62.4,71,1,0,0,1,0,0
6883,L42758,L,302.1,313.1,1492,38.0,54,0,0,0,0,0,0
6884,M44902,M,303.5,313.4,1284,26.3,194,0,0,0,0,0,0
6885,H39322,H,300.5,311.7,1671,29.2,42,0,0,0,0,0,0
6886,H43478,H,302.1,311.3,1323,36.6,154,0,0,0,0,0,0
6887,L71302,L,297.6,307.6,1576,59.4,207,1,0,0,1,0,0
6888,L91586,L,299.9,310.6,1164,38.3,76,0,0,0,0,0,0
6889,M30241,M,299.3,309.5,1519,36.3,119,0,0,0,0,0,0
6890,M34177,M,300.7,308.9,1488,48.4,146,0,0,0,0,0,0
6891,M13971,M,303.2,316.0,1146,49.2,162,0,0,0,0,0,0
6892,L44454,L,300.5,310.7,1560,46.6,246,0,0,0,0,0,0
6893,L81428,L,298.1,306.8,1302,42.0,225,0,0,0,0,0,0
6894,L41838,L,297.5,307.8,1515,29.0,53,0,0,0,0,0,0
6895,L10495,L,303.3,313.7,1426,32.5,138,0,0,0,0,0,0
6896,L27550,L,301.0,312.0,1233,24.1,40,1,0,0,1,0,0
6897,H29390,H,300.9,311.8,1312,37.8,15,0,0,0,0,0,0
6898,L28233,L,299.3,309.1,1326,35.8,93,0,0,0,0,0,0
6899,M84256,M,300.5,308.8,1677,34.7,81,0,0,0,0,0,0
6900,H95155,H,298.0,308.5,1650,42.8,144,0,0,0,0,0,0
6901,L50532,L,300.8,309.1,1895,33.4,162,0,0,0,0,0,0
6902,L18631,L,297.7,308.9,1408,36.6,98,0,0,0,0,0,0
6903,M96376,M,299.3,308.5,1402,35.1,219,0,0,0,0,0,0
6904,L73975,L,298.7,309.3,1524,39.7,213,0,0,0,0,0,0
6905,L83888,L,293.5,302.8,1436,43.6,182,0,0,0,0,0,0
6906,M20246,M,299.3,308.8,1395,26.6,89,0,0,0,0,0,0
6907,M22959,M,298.2,307.4,1510,44.5,61,0,0,0,0,0,0
6908,M24208,M,299.6,310.3,1627,42.6,29,0,0,0,0,0,0
6909,H99786,H,300.0,309.4,1120,44.2,63,0,0,0,0,0,0
6910,L75940,L,303.5,314.3,1397,41.3,243,0,0,0,0,0,0
6911,M85201,M,300.6,310.0,1247,43.6,106,0,0,0,0,0,0
6912,M66663,M,300.7,310.4,1472,35.8,105,0,0,0,0,0,0
6913,M41726,M,301.0,311.0,1578,44.4,119,0,0,0,0,0,0
6914,M41821,M,301.7,311.9,1701,51.4,164,0,0,0,0,0,0
6915,M18694,M,300.9,310.0,1422,35.0,233,1,1,0,0,0,0
6916,M32045,M,300.6,311.3,1519,35.4,29,0,0,0,0,0,0
6917,L68227,L,301.4,311.2,1197,46.3,208,0,0,0,0,0,0
6918,M47621,M,295.1,305.7,1345,34.5,114,0,0,0,0,0,0
6919,L58936,L,304.2,314.2,1537,32.8,70,0,0,0,0,0,0
6920,L88548,L,303.2,313.8,1255,44.2,138,0,0,0,0,0,0
6921,M21343,M,300.4,310.0,1723,35.7,137,0,0,0,0,0,0
6922,M75303,M,297.2,306.4,1594,52.2,34,0,0,0,0,0,0
6923,L97725,L,302.4,312.8,1337,35.3,25,0,0,0,0,0,0
6924,L90781,L,298.6,308.1,1233,31.8,159,0,0,0,0,0,0
6925,L27729,L,301.1,312.5,1371,40.0,186,0,0,0,0,0,0
6926,L35892,L,297.4,307.5,1338,44.4,156,0,0,0,0,0,0
6927,L65551,L,304.5,313.1,1281,43.2,89,0,0,0,0,0,0
6928,H51888,H,297.1,306.5,1247,45.4,141,0,0,0,0,0,0
6929,L68149,L,300.1,309.1,1459,34.5,229,1,1,0,0,0,0
6930,H70058,H,295.8,306.8,1632,51.4,234,0,0,0,0,0,0
6931,L23889,L,299.9,310.7,1372,23.4,59,0,0,0,0,0,0
6932,M88372,M,299.1,309.1,1580,32.2,24,0,0,0,0,0,0
6933,L20159,L,302.3,312.6,1441,40.4,165,0,0,0,0,0,0
6934,M64821,M,299.1,309.1,1610,33.0,44,0,0,0,0,0,0
6935,M93215,M,302.3,313.1,1358,36.9,203,0,0,0,0,0,0
6936,M14393,M,298.0,308.5,1551,30.2,71,0,0,0,0,0,0
6937,H48486,H,299.4,310.1,1522,37.9,38,0,0,0,0,0,0
6938,L50146,L,299.5,309.3,1745,44.6,206,0,0,0,0,0,0
6939,L47426,L,301.0,310.4,1601,34.6,53,0,0,0,0,0,0
6940,L87438,L,300.7,311.4,1546,31.2,2,0,0,0,0,0,0
6941,M16224,M,301.4,313.0,1235,35.4,208,0,0,0,0,0,0
6942,L80969,L,300.5,311.6,1405,51.0,24,0,0,0,0,0,0
6943,L11352,L,301.3,312.9,1356,51.0,106,0,0,0,0,0,0
6944,L96061,L,298.2,308.4,1352,35.2,100,0,0,0,0,0,0
6945,L98112,L,300.8,309.8,1503,45.1,36,0,0,0,0,0,0
6946,M77274,M,303.2,312.3,1543,39.8,9,0,0,0,0,0,0
6947,M85588,M,296.6,308.0,1550,52.8,21,0,0,0,0,0,0
6948,M24519,M,301.0,309.1,1727,41.9,108,0,0,0,0,0,0
6949,M23567,M,301.4,312.9,1587,38.0,242,0,0,0,0,0,0
6950,M28136,M,302.9,312.1,1279,56.0,183,0,0,0,0,0,0
6951,L41218,L,301.5,313.4,1536,30.8,181,0,0,0,0,0,0
6952,H41103,H,300.2,310.1,1605,43.2,169,0,0,0,0,0,0
6953,L24820,L,300.9,311.6,1727,53.7,195,1,0,0,1,0,0
6954,M20361,M,298.5,310.9,1472,46.7,134,0,0,0,0,0,0
6955,M83586,M,299.2,308.9,1474,32.4,249,0,0,0,0,0,0
6956,L72399,L,297.3,307.0,1694,31.8,154,0,0,0,0,0,0
6957,L83798,L,303.0,312.3,1532,25.9,160,0,0,0,0,0,0
6958,L42253,L,300.9,309.9,1212,54.8,5,0,0,0,0,0,0
6959,L86756,L,298.2,307.8,1174,28.7,191,0,0,0,0,0,0
6960,H27663,H,300.5,310.0,1831,47.1,90,0,0,0,0,0,0
6961,L78619,L,302.3,311.1,1192,25.7,196,1,0,0,1,0,0
6962,L31227,L,302.0,311.8,1470,65.6,214,1,0,0,1,1,0
6963,L56591,L,298.1,308.6,1659,26.5,6,0,0,0,0,0,0
6964,L94672,L,293.7,302.8,1182,40.4,97,0,0,0,0,0,0
6965,L17910,L,300.8,310.6,1305,52.1,229,1,1,0,0,0,0
6966,L79259,L,298.2,309.6,1276,33.0,32,0,0,0,0,0,0
6967,L60272,L,301.2,309.8,1824,45.6,188,0,0,0,0,0,0
6968,L38915,L,301.9,313.8,1863,37.2,82,0,0,0,0,0,0
6969,L97655,L,302.2,311.6,1368,43.9,129,0,0,0,0,0,0
6970,L80414,L,303.5,313.7,1604,50.8,229,0,0,0,0,0,0
6971,M84896,M,302.5,313.8,1555,35.7,160,0,0,0,0,0,0
6972,L92820,L,303.5,315.1,1449,55.0,110,0,0,0,0,0,0
6973,L87057,L,302.8,313.2,1207,43.5,176,0,0,0,0,0,0
6974,H79243,H,302.9,312.2,1915,59.5,56,1,0,0,1,0,0
6975,L25606,L,299.9,309.1,1173,31.7,3,0,0,0,0,0,0
6976,L45107,L,297.4,306.8,1538,33.6,157,0,0,0,0,0,0
6977,M45217,M,305.0,316.9,1383,37.7,218,0,0,0,0,0,0
6978,L25978,L,300.1,309.7,1681,27.9,177,0,0,0,0,0,0
6979,M36463,M,302.5,312.8,1652,49.3,131,0,0,0,0,0,0
6980,M80925,M,298.9,307.9,1324,39.2,36,0,0,0,0,0,0
6981,H62765,H,301.9,310.8,1358,28.5,21,0,0,0,0,0,0
6982,H14987,H,295.1,305.1,1221,31.8,71,0,0,0,0,0,0
6983,L70866,L,299.2,308.9,1535,31.3,244,0,0,0,0,0,0
6984,M35871,M,299.8,309.6,1628,49.2,117,0,0,0,0,0,0
6985,L14985,L,300.9,309.4,1421,44.6,204,0,0,0,0,0,0
6986,M16996,M,302.1,312.1,1456,38.7,3,0,0,0,0,0,0
6987,L17805,L,297.8,309.4,1843,36.3,120,1,0,0,0,0,1
6988,L32185,L,301.3,310.5,1669,37.6,62,0,0,0,0,0,0
6989,L68389,L,302.5,313.4,1743,57.8,241,1,0,0,1,1,0
6990,L38326,L,304.7,311.2,1096,37.7,50,1,0,1,0,0,0
6991,L89296,L,301.4,310.6,1598,48.6,13,0,0,0,0,0,0
6992,L42786,L,299.1,307.2,1545,36.7,41,0,0,0,0,0,0
6993,H14933,H,297.5,308.7,1275,56.8,16,0,0,0,0,0,0
6994,L22827,L,303.7,314.5,1312,27.8,80,0,0,0,0,0,0
6995,M31156,M,301.5,310.4,1461,48.1,252,1,1,0,0,0,0
6996,M65212,M,300.0,310.2,1258,32.4,235,0,0,0,0,0,0
6997,M58168,M,296.8,308.0,1356,62.1,145,0,0,0,0,0,0
6998,L96622,L,298.1,309.5,1417,47.0,210,0,0,0,0,0,0
6999,M22466,M,301.3,310.9,1603,23.0,101,0,0,0,0,0,0
7000,M20377,M,300.7,308.5,1373,30.7,225,0,0,0,0,0,0
7001,M58156,M,296.1,305.2,1419,46.9,53,0,0,0,0,0,0
7002,H73988,H,301.3,312.0,1684,46.6,102,0,0,0,0,0,0
7003,L46627,L,296.9,309.0,1182,45.8,31,0,0,0,0,0,0
7004,L26253,L,302.7,312.7,1541,41.6,237,0,0,0,0,0,0
7005,M48689,M,300.4,309.8,1570,36.8,86,0,0,0,0,0,0
7006,L67865,L,299.1,311.5,1575,50.9,62,0,0,0,0,0,0
7007,M52583,M,302.0,312.4,1410,31.4,56,0,0,0,0,0,0
7008,L24771,L,300.7,309.5,1308,40.5,120,0,0,0,0,0,0
7009,L15222,L,302.6,312.5,1774,33.8,128,0,0,0,0,0,0
7010,L89908,L,300.2,311.2,1346,33.0,170,0,0,0,0,0,0
7011,L40303,L,300.3,310.2,1299,35.4,205,0,0,0,0,0,0
7012,H12130,H,299.4,310.2,1504,32.6,178,0,0,0,0,0,0
7013,L47760,L,300.5,308.9,1367,45.5,125,0,0,0,0,0,0
7014,M29594,M,303.4,312.0,1689,25.2,136,0,0,0,0,0,0
7015,L28665,L,299.0,308.3,1452,44.3,247,1,1,0,0,0,0
7016,H68941,H,301.3,311.0,1712,33.7,113,0,0,0,0,0,0
7017,L70150,L,298.2,308.6,1581,40.3,81,0,0,0,0,0,0
7018,L70683,L,295.9,306.5,1430,38.3,163,0,0,0,0,0,0
7019,L89404,L,300.4,312.9,1701,35.0,170,0,0,0,0,0,0
7020,L51191,L,300.7,310.0,1383,52.1,237,0,0,0,0,0,0
7021,H76457,H,299.8,309.5,1442,36.3,89,0,0,0,0,0,0
7022,H32062,H,297.0,306.3,1595,47.0,129,0,0,0,0,0,0
7023,L68654,L,300.6,311.7,1541,47.2,158,0,0,0,0,0,0
7024,L65976,L,300.5,311.7,1379,37.3,179,0,0,0,0,0,0
7025,L42803,L,298.2,307.8,1223,27.4,10,0,0,0,0,0,0
7026,L99241,L,297.3,309.4,1497,31.2,228,0,0,0,0,0,0
7027,L93800,L,299.5,308.8,1369,52.8,45,0,0,0,0,0,0
7028,L67566,L,301.3,312.3,1505,44.9,57,0,0,0,0,0,0
7029,M27134,M,300.8,312.3,1424,41.4,176,0,0,0,0,0,0
7030,M26036,M,298.2,306.9,1371,34.3,50,0,0,0,0,0,0
7031,L68070,L,300.3,310.9,1452,57.3,34,0,0,0,0,0,0
7032,L92467,L,301.8,309.0,1487,31.3,240,0,0,0,0,0,0
7033,L24688,L,297.7,308.5,1625,41.4,163,0,0,0,0,0,0
7034,L74269,L,300.1,309.0,1576,45.0,240,1,1,0,0,0,0
7035,L61702,L,302.7,313.2,1877,26.9,16,0,0,0,0,0,0
7036,M63967,M,297.5,308.2,1525,32.4,9,0,0,0,0,0,0
7037,L23055,L,302.3,313.4,1379,35.4,71,0,0,0,0,0,0
7038,M25935,M,303.2,314.1,1470,48.6,10,0,0,0,0,0,0
7039,M49642,M,299.6,309.6,1602,35.6,111,0,0,0,0,0,0
7040,H36726,H,299.3,308.9,1681,25.6,243,1,1,0,0,0,0
7041,M67196,M,302.1,312.0,1741,24.7,90,0,0,0,0,0,0
7042,L52978,L,299.6,308.5,1317,32.3,185,0,0,0,0,0,0
7043,L67001,L,295.3,305.1,1731,25.1,164,0,0,0,0,0,0
7044,L63612,L,299.8,309.5,1492,47.7,8,0,0,0,0,0,0
7045,H96576,H,300.9,310.2,1333,48.1,59,0,0,0,0,0,0
7046,H41645,H,301.5,309.7,1463,40.1,159,0,0,0,0,0,0
7047,L43482,L,298.2,307.0,1718,37.4,23,0,0,0,0,0,0
7048,L68324,L,299.5,306.3,1582,47.4,116,0,0,0,0,0,0
7049,L60733,L,302.0,311.6,1282,47.0,171,0,0,0,0,0,0
7050,L24825,L,299.9,310.2,1283,30.1,86,0,0,0,0,0,0
7051,H32881,H,296.9,304.3,1278,31.5,79,1,0,1,0,0,0
7052,L83825,L,302.5,312.7,1368,47.1,183,0,0,0,0,0,0
7053,L17903,L,299.6,309.4,1514,42.7,106,0,0,0,0,0,0
7054,L25418,L,302.2,311.0,1297,46.1,135,0,0,0,0,0,0
7055,L74830,L,297.2,306.8,1423,31.1,51,0,0,0,0,0,0
7056,L96046,L,299.8,310.8,1752,32.5,200,0,0,0,0,0,0
7057,M86763,M,301.0,310.0,1791,44.6,152,0,0,0,0,0,0
7058,L75215,L,299.8,309.9,1779,33.2,246,0,0,0,0,0,0
7059,L35244,L,297.6,308.0,1177,24.8,191,1,0,0,1,0,0
7060,L79308,L,295.2,304.4,1801,33.3,152,0,0,0,0,0,0
7061,L44132,L,303.0,314.1,1517,37.9,155,0,0,0,0,0,0
7062,L39553,L,300.5,310.9,1514,57.0,84,0,0,0,0,0,0
7063,L35151,L,302.3,312.1,1685,31.6,113,0,0,0,0,0,0
7064,L38032,L,301.9,314.2,1627,39.4,170,0,0,0,0,0,0
7065,L67096,L,301.2,312.2,1164,60.4,130,0,0,0,0,0,0
7066,M83289,M,299.4,307.7,1390,29.1,241,0,0,0,0,0,0
7067,M69668,M,301.0,310.6,1434,46.6,140,0,0,0,0,0,0
7068,H85082,H,302.9,315.3,1261,32.9,3,0,0,0,0,0,0
7069,L34173,L,300.2,309.2,1679,44.0,32,0,0,0,0,0,0
7070,M62693,M,303.8,313.9,1759,63.3,12,1,0,0,1,0,0
7071,M71263,M,297.0,308.2,1498,47.9,228,1,1,0,0,0,0
7072,L44622,L,296.8,307.4,1554,41.5,80,0,0,0,0,0,0
7073,L81098,L,302.0,312.8,1498,30.5,212,0,0,0,0,0,0
7074,L60339,L,298.4,309.1,1518,38.2,113,0,0,0,0,0,0
7075,M34286,M,304.1,314.1,1701,34.3,233,0,0,0,0,0,0
7076,L73359,L,302.7,311.9,1182,25.5,122,1,0,0,1,0,0
7077,L14874,L,303.2,313.6,1587,18.7,218,1,0,0,1,0,0
7078,H80969,H,301.8,311.4,1502,31.7,170,0,0,0,0,0,0
7079,L27501,L,298.2,307.7,1372,39.7,67,0,0,0,0,0,0
7080,H50558,H,296.7,308.2,1409,51.2,146,0,0,0,0,0,0
7081,M77645,M,303.0,312.6,1830,32.6,68,0,0,0,0,0,0
7082,M81457,M,297.0,308.7,1261,41.9,51,0,0,0,0,0,0
7083,M42110,M,303.2,313.4,1470,23.0,81,0,0,0,0,0,0
7084,L67825,L,301.3,311.2,1793,32.0,75,0,0,0,0,0,0
7085,M17666,M,299.8,308.0,1271,15.5,126,1,0,1,1,0,0
7086,M85932,M,300.9,313.0,1418,62.3,161,0,0,0,0,0,0
7087,M32001,M,300.9,310.9,1508,42.0,245,0,0,0,0,0,0
7088,L82182,L,299.6,307.3,1574,41.7,119,0,0,0,0,0,0
7089,L55781,L,302.9,313.8,1486,45.4,193,0,0,0,0,0,0
7090,L47090,L,302.8,312.7,1339,65.3,124,0,0,0,0,0,0
7091,L40426,L,300.3,309.4,1581,35.6,110,0,0,0,0,0,0
7092,L79208,L,298.8,309.7,1482,30.2,104,0,0,0,0,0,0
7093,M37201,M,302.6,310.1,1613,60.0,222,1,0,0,1,0,0
7094,M64440,M,296.0,305.2,1666,27.7,37,0,0,0,0,0,0
7095,M11952,M,300.9,310.6,1232,53.0,73,0,0,0,0,0,0
7096,L69699,L,301.5,312.3,1686,39.3,182,0,0,0,0,0,0
7097,L21563,L,298.3,310.6,1454,44.3,75,0,0,0,0,0,0
7098,L30480,L,301.9,311.7,1649,25.6,1,0,0,0,0,0,0
7099,L75210,L,299.9,310.4,1589,65.9,55,1,0,0,1,0,0
7100,L79627,L,298.9,311.7,1834,36.2,7,0,0,0,0,0,0
7101,L19565,L,301.9,311.9,1501,33.0,74,0,0,0,0,0,0
7102,L20405,L,297.8,308.3,1427,45.5,83,0,0,0,0,0,0
7103,L20769,L,301.7,310.5,1408,33.6,241,0,0,0,0,0,0
7104,L27525,L,296.0,308.0,1313,44.2,204,0,0,0,0,0,0
7105,L32619,L,300.6,309.9,1645,27.4,31,0,0,0,0,0,0
7106,L41550,L,300.1,310.4,1302,41.5,31,0,0,0,0,0,0
7107,M56754,M,298.9,309.2,1644,34.0,252,0,0,0,0,0,0
7108,L78511,L,300.8,310.9,1460,32.2,170,0,0,0,0,0,0
7109,L17404,L,299.8,309.4,1183,30.6,158,0,0,0,0,0,0
7110,L47385,L,302.1,312.4,1768,48.9,149,0,0,0,0,0,0
7111,H13163,H,301.1,312.9,1000,36.5,38,0,0,0,0,0,0
7112,L65641,L,300.9,313.2,1485,38.2,67,0,0,0,0,0,0
7113,M91248,M,300.6,310.4,1542,44.3,109,0,0,0,0,0,0
7114,L92575,L,299.1,308.6,1085,51.4,113,0,0,0,0,0,0
7115,M16172,M,299.4,308.6,1579,30.8,246,0,0,0,0,0,0
7116,M74104,M,300.5,313.2,1379,42.2,11,0,0,0,0,0,0
7117,L81512,L,299.7,309.8,1455,30.9,4,0,0,0,0,0,0
7118,M84857,M,302.2,313.3,1742,37.9,231,0,0,0,0,0,0
7119,L14298,L,300.2,310.9,1526,50.7,222,0,0,0,0,0,0
7120,M22000,M,300.8,313.0,1437,16.5,73,1,0,0,1,0,0
7121,L43521,L,297.2,306.9,1469,30.8,81,0,0,0,0,0,0
7122,L15469,L,301.9,310.8,1820,37.7,150,0,0,0,0,0,0
7123,H40961,H,298.8,310.7,1573,43.8,51,0,0,0,0,0,0
7124,M31776,M,297.9,308.8,1341,52.2,221,0,0,0,0,0,0
7125,L87248,L,303.3,313.7,1412,23.0,68,0,0,0,0,0,0
7126,H90746,H,301.4,312.9,1286,54.2,15,0,0,0,0,0,0
7127,L36118,L,302.0,312.5,1419,45.2,135,0,0,0,0,0,0
7128,L75692,L,300.9,312.5,1789,37.6,186,0,0,0,0,0,0
7129,M12028,M,299.8,310.1,1470,25.3,242,1,1,0,0,0,0
7130,L44278,L,299.4,310.3,1259,34.3,158,0,0,0,0,0,0
7131,L92108,L,301.6,312.1,1578,50.3,26,0,0,0,0,0,0
7132,M91954,M,302.3,311.9,1429,40.3,168,0,0,0,0,0,0
7133,L44703,L,299.9,309.7,1601,38.2,23,0,0,0,0,0,0
7134,L68984,L,304.1,313.8,1456,30.3,49,0,0,0,0,0,0
7135,L14563,L,299.6,309.9,1760,47.3,75,0,0,0,0,0,0
7136,M82006,M,297.2,306.8,1336,38.5,14,0,0,0,0,0,0
7137,L31943,L,296.6,307.0,1290,37.6,93,0,0,0,0,0,0
7138,L17909,L,296.6,307.0,1669,39.0,194,0,0,0,0,0,0
7139,M58223,M,299.2,309.4,1139,33.5,14,0,0,0,0,0,0
7140,L84851,L,299.5,309.8,1469,31.8,125,0,0,0,0,0,0
7141,L66194,L,301.4,310.8,1644,24.8,57,0,0,0,0,0,0
7142,M54073,M,299.9,309.7,1105,33.8,143,0,0,0,0,0,0
7143,M34386,M,301.7,310.0,1512,22.0,125,0,0,0,0,0,0
7144,L17625,L,300.1,310.0,1231,44.9,42,0,0,0,0,0,0
7145,M12934,M,300.0,309.0,1168,33.3,216,0,0,0,0,0,0
7146,M13500,M,298.8,308.9,1308,36.1,127,0,0,0,0,0,0
7147,L40914,L,302.8,312.1,1467,39.6,249,0,0,0,0,0,0
7148,M60978,M,296.9,304.9,1373,32.0,249,0,0,0,0,0,0
7149,M10729,M,300.6,312.9,1699,28.2,64,0,0,0,0,0,0
7150,M62827,M,299.6,309.4,1515,42.2,223,0,0,0,0,0,0
7151,L75800,L,301.6,313.0,1412,58.9,182,0,0,0,0,0,0
7152,M26303,M,300.0,309.4,1264,49.1,109,0,0,0,0,0,0
7153,H49799,H,300.0,311.7,1540,52.8,206,0,0,0,0,0,0
7154,L37617,L,299.5,308.3,1871,27.0,106,0,0,0,0,0,0
7155,M80245,M,302.8,313.0,1373,38.1,125,0,0,0,0,0,0
7156,M45493,M,300.0,308.9,1395,38.0,94,0,0,0,0,0,0
7157,M81149,M,303.9,316.5,1309,54.3,213,0,0,0,0,0,0
7158,H10970,H,300.5,310.3,1713,49.2,229,0,0,0,0,0,0
7159,L91305,L,300.0,310.9,1667,38.4,38,0,0,0,0,0,0
7160,L97324,L,299.7,310.2,1420,17.1,149,1,0,0,1,0,0
7161,L71450,L,301.1,311.1,1392,28.4,30,0,0,0,0,0,0
7162,L84665,L,298.8,309.3,1330,46.3,224,0,0,0,0,0,0
7163,L74550,L,300.3,311.7,1448,36.8,56,0,0,0,0,0,0
7164,M32524,M,300.0,310.7,1684,38.9,9,0,0,0,0,0,0
7165,H22987,H,300.7,310.8,1507,46.1,189,0,0,0,0,0,0
7166,L85997,L,300.7,311.2,1732,51.3,169,0,0,0,0,0,0
7167,M10008,M,300.8,312.7,1370,32.2,104,0,0,0,0,0,0
7168,L64840,L,300.2,309.8,1084,45.9,157,0,0,0,0,0,0
7169,L12129,L,303.1,311.3,1969,56.1,195,1,0,0,1,0,0
7170,L26099,L,300.8,309.7,1539,54.3,43,0,0,0,0,0,0
7171,L39352,L,305.2,314.2,1640,34.7,77,0,0,0,0,0,0
7172,L81075,L,300.1,309.2,1358,42.9,123,0,0,0,0,0,0
7173,M18803,M,301.9,311.1,1255,47.5,160,0,0,0,0,0,0
7174,M18664,M,298.5,308.5,1528,40.2,155,0,0,0,0,0,0
7175,L31430,L,302.8,313.0,1141,37.5,125,0,0,0,0,0,0
7176,L48148,L,298.6,308.8,1452,22.7,167,0,0,0,0,0,0
7177,L36867,L,300.9,310.2,1684,31.3,5,0,0,0,0,0,0
7178,H77896,H,299.5,310.5,1581,33.0,82,0,0,0,0,0,0
7179,H53740,H,300.9,311.4,1546,27.4,145,0,0,0,0,0,0
7180,L90769,L,299.5,311.1,1814,41.1,77,0,0,0,0,0,0
7181,L89767,L,298.4,309.3,1568,48.7,238,1,1,0,0,0,0
7182,L35843,L,299.5,309.1,1157,35.8,244,0,0,0,0,0,0
7183,M76947,M,303.1,314.4,1473,18.0,94,1,0,0,1,0,0
7184,L64300,L,300.9,311.2,1847,38.8,59,0,0,0,0,0,0
7185,L67498,L,297.4,308.2,1444,42.7,57,0,0,0,0,0,0
7186,L85784,L,302.2,312.9,1836,42.1,112,0,0,0,0,0,0
7187,L26882,L,298.2,308.1,1684,32.8,242,1,1,0,0,0,0
7188,L87904,L,301.5,311.6,1426,28.0,60,0,0,0,0,0,0
7189,L61370,L,301.1,311.0,1306,48.9,84,0,0,0,0,0,0
7190,M10302,M,301.2,310.4,1561,43.5,141,0,0,0,0,0,0
7191,L45888,L,303.7,311.6,1729,33.2,144,0,0,0,0,0,0
7192,L18521,L,298.3,307.6,1216,25.0,168,1,0,0,1,0,0
7193,L39739,L,301.2,311.4,1522,42.2,184,0,0,0,0,0,0
7194,L27021,L,302.5,313.6,1133,31.0,200,0,0,0,0,0,0
7195,M68968,M,298.7,309.5,1439,43.8,124,0,0,0,0,0,0
7196,H11144,H,298.5,308.2,1202,41.6,18,0,0,0,0,0,0
7197,L17732,L,299.4,308.7,1601,60.8,171,1,0,0,1,0,0
7198,M90453,M,300.6,310.5,1376,39.2,150,0,0,0,0,0,0
7199,M46436,M,297.2,306.2,1708,60.0,54,1,0,0,1,0,0
7200,M15976,M,301.1,309.0,1403,40.8,216,0,0,0,0,0,0
7201,L80483,L,297.2,305.6,1386,33.3,188,0,0,0,0,0,0
7202,L92370,L,302.6,314.0,1209,29.4,107,0,0,0,0,0,0
7203,L39166,L,301.0,312.9,1570,31.2,245,1,1,0,0,0,0
7204,H37534,H,303.8,314.6,1589,44.3,171,0,0,0,0,0,0
7205,M60970,M,301.3,311.3,1669,41.3,235,0,0,0,0,0,0
7206,L16699,L,299.4,308.0,1618,21.6,184,0,0,0,0,0,0
7207,L99126,L,298.4,308.2,1572,50.2,180,0,0,0,0,0,0
7208,L44013,L,300.5,311.1,1607,54.8,55,0,0,0,0,0,0
7209,L32857,L,299.9,310.8,1625,21.5,106,0,0,0,0,0,0
7210,M75531,M,302.4,313.1,1663,50.1,161,0,0,0,0,0,0
7211,L45249,L,298.1,309.4,1225,56.8,210,0,0,0,0,0,0
7212,M22134,M,304.0,316.0,1417,22.0,231,1,1,0,1,0,0
7213,M52417,M,302.5,312.1,1208,35.3,21,0,0,0,0,0,0
7214,M95865,M,299.6,312.4,1560,31.5,181,0,0,0,0,0,0
7215,M54383,M,303.6,311.6,1793,49.7,67,0,0,0,0,0,0
7216,L25915,L,298.4,307.7,1661,35.9,180,0,0,0,0,0,0
7217,M29907,M,300.4,310.6,1391,35.5,80,0,0,0,0,0,0
7218,M90873,M,297.4,308.0,1591,44.2,144,0,0,0,0,0,0
7219,L79203,L,303.7,313.5,1563,55.6,133,0,0,0,0,0,0
7220,L11290,L,296.7,306.2,1542,39.4,221,0,0,0,0,0,0
7221,L29507,L,297.1,309.3,1265,35.3,165,0,0,0,0,0,0
7222,L76253,L,298.7,308.2,1737,37.2,61,0,0,0,0,0,0
7223,L37005,L,302.6,311.6,1288,46.6,159,0,0,0,0,0,0
7224,L53758,L,301.9,313.6,1434,26.7,162,0,0,0,0,0,0
7225,M88873,M,300.2,311.1,1673,39.8,92,0,0,0,0,0,0
7226,L79082,L,302.0,313.1,1433,30.6,66,0,0,0,0,0,0
7227,L70554,L,299.8,310.0,1514,28.0,230,0,0,0,0,0,0
7228,L69129,L,300.8,309.5,1522,20.6,39,1,0,0,1,0,0
7229,L32182,L,303.3,313.4,1512,34.9,36,0,0,0,0,0,0
7230,H27585,H,299.5,308.0,1521,50.8,149,0,0,0,0,0,0
7231,L83651,L,298.5,308.7,1539,20.2,78,1,0,0,1,0,0
7232,L14444,L,300.9,311.6,1513,45.4,128,0,0,0,0,0,0
7233,L68327,L,301.5,312.6,1339,33.5,68,0,0,0,0,0,0
7234,L46391,L,300.2,310.1,1221,29.4,93,0,0,0,0,0,0
7235,M12457,M,302.0,312.8,1680,43.4,103,0,0,0,0,0,0
7236,M62143,M,299.6,308.7,1688,53.1,142,0,0,0,0,0,0
7237,L21917,L,300.3,311.2,1561,55.0,20,0,0,0,0,0,0
7238,M86489,M,300.7,311.4,1559,42.8,109,0,0,0,0,0,0
7239,L32359,L,300.6,309.8,1335,39.3,174,0,0,0,0,0,0
7240,M31259,M,303.2,313.8,1061,43.9,179,0,0,0,0,0,0
7241,L70981,L,300.7,311.8,1455,64.8,69,1,0,0,1,0,0
7242,L37114,L,299.4,309.5,1158,37.1,137,0,0,0,0,0,0
7243,M43009,M,301.1,310.2,1533,51.3,97,0,0,0,0,0,0
7244,M40596,M,302.0,312.2,1735,34.1,9,0,0,0,0,0,0
7245,L55557,L,301.5,312.1,1389,31.7,109,0,0,0,0,0,0
7246,H75178,H,301.4,310.6,1399,57.7,170,0,0,0,0,0,0
7247,M80094,M,297.0,306.0,1319,40.0,239,0,0,0,0,0,0
7248,L21317,L,295.0,305.5,1508,42.2,28,0,0,0,0,0,0
7249,M52203,M,302.6,313.4,1494,45.5,108,0,0,0,0,0,0
7250,M56954,M,300.9,313.0,1317,31.1,238,0,0,0,0,0,0
7251,L95630,L,300.0,310.6,1664,35.6,119,0,0,0,0,0,0
7252,L63139,L,301.4,310.2,1986,33.6,226,0,0,0,0,0,0
7253,M84600,M,303.9,315.9,1714,43.3,173,0,0,0,0,0,0
7254,M56948,M,302.8,313.9,1480,43.7,219,0,0,0,0,0,0
7255,L56315,L,301.9,309.9,1478,34.0,192,0,0,0,0,0,0
7256,L58991,L,298.2,307.2,1408,60.3,18,0,0,0,0,0,0
7257,L18788,L,298.5,308.0,1404,39.7,193,0,0,0,0,0,0
7258,H49055,H,295.2,306.1,1672,41.0,32,0,0,0,0,0,0
7259,M95256,M,301.3,308.9,1680,53.4,189,0,0,0,0,0,0
7260,L98749,L,302.2,312.1,1289,31.3,106,0,0,0,0,0,0
7261,M25625,M,302.4,313.2,1566,34.8,173,0,0,0,0,0,0
7262,M50557,M,301.4,308.5,1700,42.9,15,0,0,0,0,0,0
7263,L83396,L,299.7,310.4,1437,25.2,29,0,0,0,0,0,0
7264,L85318,L,298.9,309.7,1462,37.6,27,0,0,0,0,0,0
7265,L67766,L,298.3,307.5,1625,60.5,95,1,0,0,1,0,0
7266,L59888,L,299.7,308.5,1630,58.3,43,1,0,0,1,0,0
7267,L88886,L,298.0,307.2,1577,49.0,2,0,0,0,0,0,0
7268,M65018,M,303.5,310.8,1546,51.8,222,0,0,0,0,0,0
7269,H81383,H,297.4,307.1,1570,44.9,190,0,0,0,0,0,0
7270,L83136,L,299.6,309.8,1450,35.7,144,0,0,0,0,0,0
7271,M34070,M,296.1,304.9,1299,56.4,183,0,0,0,0,0,0
7272,H98353,H,300.6,311.6,1220,30.5,77,0,0,0,0,0,0
7273,L43512,L,300.0,310.1,1607,49.7,179,0,0,0,0,0,0
7274,L22726,L,299.3,309.5,1519,34.9,132,0,0,0,0,0,0
7275,M31492,M,298.1,307.7,1582,35.5,22,0,0,0,0,0,0
7276,M62309,M,300.0,310.7,1351,45.4,168,0,0,0,0,0,0
7277,L92626,L,298.9,310.2,1518,60.3,251,1,0,0,1,1,0
7278,M26410,M,299.7,309.3,1514,54.3,65,0,0,0,0,0,0
7279,M70902,M,303.9,314.7,1730,43.4,1,0,0,0,0,0,0
7280,M14303,M,300.3,311.1,1653,40.6,190,0,0,0,0,0,0
7281,M55645,M,301.1,311.5,1367,47.8,71,0,0,0,0,0,0
7282,L90846,L,299.1,310.7,1591,53.7,103,0,0,0,0,0,0
7283,L68411,L,298.4,307.7,1366,22.4,2,1,0,0,1,0,0
7284,L99425,L,300.0,309.5,1030,38.7,16,0,0,0,0,0,0
7285,H95976,H,305.0,314.2,1811,29.5,179,0,0,0,0,0,0
7286,H72120,H,299.4,310.2,1433,37.8,244,1,1,0,0,0,0
7287,M11660,M,300.7,310.5,1687,27.4,149,0,0,0,0,0,0
7288,L46511,L,298.3,307.6,1381,21.9,213,1,0,0,1,0,0
7289,L20596,L,294.5,306.2,1355,26.8,52,0,0,0,0,0,0
7290,L78058,L,298.4,310.2,1402,34.5,17,0,0,0,0,0,0
7291,L24852,L,304.8,314.4,1545,45.9,88,0,0,0,0,0,0
7292,L98853,L,301.2,309.8,1532,31.9,53,0,0,0,0,0,0
7293,M66736,M,303.3,315.1,1590,31.3,156,0,0,0,0,0,0
7294,L92303,L,299.3,309.8,1411,44.0,242,0,0,0,0,0,0
7295,M82810,M,295.3,305.7,1507,42.9,58,0,0,0,0,0,0
7296,H87644,H,297.8,307.9,1348,57.0,228,0,0,0,0,0,0
7297,M14281,M,300.8,310.0,1764,49.3,136,0,0,0,0,0,0
7298,L56286,L,300.5,310.1,1263,29.7,26,0,0,0,0,0,0
7299,H91131,H,300.0,310.7,1352,33.3,136,0,0,0,0,0,0
7300,M29384,M,298.9,308.5,1424,47.5,118,0,0,0,0,0,0
7301,L43149,L,301.9,312.3,1930,31.1,190,0,0,0,0,0,0
7302,M22029,M,299.0,309.0,1638,36.8,189,0,0,0,0,0,0
7303,M56187,M,300.6,309.6,1346,22.9,162,1,0,0,1,0,0
7304,L16421,L,300.4,312.0,1648,26.9,169,0,0,0,0,0,0
7305,L18217,L,299.3,309.9,1593,52.6,154,0,0,0,0,0,0
7306,L40694,L,298.2,308.6,1549,41.7,60,0,0,0,0,0,0
7307,L81357,L,299.1,309.7,1625,33.7,234,0,0,0,0,0,0
7308,M13608,M,303.7,312.0,1510,35.1,54,0,0,0,0,0,0
7309,L85370,L,302.2,311.7,1531,57.2,151,0,0,0,0,0,0
7310,L70819,L,302.0,310.5,1220,33.4,196,0,0,0,0,0,0
7311,L95460,L,298.4,308.6,1760,44.7,21,0,0,0,0,0,0
7312,L84267,L,297.1,307.5,1419,48.7,114,0,0,0,0,0,0
7313,L77418,L,302.2,312.3,1277,54.4,8,0,0,0,0,0,0
7314,M81724,M,301.8,313.0,1409,31.5,57,0,0,0,0,0,0
7315,L74399,L,300.3,308.8,1416,26.0,161,0,0,0,0,0,0
7316,L17642,L,299.3,308.5,1356,29.0,231,0,0,0,0,0,0
7317,M68541,M,297.1,307.5,1640,47.3,77,0,0,0,0,0,0
7318,H28004,H,301.7,312.0,1675,59.9,211,1,0,0,1,0,0
7319,L25392,L,302.4,311.1,1147,47.7,133,0,0,0,0,0,0
7320,L97159,L,298.6,309.8,1407,33.4,192,0,0,0,0,0,0
7321,L91414,L,298.5,310.0,1420,51.9,205,0,0,0,0,0,0
7322,L99761,L,302.5,312.9,1469,35.3,161,0,0,0,0,0,0
7323,L10815,L,298.7,307.2,1807,31.7,107,0,0,0,0,0,0
7324,H97474,H,303.6,313.7,1354,36.7,148,0,0,0,0,0,0
7325,M10337,M,299.8,310.1,1781,34.2,175,0,0,0,0,0,0
7326,L93094,L,299.2,309.0,1474,33.0,218,0,0,0,0,0,0
7327,H21801,H,300.1,311.4,1783,52.2,139,1,0,0,1,0,0
7328,L23080,L,299.2,309.1,1444,34.8,221,0,0,0,0,0,0
7329,L13906,L,302.3,314.4,1423,24.1,98,0,0,0,0,0,0
7330,L81065,L,301.8,312.6,1496,45.9,192,0,0,0,0,0,0
7331,L82266,L,302.2,312.5,1733,30.5,154,0,0,0,0,0,0
7332,M29121,M,300.4,311.3,1528,30.8,20,0,0,0,0,0,0
7333,L82159,L,299.1,310.6,1538,47.0,127,0,0,0,0,0,0
7334,M33161,M,300.0,310.9,1615,32.7,193,0,0,0,0,0,0
7335,L88016,L,299.1,309.1,1342,35.5,170,0,0,0,0,0,0
7336,H54191,H,302.9,312.3,1561,40.4,143,0,0,0,0,0,0
7337,M61499,M,302.0,310.9,1387,37.1,201,0,0,0,0,0,0
7338,L82267,L,299.8,307.4,1765,35.7,229,0,0,0,0,0,0
7339,L52716,L,298.1,308.3,1575,16.6,36,1,0,0,1,0,0
7340,H49884,H,303.1,312.7,1625,38.3,65,0,0,0,0,0,0
7341,L62392,L,300.3,309.9,1133,56.1,250,1,0,0,0,1,0
7342,L30268,L,299.7,310.8,1627,46.3,61,0,0,0,0,0,0
7343,M50854,M,303.1,313.0,1468,36.2,209,0,0,0,0,0,0
7344,L91858,L,299.0,310.9,1241,44.7,135,0,0,0,0,0,0
7345,L67730,L,299.4,308.8,1517,46.3,97,0,0,0,0,0,0
7346,L35728,L,299.5,308.6,1227,31.6,184,0,0,0,0,0,0
7347,L92752,L,297.4,306.1,1610,52.6,191,0,0,0,0,0,0
7348,L79568,L,300.6,311.4,1758,41.6,69,0,0,0,0,0,0
7349,L97743,L,298.5,309.6,1178,36.9,3,0,0,0,0,0,0
7350,L78865,L,298.9,308.3,1495,55.9,197,0,0,0,0,0,0
7351,L11545,L,298.6,307.5,1470,19.3,174,1,0,0,1,0,0
7352,L18161,L,298.8,310.4,1142,28.2,30,0,0,0,0,0,0
7353,H10138,H,298.3,306.9,1665,46.4,9,0,0,0,0,0,0
7354,L50098,L,300.5,311.5,1613,46.7,167,0,0,0,0,0,0
7355,L51424,L,299.7,309.1,1865,56.5,152,1,0,0,1,0,0
7356,L21858,L,300.1,310.5,1589,17.4,193,1,0,0,1,0,0
7357,M18763,M,304.7,315.8,1342,48.6,221,0,0,0,0,0,0
7358,L75125,L,299.7,310.2,1593,27.5,168,0,0,0,0,0,0
7359,L74485,L,301.2,310.9,1731,44.2,161,0,0,0,0,0,0
7360,M76820,M,301.4,312.8,1416,39.3,132,0,0,0,0,0,0
7361,L64981,L,299.9,310.2,1653,48.5,143,0,0,0,0,0,0
7362,M37137,M,300.5,314.2,1076,37.6,246,0,0,0,0,0,0
7363,M60875,M,300.0,308.3,1766,50.1,12,0,0,0,0,0,0
7364,M71343,M,300.4,308.7,1644,31.7,138,0,0,0,0,0,0
7365,L77299,L,298.8,309.8,1042,39.2,63,0,0,0,0,0,0
7366,L47413,L,299.0,309.0,1569,41.9,184,0,0,0,0,0,0
7367,L27497,L,300.0,310.8,1142,56.8,189,0,0,0,0,0,0
7368,M60476,M,296.1,305.0,1390,48.3,67,0,0,0,0,0,0
7369,H89081,H,303.0,313.0,1622,42.0,192,0,0,0,0,0,0
7370,H71694,H,304.3,314.8,1476,46.4,163,0,0,0,0,0,0
7371,L73354,L,300.3,309.8,1726,50.9,239,0,0,0,0,0,0
7372,M85526,M,301.3,311.6,1511,43.7,206,0,0,0,0,0,0
7373,L70085,L,302.2,310.8,1493,29.7,195,0,0,0,0,0,0
7374,M54382,M,297.4,307.7,1698,46.3,36,0,0,0,0,0,0
7375,L70196,L,301.9,313.3,1439,39.7,250,1,1,0,0,0,0
7376,L73186,L,299.1,307.9,1495,36.5,201,0,0,0,0,0,0
7377,L50072,L,304.6,313.3,1519,32.1,213,0,0,0,0,0,0
7378,H34977,H,299.6,310.8,1488,45.8,190,0,0,0,0,0,0
7379,L44462,L,301.8,310.5,1709,45.1,216,0,0,0,0,0,0
7380,L52020,L,299.6,310.5,1380,30.4,154,0,0,0,0,0,0
7381,L70297,L,304.4,314.4,1351,28.9,3,0,0,0,0,0,0
7382,L17858,L,299.0,308.6,1309,58.9,117,0,0,0,0,0,0
7383,H70574,H,302.3,313.8,1114,48.6,63,0,0,0,0,0,0
7384,L53413,L,301.3,312.2,1767,40.9,79,0,0,0,0,0,0
7385,L19096,L,300.8,311.1,1338,46.1,70,0,0,0,0,0,0
7386,M43480,M,300.5,308.3,1457,35.3,160,0,0,0,0,0,0
7387,L77575,L,298.7,309.4,1780,38.3,199,0,0,0,0,0,0
7388,L92900,L,294.8,303.8,1474,40.2,220,0,0,0,0,0,0
7389,L82138,L,302.1,311.9,1593,49.6,221,0,0,0,0,0,0
7390,L33603,L,299.0,309.0,1244,25.9,5,0,0,0,0,0,0
7391,L61070,L,302.3,314.2,1752,29.8,191,0,0,0,0,0,0
7392,L99525,L,300.7,310.5,1478,27.8,235,0,0,0,0,0,0
7393,L54116,L,302.4,311.0,1317,48.5,196,0,0,0,0,0,0
7394,M28946,M,301.6,313.1,1317,39.0,29,0,0,0,0,0,0
7395,M56170,M,295.1,305.8,1804,30.8,242,1,1,0,0,0,0
7396,M63890,M,301.2,312.0,1394,37.8,127,0,0,0,0,0,0
7397,L30112,L,299.3,310.8,1321,33.7,145,0,0,0,0,0,0
7398,L39456,L,302.3,314.1,1422,25.7,72,0,0,0,0,0,0
7399,H97853,H,301.2,310.3,1508,52.6,214,0,0,0,0,0,0
7400,M91022,M,301.2,309.8,1527,38.5,222,0,0,0,0,0,0
7401,L88821,L,299.5,310.3,1580,52.8,206,0,0,0,0,0,0
7402,L53427,L,298.2,307.9,1542,25.5,52,0,0,0,0,0,0
7403,L86134,L,299.1,309.0,1616,45.0,32,0,0,0,0,0,0
7404,L33702,L,296.4,305.3,1451,25.6,247,0,0,0,0,0,0
7405,L38137,L,298.8,309.4,1873,64.5,221,1,0,0,1,1,0
7406,L25219,L,297.1,307.5,1412,22.7,217,0,0,0,0,0,0
7407,H72394,H,297.1,307.0,1743,58.0,197,1,0,0,1,0,0
7408,L77244,L,300.2,308.8,1392,39.8,27,0,0,0,0,0,0
7409,L66765,L,301.1,312.3,1243,38.2,130,0,0,0,0,0,0
7410,L90355,L,299.9,310.2,1200,45.9,29,0,0,0,0,0,0
7411,M28556,M,299.0,310.1,1555,30.6,107,0,0,0,0,0,0
7412,M79008,M,298.1,306.0,1709,47.9,41,0,0,0,0,0,0
7413,L98103,L,299.4,309.4,1293,48.6,121,0,0,0,0,0,0
7414,L56685,L,298.4,307.6,1342,40.1,170,0,0,0,0,0,0
7415,M55738,M,299.9,309.9,1570,42.5,213,0,0,0,0,0,0
7416,M92858,M,297.0,307.9,1500,59.3,20,0,0,0,0,0,0
7417,L21800,L,301.4,311.8,1395,46.5,226,0,0,0,0,0,0
7418,M56057,M,298.9,308.9,1270,32.2,48,0,0,0,0,0,0
7419,L56667,L,300.8,310.8,1556,47.5,239,1,1,0,0,0,0
7420,L29922,L,301.8,310.2,1618,34.6,122,0,0,0,0,0,0
7421,L19174,L,300.7,309.7,1589,32.7,14,0,0,0,0,0,0
7422,L31000,L,301.6,312.7,1505,45.1,200,0,0,0,0,0,0
7423,L80250,L,295.9,305.4,1310,29.9,12,0,0,0,0,0,0
7424,L67713,L,299.0,310.2,1557,40.5,159,0,0,0,0,0,0
7425,M81786,M,302.2,313.0,1543,46.7,202,0,0,0,0,0,0
7426,L83290,L,301.0,311.9,1264,59.1,117,0,0,0,0,0,0
7427,H84218,H,303.7,314.0,1446,46.4,172,0,0,0,0,0,0
7428,L72875,L,303.4,313.0,1566,25.3,145,0,0,0,0,0,0
7429,L16838,L,300.6,310.4,1486,26.9,18,0,0,0,0,0,0
7430,H21066,H,299.5,310.1,1147,57.3,175,0,0,0,0,0,0
7431,M22180,M,298.1,306.0,1385,33.7,241,0,0,0,0,0,0
7432,M51584,M,299.0,310.3,1373,24.8,87,0,0,0,0,0,0
7433,M19360,M,299.2,308.7,1601,30.0,32,0,0,0,0,0,0
7434,L15800,L,298.8,308.7,1968,47.9,65,1,0,0,1,0,0
7435,L68459,L,298.2,308.1,1524,41.1,161,0,0,0,0,0,0
7436,L92829,L,300.8,310.8,1284,46.5,249,0,0,0,0,0,0
7437,L35917,L,303.4,312.1,1471,39.7,205,0,0,0,0,0,0
7438,L19290,L,301.9,312.0,1502,29.0,198,0,0,0,0,0,0
7439,L23855,L,299.4,309.9,1636,22.1,91,0,0,0,0,0,0
7440,H92062,H,302.0,310.0,1724,31.7,154,0,0,0,0,0,0
7441,M98215,M,300.7,309.4,1750,41.2,102,0,0,0,0,0,0
7442,M42205,M,299.9,310.8,1597,28.2,15,0,0,0,0,0,0
7443,M53652,M,299.8,310.5,1500,49.8,124,0,0,0,0,0,0
7444,L62625,L,299.6,309.9,1767,30.0,139,0,0,0,0,0,0
7445,L54854,L,301.3,310.6,1437,23.5,214,0,0,0,0,0,0
7446,M73434,M,300.3,311.0,1510,40.0,193,0,0,0,0,0,0
7447,M61931,M,298.5,307.3,1456,47.6,115,0,0,0,0,0,0
7448,L85040,L,298.4,308.3,1116,54.9,126,0,0,0,0,0,0
7449,L54793,L,300.6,309.3,1729,23.9,201,0,0,0,0,0,0
7450,L74202,L,300.9,310.7,1622,54.2,73,0,0,0,0,0,0
7451,L32923,L,299.4,308.3,1073,41.9,91,0,0,0,0,0,0
7452,L55370,L,297.7,308.5,1680,33.8,229,1,1,0,0,0,0
7453,L71166,L,302.5,312.9,1445,46.8,192,0,0,0,0,0,0
7454,M33548,M,302.1,311.5,1678,53.6,239,0,0,0,0,0,0
7455,H62683,H,296.0,307.1,1514,23.2,222,0,0,0,0,0,0
7456,L28076,L,302.7,311.7,1256,35.7,193,0,0,0,0,0,0
7457,M85785,M,299.6,309.5,1505,34.6,66,0,0,0,0,0,0
7458,M71265,M,300.4,309.8,1338,46.3,132,0,0,0,0,0,0
7459,L46226,L,302.3,313.0,1280,54.6,105,0,0,0,0,0,0
7460,M45981,M,303.3,313.9,1656,40.7,99,0,0,0,0,0,0
7461,L79629,L,302.0,313.3,1570,37.1,197,0,0,0,0,0,0
7462,L75032,L,300.5,310.6,1770,44.5,98,0,0,0,0,0,0
7463,L97671,L,297.2,304.3,1429,37.7,37,0,0,0,0,0,0
7464,H80226,H,295.9,305.5,1327,18.3,88,1,0,0,1,0,0
7465,H44791,H,301.8,313.3,1615,45.2,204,0,0,0,0,0,0
7466,L32543,L,302.7,312.4,1350,49.9,128,0,0,0,0,0,0
7467,L73188,L,298.4,306.5,1444,50.7,3,0,0,0,0,0,0
7468,L12227,L,299.5,309.9,1595,28.4,158,0,0,0,0,0,0
7469,M13249,M,298.9,309.4,1477,46.1,44,0,0,0,0,0,0
7470,L54981,L,298.8,308.1,1412,55.3,27,0,0,0,0,0,0
7471,L92024,L,302.1,311.9,1248,65.3,77,0,0,0,0,0,0
7472,M39188,M,300.4,309.6,1669,44.8,195,0,0,0,0,0,0
7473,L74233,L,299.5,310.1,1434,49.8,13,0,0,0,0,0,0
7474,L19282,L,305.3,315.4,1611,30.1,52,0,0,0,0,0,0
7475,L66738,L,297.1,306.0,1587,28.8,51,0,0,0,0,0,0
7476,L48781,L,301.1,311.1,1696,49.9,208,0,0,0,0,0,0
7477,L19443,L,297.9,307.2,1458,19.6,63,1,0,0,1,0,0
7478,L45097,L,299.7,311.1,1437,41.6,147,0,0,0,0,0,0
7479,L98118,L,300.3,311.2,1301,54.3,32,0,0,0,0,0,0
7480,H30285,H,301.7,311.6,1402,47.1,200,0,0,0,0,0,0
7481,L91702,L,299.5,309.6,1561,47.1,66,0,0,0,0,0,0
7482,H39548,H,299.3,310.3,1353,39.5,117,0,0,0,0,0,0
7483,L37131,L,299.4,309.3,1557,35.9,84,0,0,0,0,0,0
7484,M14107,M,297.8,308.6,1764,61.5,166,1,0,0,1,0,0
7485,L15978,L,301.3,312.7,1420,52.3,65,0,0,0,0,0,0
7486,M96646,M,300.6,310.1,1263,48.5,0,0,0,0,0,0,0
7487,L46420,L,300.9,312.5,1426,40.3,133,0,0,0,0,0,0
7488,L74585,L,299.9,311.2,1244,34.2,247,1,1,0,0,0,0
7489,L12874,L,299.6,309.9,1740,50.8,210,0,0,0,0,0,0
7490,L26456,L,302.4,311.9,1515,36.9,251,0,0,0,0,0,0
7491,H58633,H,302.0,312.3,1369,40.8,113,0,0,0,0,0,0
7492,H60872,H,302.8,312.6,1399,46.2,144,0,0,0,0,0,0
7493,M76364,M,300.7,310.0,1287,42.1,202,0,0,0,0,0,0
7494,L69202,L,302.7,313.2,1682,55.5,85,1,0,0,1,0,0
7495,M49217,M,299.2,308.1,1831,26.8,29,0,0,0,0,0,0
7496,M57726,M,299.6,309.3,1231,40.7,43,0,0,0,0,0,0
7497,L86377,L,302.4,312.1,1688,61.4,244,1,0,0,1,1,0
7498,L64466,L,301.7,310.3,1456,49.0,200,0,0,0,0,0,0
7499,M90236,M,299.4,310.1,1728,38.0,73,0,0,0,0,0,0
7500,L88232,L,297.9,307.7,1170,48.0,198,0,0,0,0,0,0
7501,L97527,L,299.6,310.9,1541,39.5,178,0,0,0,0,0,0
7502,M90149,M,298.6,308.4,1427,54.7,119,0,0,0,0,0,0
7503,L56512,L,303.4,313.0,1619,48.2,6,0,0,0,0,0,0
7504,L12471,L,301.5,310.6,1511,31.3,184,0,0,0,0,0,0
7505,L59053,L,298.5,308.5,1504,42.4,73,0,0,0,0,0,0
7506,M56349,M,297.9,308.0,1481,44.2,69,0,0,0,0,0,0
7507,H93238,H,298.4,309.2,1781,44.7,133,0,0,0,0,0,0
7508,M51198,M,298.9,308.9,1469,43.2,67,0,0,0,0,0,0
7509,M78860,M,299.7,311.8,1656,45.6,181,0,0,0,0,0,0
7510,L13712,L,302.2,312.7,1613,44.2,74,0,0,0,0,0,0
7511,M27257,M,298.1,307.1,1660,32.8,204,0,0,0,0,0,0
7512,L91642,L,304.6,313.5,1317,35.4,111,0,0,0,0,0,0
7513,L18615,L,298.1,308.6,1627,37.5,131,0,0,0,0,0,0
7514,M99261,M,297.2,306.2,1561,41.0,9,0,0,0,0,0,0
7515,M62411,M,303.4,314.0,1286,37.5,5,0,0,0,0,0,0
7516,L73883,L,302.6,313.5,1462,51.0,54,0,0,0,0,0,0
7517,M87029,M,299.6,310.6,1913,30.4,88,0,0,0,0,0,0
7518,M34543,M,300.8,309.9,1429,22.7,45,0,0,0,0,0,0
7519,L46574,L,300.8,311.7,1434,59.7,127,0,0,0,0,0,0
7520,L15933,L,300.3,310.6,1581,31.8,152,0,0,0,0,0,0
7521,L63110,L,297.4,306.8,1403,51.0,203,0,0,0,0,0,0
7522,L35433,L,295.0,304.9,1525,46.1,130,0,0,0,0,0,0
7523,L70416,L,298.3,308.8,1419,32.2,93,0,0,0,0,0,0
7524,L64548,L,303.6,313.0,1572,38.7,234,0,0,0,0,0,0
7525,L40671,L,303.7,314.0,1489,37.2,110,0,0,0,0,0,0
7526,L35792,L,299.5,310.9,1851,43.6,71,0,0,0,0,0,0
7527,M45105,M,298.1,309.0,1508,32.3,19,0,0,0,0,0,0
7528,M76879,M,300.6,310.6,1460,38.2,47,0,0,0,0,0,0
7529,L10604,L,300.9,311.1,1685,39.6,175,0,0,0,0,0,0
7530,L98325,L,301.2,310.7,1250,51.0,50,0,0,0,0,0,0
7531,L50516,L,294.9,304.4,1805,35.9,92,0,0,0,0,0,0
7532,L29192,L,306.3,314.8,1322,30.2,7,0,0,0,0,0,0
7533,L29473,L,302.3,312.5,1715,34.6,96,0,0,0,0,0,0
7534,L99382,L,299.6,310.3,1762,43.7,164,0,0,0,0,0,0
7535,L60564,L,298.6,308.5,1405,22.3,55,1,0,0,1,0,0
7536,H54978,H,302.0,311.1,1423,52.0,1,0,0,0,0,0,0
7537,L55946,L,301.0,311.1,1480,40.2,211,0,0,0,0,0,0
7538,M47561,M,300.2,311.5,1612,44.3,182,0,0,0,0,0,0
7539,L31170,L,300.9,311.8,1320,42.2,251,0,0,0,0,0,0
7540,L27750,L,299.8,309.7,1480,33.3,34,0,0,0,0,0,0
7541,H21029,H,300.8,312.9,1444,29.2,171,0,0,0,0,0,0
7542,L16485,L,301.5,314.2,1293,33.0,65,0,0,0,0,0,0
7543,M68924,M,300.7,310.2,1312,24.9,127,0,0,0,0,0,0
7544,H77024,H,300.6,310.3,1523,43.5,189,0,0,0,0,0,0
7545,L47306,L,302.8,313.5,1520,38.4,43,0,0,0,0,0,0
7546,L70435,L,296.8,305.9,1362,24.7,118,0,0,0,0,0,0
7547,L43285,L,298.4,309.3,1514,33.8,68,0,0,0,0,0,0
7548,L78992,L,300.1,310.2,1384,46.5,39,0,0,0,0,0,0
7549,L83961,L,298.5,308.9,1735,52.9,183,1,0,0,1,0,0
7550,L29503,L,299.2,308.6,1481,27.2,65,0,0,0,0,0,0
7551,M67556,M,302.6,311.8,1698,61.6,134,1,0,0,1,0,0
7552,M77307,M,299.7,307.7,1195,30.4,175,1,0,1,0,0,0
7553,L64810,L,296.3,307.8,1558,23.0,112,0,0,0,0,0,0
7554,L66573,L,299.2,310.1,1607,57.6,34,1,0,0,1,0,0
7555,M27471,M,300.1,310.8,1475,29.6,3,0,0,0,0,0,0
7556,H45760,H,300.1,310.4,1403,55.2,97,0,0,0,0,0,0
7557,L14108,L,301.1,308.8,1472,33.4,251,0,0,0,0,0,0
7558,L25570,L,300.9,310.2,1634,37.1,246,1,1,0,0,0,0
7559,M63047,M,299.7,309.5,1282,26.9,113,0,0,0,0,0,0
7560,M69832,M,297.6,306.5,1626,52.8,105,0,0,0,0,0,0
7561,H44624,H,299.1,307.4,1557,51.4,163,0,0,0,0,0,0
7562,L91883,L,298.8,307.8,1453,33.4,211,0,0,0,0,0,0
7563,L52146,L,299.4,309.5,1461,39.3,146,0,0,0,0,0,0
7564,L82125,L,301.4,311.4,1511,46.6,183,0,0,0,0,0,0
7565,L47065,L,300.8,311.7,1799,35.3,6,0,0,0,0,0,0
7566,M98660,M,301.6,313.7,1563,53.6,222,0,0,0,0,0,0
7567,L89282,L,299.2,309.9,1330,38.9,136,0,0,0,0,0,0
7568,M23592,M,303.0,312.8,1422,34.8,125,0,0,0,0,0,0
7569,H94639,H,301.3,313.1,1294,24.2,55,1,0,0,1,0,0
7570,H68318,H,300.2,308.6,1160,27.1,34,1,0,0,1,0,0
7571,M79755,M,301.2,309.1,1291,45.9,93,1,0,1,0,0,0
7572,H42058,H,298.6,307.8,1522,42.4,233,0,0,0,0,0,0
7573,L17736,L,295.8,306.6,1729,48.2,141,0,0,0,0,0,0
7574,L40969,L,298.8,309.0,1679,34.4,104,0,0,0,0,0,0
7575,L28348,L,301.5,310.4,1292,23.6,35,1,0,0,1,0,0
7576,H40180,H,300.2,309.4,1356,35.0,16,0,0,0,0,0,0
7577,H49294,H,299.7,308.5,1331,60.4,153,0,0,0,0,0,0
7578,L69576,L,298.3,307.1,1035,30.4,242,1,0,0,1,0,0
7579,L30040,L,296.1,307.6,1470,39.6,113,0,0,0,0,0,0
7580,L80587,L,302.8,312.7,1645,15.9,60,1,0,0,1,0,0
7581,L23023,L,299.6,311.4,1455,34.8,95,0,0,0,0,0,0
7582,M59707,M,299.1,308.3,1272,35.9,129,0,0,0,0,0,0
7583,L87120,L,298.7,309.1,1348,43.3,191,0,0,0,0,0,0
7584,M72959,M,302.5,312.7,1441,36.8,115,0,0,0,0,0,0
7585,L51645,L,301.8,312.6,1639,24.8,234,1,1,0,0,0,0
7586,L41718,L,298.1,308.3,1467,33.4,162,0,0,0,0,0,0
7587,L67302,L,302.3,313.3,1614,38.0,31,0,0,0,0,0,0
7588,H54930,H,299.7,310.3,1485,30.0,29,0,0,0,0,0,0
7589,M88293,M,298.8,307.7,1543,31.5,140,0,0,0,0,0,0
7590,L24503,L,299.4,310.1,1331,50.1,203,0,0,0,0,0,0
7591,L79374,L,298.4,308.3,1377,33.8,135,0,0,0,0,0,0
7592,H14776,H,297.4,306.6,1274,44.4,203,0,0,0,0,0,0
7593,M95080,M,301.6,312.2,1608,38.2,20,0,0,0,0,0,0
7594,M50933,M,299.6,310.5,1448,27.7,83,0,0,0,0,0,0
7595,M10824,M,301.2,310.8,1000,36.7,12,0,0,0,0,0,0
7596,M97861,M,300.6,310.2,1587,42.9,90,0,0,0,0,0,0
7597,L28568,L,301.1,309.7,1675,57.4,144,1,0,0,1,0,0
7598,M93055,M,295.9,304.1,1354,32.3,234,0,0,0,0,0,0
7599,L75644,L,298.3,308.0,1586,39.1,116,0,0,0,0,0,0
7600,L90747,L,301.1,311.9,1462,49.1,95,0,0,0,0,0,0
7601,H66426,H,297.5,306.9,1119,52.6,172,0,0,0,0,0,0
7602,H42802,H,300.7,312.2,1852,33.5,182,0,0,0,0,0,0
7603,L52751,L,297.2,307.0,1463,38.4,43,0,0,0,0,0,0
7604,L77486,L,300.0,309.8,1536,51.1,177,0,0,0,0,0,0
7605,M51539,M,303.2,312.9,1388,45.1,137,0,0,0,0,0,0
7606,H94285,H,301.5,312.5,1447,50.3,129,0,0,0,0,0,0
7607,M59447,M,296.3,305.3,1529,51.7,248,0,0,0,0,0,0
7608,L15456,L,301.7,311.6,1312,45.5,195,0,0,0,0,0,0
7609,L16445,L,303.6,313.1,1805,41.4,206,0,0,0,0,0,0
7610,M50141,M,305.6,315.0,1651,33.3,208,0,0,0,0,0,0
7611,M12739,M,301.0,311.0,1593,37.6,164,0,0,0,0,0,0
7612,M43485,M,297.3,307.2,1474,38.2,6,0,0,0,0,0,0
7613,M33619,M,300.9,311.9,1363,52.0,93,0,0,0,0,0,0
7614,L85842,L,303.2,313.2,1685,41.8,194,0,0,0,0,0,0
7615,L89175,L,299.6,310.2,1610,41.9,45,0,0,0,0,0,0
7616,M62020,M,302.1,312.3,1428,30.1,242,0,0,0,0,0,0
7617,L82124,L,298.3,309.7,1305,52.0,2,0,0,0,0,0,0
7618,M99836,M,300.7,310.4,1216,32.3,141,0,0,0,0,0,0
7619,M95066,M,295.0,304.7,1505,37.2,21,0,0,0,0,0,0
7620,M15085,M,298.1,308.8,1455,53.1,192,0,0,0,0,0,0
7621,L49568,L,300.0,309.7,1713,48.9,156,0,0,0,0,0,0
7622,M38159,M,299.3,309.8,1679,31.5,102,0,0,0,0,0,0
7623,L32638,L,297.4,309.7,1507,29.2,26,0,0,0,0,0,0
7624,L59790,L,299.0,308.0,1485,38.0,114,0,0,0,0,0,0
7625,L14962,L,300.7,312.2,1293,34.2,88,0,0,0,0,0,0
7626,L29753,L,299.8,309.3,1691,25.3,48,0,0,0,0,0,0
7627,H28170,H,300.1,311.5,1490,32.5,46,0,0,0,0,0,0
7628,H97147,H,301.5,312.1,1609,12.5,214,1,0,0,1,0,0
7629,L92531,L,299.3,309.9,1712,49.0,83,0,0,0,0,0,0
7630,M72438,M,302.7,312.6,1398,48.4,25,0,0,0,0,0,0
7631,L49255,L,298.0,307.8,1351,54.1,40,0,0,0,0,0,0
7632,M64630,M,303.9,313.1,1944,43.5,167,0,0,0,0,0,0
7633,M69086,M,302.2,312.2,1607,35.5,94,0,0,0,0,0,0
7634,L22295,L,299.3,309.1,1450,50.2,14,0,0,0,0,0,0
7635,L28284,L,299.4,309.6,1723,33.0,14,0,0,0,0,0,0
7636,L81198,L,300.4,309.0,1445,26.7,15,0,0,0,0,0,0
7637,L92553,L,301.2,311.2,1559,38.5,187,0,0,0,0,0,0
7638,H97369,H,302.2,313.5,1398,44.1,215,0,0,0,0,0,0
7639,L32537,L,297.3,308.3,1497,31.9,214,0,0,0,0,0,0
7640,L82170,L,300.9,310.9,1451,29.5,138,0,0,0,0,0,0
7641,L70916,L,295.8,308.3,1365,35.8,99,0,0,0,0,0,0
7642,H60904,H,299.6,309.1,1544,44.1,80,0,0,0,0,0,0
7643,L23939,L,302.9,312.8,1385,38.5,189,0,0,0,0,0,0
7644,M71584,M,297.2,305.7,1604,66.4,204,1,0,0,1,1,0
7645,M19069,M,296.8,306.4,1445,38.6,238,0,0,0,0,0,0
7646,L57953,L,300.4,312.2,1190,47.5,249,0,0,0,0,0,0
7647,L40863,L,302.8,312.4,1612,25.5,178,0,0,0,0,0,0
7648,L13338,L,300.7,309.1,1615,45.9,49,0,0,0,0,0,0
7649,L43680,L,296.2,307.1,1906,35.4,243,1,1,0,0,0,0
7650,M88409,M,296.6,307.0,1503,39.9,31,0,0,0,0,0,0
7651,M79423,M,300.2,311.0,1533,56.9,71,0,0,0,0,0,0
7652,L31042,L,297.6,307.3,1586,36.3,211,0,0,0,0,0,0
7653,L76881,L,300.3,309.3,1684,26.9,130,0,0,0,0,0,0
7654,L38215,L,300.4,310.2,1672,28.5,62,0,0,0,0,0,0
7655,L47228,L,299.0,309.6,1557,41.7,133,0,0,0,0,0,0
7656,M92390,M,303.6,313.6,1494,41.2,195,0,0,0,0,0,0
7657,M56177,M,301.2,311.6,1652,40.8,69,0,0,0,0,0,0
7658,M77306,M,302.4,311.9,1487,27.1,127,0,0,0,0,0,0
7659,L98890,L,301.8,312.3,1268,60.3,73,0,0,0,0,0,0
7660,L59532,L,299.7,309.7,1230,54.6,101,0,0,0,0,0,0
7661,L54021,L,299.6,308.9,1447,41.3,54,0,0,0,0,0,0
7662,H32879,H,299.4,309.5,1522,24.8,179,0,0,0,0,0,0
7663,M64180,M,301.4,311.0,1945,55.8,79,1,0,0,1,0,0
7664,H84113,H,298.7,309.3,1478,51.4,128,0,0,0,0,0,0
7665,L95576,L,303.5,314.3,1508,41.0,204,0,0,0,0,0,0
7666,L58095,L,298.5,309.0,1427,52.0,36,0,0,0,0,0,0
7667,M32717,M,300.4,308.8,1611,35.1,167,0,0,0,0,0,0
7668,L59143,L,299.5,308.6,1550,30.4,84,0,0,0,0,0,0
7669,M99437,M,299.1,308.5,1385,41.6,123,0,0,0,0,0,0
7670,L27085,L,304.3,313.5,1318,24.5,181,0,0,0,0,0,0
7671,H64877,H,299.1,308.6,1428,28.9,234,0,0,0,0,0,0
7672,L49526,L,299.4,310.3,1348,45.4,218,0,0,0,0,0,0
7673,H76909,H,298.7,309.4,1458,42.4,228,1,1,0,0,0,0
7674,L42117,L,300.1,309.7,1525,26.2,13,0,0,0,0,0,0
7675,L52833,L,299.8,310.4,1410,35.9,107,0,0,0,0,0,0
7676,L36425,L,297.8,308.1,1762,26.6,203,0,0,0,0,0,0
7677,L96359,L,299.2,309.1,1709,35.1,205,0,0,0,0,0,0
7678,H52615,H,301.2,312.4,1459,34.0,106,0,0,0,0,0,0
7679,H91868,H,302.1,311.4,1326,49.9,72,0,0,0,0,0,0
7680,H85675,H,300.0,310.1,1495,38.4,139,0,0,0,0,0,0
7681,H55637,H,300.1,309.1,1476,37.6,189,0,0,0,0,0,0
7682,M38461,M,299.3,308.3,1489,36.1,175,0,0,0,0,0,0
7683,L60712,L,299.0,307.6,1428,22.8,63,0,0,0,0,0,0
7684,M32134,M,298.2,307.2,1311,39.0,0,0,0,0,0,0,0
7685,L54659,L,296.9,307.0,1506,44.8,224,0,0,0,0,0,0
7686,M89397,M,298.6,308.3,1437,42.3,113,0,0,0,0,0,0
7687,L70428,L,301.8,311.5,1453,46.9,211,0,0,0,0,0,0
7688,M79553,M,299.2,308.9,1517,47.4,220,0,0,0,0,0,0
7689,L59336,L,299.3,311.1,1488,62.0,238,1,0,0,1,1,0
7690,L60891,L,299.3,308.1,1513,28.7,89,0,0,0,0,0,0
7691,L63978,L,302.5,311.2,1429,42.3,167,0,0,0,0,0,0
7692,L71204,L,298.1,307.3,1565,43.5,151,0,0,0,0,0,0
7693,L35347,L,300.6,310.5,1371,36.8,42,0,0,0,0,0,0
7694,L17619,L,299.9,310.4,1304,33.7,111,0,0,0,0,0,0
7695,L29620,L,300.1,310.8,1340,45.0,109,0,0,0,0,0,0
7696,L76434,L,300.5,311.4,1378,44.0,48,0,0,0,0,0,0
7697,L96332,L,300.1,310.0,1268,29.5,95,0,0,0,0,0,0
7698,M90202,M,301.6,311.2,1195,22.0,110,1,0,0,1,0,0
7699,L95376,L,299.9,311.6,1591,35.1,202,0,0,0,0,0,0
7700,L52575,L,303.5,310.7,1729,33.3,217,0,0,0,0,0,0
7701,L36947,L,300.1,310.2,1600,46.0,181,0,0,0,0,0,0
7702,L85765,L,296.6,307.0,1413,30.8,204,0,0,0,0,0,0
7703,L46317,L,301.3,313.2,1191,38.2,25,0,0,0,0,0,0
7704,M61241,M,300.8,309.1,1535,22.9,141,0,0,0,0,0,0
7705,L93724,L,300.1,309.6,1211,24.5,65,1,0,0,1,0,0
7706,L13246,L,299.5,308.1,1484,32.3,106,0,0,0,0,0,0
7707,L80444,L,295.8,304.0,1356,37.5,178,0,0,0,0,0,0
7708,L11163,L,296.1,305.9,1089,31.8,240,0,0,0,0,0,0
7709,L63939,L,303.3,314.1,1766,41.4,90,0,0,0,0,0,0
7710,M21401,M,298.8,310.0,1274,23.0,146,1,0,0,1,0,0
7711,L78889,L,301.9,311.4,1436,37.8,27,0,0,0,0,0,0
7712,M96763,M,296.8,307.5,1477,38.0,173,0,0,0,0,0,0
7713,L58905,L,297.9,307.7,1415,25.5,60,0,0,0,0,0,0
7714,L96115,L,301.4,311.9,1584,42.3,119,0,0,0,0,0,0
7715,L72328,L,299.8,310.9,1367,18.3,82,1,0,0,1,0,0
7716,L13748,L,301.1,310.9,1569,33.1,13,0,0,0,0,0,0
7717,L42717,L,300.0,311.0,1557,47.9,187,0,0,0,0,0,0
7718,M43228,M,299.6,308.4,1252,17.7,157,1,0,0,1,0,0
7719,M95350,M,298.6,309.3,1542,46.7,207,0,0,0,0,0,0
7720,L95204,L,297.6,308.6,1310,28.3,239,0,0,0,0,0,0
7721,L79909,L,302.8,313.7,1290,34.1,104,0,0,0,0,0,0
7722,M59773,M,303.1,311.9,1552,54.1,191,0,0,0,0,0,0
7723,L15514,L,297.9,307.7,1426,33.7,78,0,0,0,0,0,0
7724,L81284,L,297.8,308.1,1567,56.1,110,0,0,0,0,0,0
7725,M47058,M,299.3,309.7,1569,36.9,211,0,0,0,0,0,0
7726,L28379,L,300.7,310.8,1243,39.2,227,0,0,0,0,0,0
7727,L86257,L,299.6,311.1,1633,48.4,95,0,0,0,0,0,0
7728,L19250,L,301.0,309.7,1551,45.4,203,0,0,0,0,0,0
7729,M66675,M,299.9,309.7,1394,41.5,194,0,0,0,0,0,0
7730,L39731,L,299.8,308.1,1476,35.4,47,0,0,0,0,0,0
7731,M83992,M,304.8,315.4,1638,24.5,158,0,0,0,0,0,0
7732,L72319,L,298.9,309.5,1442,25.0,126,0,0,0,0,0,0
7733,L26186,L,303.3,316.6,1881,53.1,16,1,0,0,1,0,0
7734,L93690,L,302.9,313.9,1768,57.0,138,1,0,0,1,0,0
7735,M15927,M,301.0,311.3,1521,41.3,248,0,0,0,0,0,0
7736,L80215,L,296.1,306.4,1459,22.3,197,0,0,0,0,0,0
7737,M56239,M,300.1,309.7,1467,32.3,51,0,0,0,0,0,0
7738,L46844,L,299.0,309.1,1392,31.8,56,0,0,0,0,0,0
7739,L53372,L,300.0,310.3,1523,34.4,81,0,0,0,0,0,0
7740,L43549,L,297.9,305.9,1624,31.2,5,0,0,0,0,0,0
7741,L80488,L,301.5,311.7,1257,45.2,19,0,0,0,0,0,0
7742,L88334,L,302.0,312.1,1616,42.5,182,0,0,0,0,0,0
7743,M86447,M,302.3,314.1,1668,55.8,138,1,0,0,1,0,0
7744,H56565,H,299.2,309.1,1603,36.1,176,0,0,0,0,0,0
7745,M94436,M,297.9,307.1,1477,42.0,181,0,0,0,0,0,0
7746,L51110,L,300.7,311.0,1596,47.4,19,0,0,0,0,0,0
7747,L51633,L,303.5,313.6,1734,50.2,239,1,1,0,0,0,0
7748,M35703,M,300.1,310.0,1490,27.7,245,1,1,0,0,0,0
7749,L82677,L,300.9,309.6,1504,44.0,9,0,0,0,0,0,0
7750,M72080,M,299.5,309.4,1884,41.5,17,0,0,0,0,0,0
7751,M62103,M,299.0,308.4,1555,43.0,207,0,0,0,0,0,0
7752,L23682,L,301.3,311.1,1319,40.6,154,0,0,0,0,0,0
7753,H42625,H,299.8,310.5,1657,57.1,251,1,0,0,1,0,0
7754,M44912,M,300.8,310.1,1572,31.1,62,0,0,0,0,0,0
7755,L61634,L,301.0,310.8,1382,30.5,201,0,0,0,0,0,0
7756,H77718,H,300.7,311.2,1301,31.8,133,0,0,0,0,0,0
7757,L25328,L,301.1,310.8,1543,37.1,140,0,0,0,0,0,0
7758,L70752,L,298.3,310.9,1489,42.9,53,0,0,0,0,0,0
7759,L61536,L,298.2,308.4,1276,35.4,154,0,0,0,0,0,0
7760,L21994,L,299.9,308.7,1484,50.1,104,0,0,0,0,0,0
7761,L29204,L,300.0,309.1,1473,40.0,56,0,0,0,0,0,0
7762,H42211,H,299.0,308.0,1489,39.0,212,0,0,0,0,0,0
7763,L60599,L,300.5,309.7,1588,26.7,54,0,0,0,0,0,0
7764,L45485,L,301.8,312.4,1183,58.2,76,0,0,0,0,0,0
7765,M76425,M,302.4,311.3,1300,39.5,22,0,0,0,0,0,0
7766,L31025,L,302.8,312.5,1412,56.4,171,0,0,0,0,0,0
7767,M48523,M,297.4,308.5,1739,33.8,72,0,0,0,0,0,0
7768,L28025,L,297.7,307.2,1926,48.3,242,1,0,0,1,0,0
7769,H30556,H,299.4,310.1,1501,34.4,188,0,0,0,0,0,0
7770,M55809,M,300.2,308.5,1508,58.2,228,0,0,0,0,0,0
7771,L28120,L,299.5,309.2,1060,51.2,50,0,0,0,0,0,0
7772,L40161,L,298.9,308.0,1663,48.5,162,0,0,0,0,0,0
7773,L69531,L,299.4,309.7,1581,32.8,223,0,0,0,0,0,0
7774,H64628,H,301.0,309.9,1551,59.1,243,1,0,0,1,0,0
7775,M74702,M,297.3,309.4,1276,60.4,165,0,0,0,0,0,0
7776,L67689,L,304.7,313.0,1856,36.2,240,1,1,0,0,0,0
7777,L94866,L,300.0,311.2,1774,41.6,37,0,0,0,0,0,0
7778,M95972,M,302.1,313.0,1553,49.3,10,0,0,0,0,0,0
7779,L47170,L,298.8,309.1,1679,20.3,118,0,0,0,0,0,0
7780,M63154,M,301.1,311.2,1509,51.5,80,0,0,0,0,0,0
7781,M18733,M,300.2,312.1,1648,50.2,234,1,1,0,0,0,0
7782,L83899,L,301.7,314.2,1265,34.4,4,0,0,0,0,0,0
7783,L62802,L,299.6,309.4,1091,18.1,80,1,0,0,1,0,0
7784,L91958,L,303.1,313.3,1271,43.3,88,0,0,0,0,0,0
7785,L21118,L,297.0,306.5,1355,28.7,180,0,0,0,0,0,0
7786,H48290,H,301.9,310.7,1384,24.1,0,0,0,0,0,0,0
7787,M56641,M,300.2,310.7,1581,43.7,215,0,0,0,0,0,0
7788,M25702,M,298.0,308.2,1454,53.2,236,0,0,0,0,0,0
7789,L36596,L,303.9,312.3,1495,37.8,122,0,0,0,0,0,0
7790,L35167,L,303.7,314.2,1287,51.9,27,0,0,0,0,0,0
7791,M69005,M,295.9,306.1,1271,46.6,13,0,0,0,0,0,0
7792,L71593,L,300.4,309.8,1507,26.3,65,0,0,0,0,0,0
7793,L68203,L,301.4,310.7,1402,34.5,34,0,0,0,0,0,0
7794,L38959,L,300.9,311.3,1501,50.8,127,0,0,0,0,0,0
7795,M21727,M,303.0,314.6,1598,34.4,104,0,0,0,0,0,0
7796,M21781,M,302.6,313.0,1795,48.2,49,0,0,0,0,0,0
7797,L81468,L,300.5,311.3,1496,35.9,211,0,0,0,0,0,0
7798,M22547,M,304.6,313.7,1826,47.2,152,0,0,0,0,0,0
7799,L86286,L,301.9,311.5,1573,44.3,158,0,0,0,0,0,0
7800,L40085,L,299.3,309.9,1624,37.5,173,0,0,0,0,0,0
7801,L65646,L,298.9,307.5,1690,46.9,219,0,0,0,0,0,0
7802,M23023,M,302.5,312.7,1630,18.4,171,1,0,0,1,0,0
7803,L84029,L,298.4,308.9,1356,29.1,34,0,0,0,0,0,0
7804,L92613,L,299.2,309.1,1695,35.4,97,0,0,0,0,0,0
7805,L95250,L,299.5,309.8,1433,51.7,132,0,0,0,0,0,0
7806,M10597,M,300.7,310.8,1554,25.5,47,0,0,0,0,0,0
7807,M92213,M,299.6,309.0,1524,39.7,238,0,0,0,0,0,0
7808,L30903,L,297.4,306.2,1706,43.2,64,0,0,0,0,0,0
7809,H62357,H,302.3,312.2,1571,42.5,195,0,0,0,0,0,0
7810,L93601,L,299.2,310.5,1250,39.0,241,1,1,0,0,0,0
7811,L68170,L,304.0,315.1,1876,33.8,70,0,0,0,0,0,0
7812,L82605,L,300.6,310.3,1650,37.5,115,0,0,0,0,0,0
7813,M31238,M,302.5,312.2,1401,49.7,63,0,0,0,0,0,0
7814,L93243,L,301.3,310.8,1295,33.1,208,0,0,0,0,0,0
7815,L67214,L,302.6,312.2,1671,18.4,201,1,0,0,1,0,0
7816,L88953,L,301.1,311.4,1317,44.7,226,1,1,0,0,0,0
7817,L10923,L,300.5,311.5,1644,55.0,16,0,0,0,0,0,0
7818,M47803,M,302.2,314.4,1692,29.5,187,0,0,0,0,0,0
7819,H83516,H,305.0,314.1,1383,53.6,147,0,0,0,0,0,0
7820,L18383,L,299.5,310.1,1367,45.2,107,0,0,0,0,0,0
7821,M30113,M,301.6,312.1,1415,28.4,225,0,0,0,0,0,0
7822,L84856,L,300.0,309.7,1322,33.0,219,0,0,0,0,0,0
7823,L95703,L,301.0,310.0,1541,32.5,177,0,0,0,0,0,0
7824,L43655,L,300.1,310.4,1567,41.7,44,0,0,0,0,0,0
7825,H24243,H,295.7,307.8,1631,38.2,66,0,0,0,0,0,0
7826,L20357,L,299.6,309.9,1350,51.1,39,0,0,0,0,0,0
7827,M84191,M,302.0,311.2,1651,48.5,65,0,0,0,0,0,0
7828,L79603,L,298.5,308.3,1322,24.5,196,0,0,0,0,0,0
7829,M69993,M,301.8,310.7,1651,25.8,84,0,0,0,0,0,0
7830,L12274,L,300.4,310.4,1232,46.1,72,0,0,0,0,0,0
7831,H42181,H,299.6,310.3,1782,34.8,63,0,0,0,0,0,0
7832,M29596,M,301.8,311.1,1406,38.3,13,0,0,0,0,0,0
7833,L60244,L,301.4,308.1,1608,45.5,86,0,0,0,0,0,0
7834,M69052,M,300.8,311.1,1622,48.6,24,0,0,0,0,0,0
7835,M88474,M,302.0,311.5,1271,27.7,142,0,0,0,0,0,0
7836,L31610,L,300.4,309.7,1650,17.8,47,1,0,0,1,0,0
7837,L61021,L,296.7,306.0,1401,38.9,69,0,0,0,0,0,0
7838,M15966,M,299.2,309.6,1445,31.5,121,0,0,0,0,0,0
7839,M26398,M,296.4,306.0,1379,40.7,96,0,0,0,0,0,0
7840,L71424,L,301.3,312.2,1790,39.1,81,0,0,0,0,0,0
7841,M59998,M,301.8,312.7,1289,30.2,242,0,0,0,0,0,0
7842,L37302,L,301.9,311.6,1577,60.9,15,1,0,0,1,0,0
7843,L53048,L,301.0,310.5,1388,40.2,223,0,0,0,0,0,0
7844,L92528,L,301.9,312.1,1696,34.3,235,1,1,0,0,0,0
7845,L39118,L,296.8,306.7,1918,41.0,245,0,0,0,0,0,0
7846,L15691,L,299.8,308.0,1387,45.3,218,0,0,0,0,0,0
7847,L19175,L,297.2,309.1,1525,33.7,205,0,0,0,0,0,0
7848,L41443,L,299.3,310.0,1431,63.2,60,0,0,0,0,0,0
7849,L58626,L,303.2,312.8,1687,24.8,46,0,0,0,0,0,0
7850,M90828,M,302.2,310.3,1455,25.5,152,0,0,0,0,0,0
7851,L59588,L,301.3,311.1,1663,24.0,135,0,0,0,0,0,0
7852,M17167,M,299.6,309.0,1428,40.0,182,0,0,0,0,0,0
7853,L27149,L,298.0,308.0,1904,44.7,30,0,0,0,0,0,0
7854,L88853,L,300.4,308.2,1106,36.7,72,1,0,1,0,0,0
7855,L22480,L,302.2,311.7,1568,44.7,170,0,0,0,0,0,0
7856,M85294,M,300.8,310.4,1498,44.6,155,0,0,0,0,0,0
7857,L80624,L,296.8,306.6,1492,36.4,88,0,0,0,0,0,0
7858,L21899,L,300.2,310.0,1551,44.3,37,0,0,0,0,0,0
7859,M59891,M,296.2,306.2,1511,38.0,217,0,0,0,0,0,0
7860,M60294,M,301.6,313.1,1539,35.9,210,0,0,0,0,0,0
7861,M19385,M,298.6,308.1,1573,35.0,37,0,0,0,0,0,0
7862,L20711,L,297.6,306.6,1815,42.3,190,0,0,0,0,0,0
7863,L27385,L,301.6,309.9,1002,52.2,36,1,0,1,0,0,0
7864,L93446,L,301.1,310.6,1832,27.9,114,0,0,0,0,0,0
7865,M15529,M,300.5,309.1,1961,35.2,118,0,0,0,0,0,0
7866,L98738,L,304.4,315.3,1185,41.6,102,0,0,0,0,0,0
7867,L64064,L,301.3,311.2,1509,57.6,87,0,0,0,0,0,0
7868,L41238,L,298.7,309.6,1747,44.3,118,0,0,0,0,0,0
7869,L37765,L,301.0,312.5,1665,31.9,180,0,0,0,0,0,0
7870,M96472,M,299.4,308.6,1802,30.8,84,0,0,0,0,0,0
7871,L48521,L,302.5,312.2,1567,49.9,147,0,0,0,0,0,0
7872,L34692,L,300.6,311.9,1134,36.9,91,0,0,0,0,0,0
7873,L93084,L,300.8,310.9,1735,27.7,246,0,0,0,0,0,0
7874,L64240,L,297.1,307.6,1614,50.1,173,0,0,0,0,0,0
7875,L77462,L,300.1,311.2,1764,43.1,216,0,0,0,0,0,0
7876,L31713,L,299.9,310.8,1224,28.1,109,0,0,0,0,0,0
7877,M98267,M,298.0,308.4,1281,26.6,65,0,0,0,0,0,0
7878,M11903,M,299.6,311.0,1503,18.3,20,1,0,0,1,0,0
7879,H95809,H,300.9,310.8,1740,33.8,207,0,0,0,0,0,0
7880,H41553,H,300.0,310.5,1790,43.0,177,0,0,0,0,0,0
7881,L10813,L,297.2,307.0,1369,49.6,208,0,0,0,0,0,0
7882,L49699,L,299.5,310.5,1427,44.2,172,0,0,0,0,0,0
7883,L46775,L,299.1,308.4,2017,27.0,10,0,0,0,0,0,0
7884,M27400,M,300.4,308.7,1400,37.2,107,0,0,0,0,0,0
7885,L87198,L,300.2,310.8,1622,54.3,84,0,0,0,0,0,0
7886,L56503,L,299.2,308.2,1419,34.9,110,0,0,0,0,0,0
7887,L12249,L,299.1,308.0,1585,47.7,169,0,0,0,0,0,0
7888,L93752,L,300.1,311.4,1344,46.5,143,0,0,0,0,0,0
7889,M52800,M,301.9,312.9,1349,47.6,161,0,0,0,0,0,0
7890,M83280,M,300.6,310.2,1433,44.3,53,0,0,0,0,0,0
7891,L19473,L,302.8,309.8,1402,47.6,126,0,0,0,0,0,0
7892,H47138,H,302.3,312.8,1445,25.2,59,0,0,0,0,0,0
7893,L72892,L,303.0,313.7,1595,55.2,129,0,0,0,0,0,0
7894,L47761,L,302.7,313.3,1840,21.9,75,0,0,0,0,0,0
7895,L11659,L,303.1,313.6,1394,43.1,55,0,0,0,0,0,0
7896,M88093,M,297.7,307.5,1322,39.5,238,1,1,0,0,0,0
7897,L64926,L,301.3,310.9,1502,33.7,68,0,0,0,0,0,0
7898,L61356,L,302.4,311.3,1347,30.2,158,0,0,0,0,0,0
7899,H26378,H,302.8,312.1,1206,45.5,158,0,0,0,0,0,0
7900,L47623,L,298.5,308.8,1692,48.0,146,0,0,0,0,0,0
7901,L88364,L,301.3,311.7,1514,39.0,182,0,0,0,0,0,0
7902,M34890,M,300.2,310.9,1532,37.1,154,0,0,0,0,0,0
7903,H25121,H,303.7,312.3,1153,52.8,215,0,0,0,0,0,0
7904,M94456,M,297.2,305.6,1395,35.8,6,0,0,0,0,0,0
7905,H42510,H,298.5,308.1,1245,39.6,19,0,0,0,0,0,0
7906,L53915,L,296.4,305.4,1496,38.0,140,0,0,0,0,0,0
7907,M11306,M,300.3,310.5,1524,64.7,101,1,0,0,1,0,0
7908,M39348,M,304.5,313.2,1524,31.6,54,0,0,0,0,0,0
7909,L93654,L,299.9,311.1,1380,48.3,89,0,0,0,0,0,0
7910,L90931,L,300.2,309.4,1346,23.0,164,1,0,0,1,0,0
7911,H99422,H,301.1,312.7,1465,30.4,216,0,0,0,0,0,0
7912,L71204,L,299.8,310.3,1564,36.9,46,0,0,0,0,0,0
7913,L77435,L,300.7,309.7,1396,38.7,74,0,0,0,0,0,0
7914,M89647,M,300.8,312.9,1331,37.3,35,0,0,0,0,0,0
7915,H17267,H,298.3,308.6,1339,39.0,252,0,0,0,0,0,0
7916,H37015,H,299.8,310.0,1381,33.1,5,0,0,0,0,0,0
7917,M18729,M,301.5,311.4,1419,52.9,40,0,0,0,0,0,0
7918,L97962,L,301.9,312.3,1302,30.0,97,0,0,0,0,0,0
7919,H63753,H,302.6,313.1,1420,47.4,50,0,0,0,0,0,0
7920,L88483,L,300.7,309.8,1723,46.8,172,0,0,0,0,0,0
7921,M64286,M,300.7,310.5,1447,30.5,6,0,0,0,0,0,0
7922,L67252,L,301.5,311.6,1277,36.3,130,0,0,0,0,0,0
7923,M71418,M,298.8,309.4,1093,40.0,50,0,0,0,0,0,0
7924,L97768,L,298.7,309.3,1831,56.8,160,1,0,0,1,0,0
7925,M88429,M,299.8,309.9,1705,36.3,30,0,0,0,0,0,0
7926,L49556,L,297.4,306.9,1551,76.2,50,1,0,0,1,0,0
7927,L66578,L,300.8,310.2,1709,47.7,210,0,0,0,0,0,0
7928,L55191,L,302.1,310.9,1595,43.4,228,0,0,0,0,0,0
7929,L25760,L,298.6,309.2,1486,48.8,91,0,0,0,0,0,0
7930,M63681,M,300.9,310.3,1277,22.8,149,1,0,0,1,0,0
7931,L43624,L,298.7,308.5,1844,51.7,171,1,0,0,1,0,0
7932,L80266,L,298.0,308.2,1421,26.8,192,0,0,0,0,0,0
7933,L89076,L,304.1,314.1,1431,48.7,136,0,0,0,0,0,0
7934,L73154,L,298.0,308.0,1507,34.1,146,0,0,0,0,0,0
7935,M25807,M,297.4,306.5,1510,32.0,198,0,0,0,0,0,0
7936,L92572,L,300.4,310.7,1603,57.7,138,1,0,0,1,0,0
7937,L39886,L,300.5,310.2,1583,39.0,136,0,0,0,0,0,0
7938,L52313,L,301.3,311.2,1396,24.7,72,0,0,0,0,0,0
7939,L66941,L,304.0,315.2,1505,49.7,212,0,0,0,0,0,0
7940,M61147,M,298.4,309.0,1598,27.8,112,0,0,0,0,0,0
7941,L79311,L,298.8,308.3,1381,53.6,140,0,0,0,0,0,0
7942,L47379,L,303.2,313.1,1760,39.8,160,0,0,0,0,0,0
7943,M69337,M,301.9,313.5,1496,27.3,137,0,0,0,0,0,0
7944,L81043,L,301.6,311.3,1788,48.2,112,0,0,0,0,0,0
7945,L56719,L,298.8,308.9,1249,45.2,123,0,0,0,0,0,0
7946,L74629,L,302.3,312.9,1618,18.8,25,1,0,0,1,0,0
7947,H86783,H,301.6,311.8,1340,39.4,208,0,0,0,0,0,0
7948,L95936,L,300.4,310.0,1386,43.0,20,0,0,0,0,0,0
7949,L57160,L,298.8,308.1,1663,42.4,250,0,0,0,0,0,0
7950,H97120,H,300.2,310.2,1459,38.2,245,0,0,0,0,0,0
7951,M51298,M,303.3,314.0,1968,47.4,223,1,0,0,1,0,0
7952,M60365,M,297.8,309.1,1593,45.7,19,0,0,0,0,0,0
7953,M22875,M,298.4,306.9,1375,40.3,7,0,0,0,0,0,0
7954,L13446,L,298.7,310.5,1594,37.6,156,0,0,0,0,0,0
7955,M50524,M,299.2,308.9,1457,41.5,42,0,0,0,0,0,0
7956,M62789,M,300.0,310.9,1650,34.0,238,1,1,0,0,0,0
7957,L53967,L,301.9,311.2,1447,29.8,166,0,0,0,0,0,0
7958,L68366,L,300.9,309.3,1573,28.8,217,0,0,0,0,0,0
7959,L35653,L,300.1,308.8,1536,39.0,252,0,0,0,0,0,0
7960,H16059,H,300.6,310.2,1514,31.4,237,0,0,0,0,0,0
7961,L74209,L,301.2,311.8,1688,38.4,27,0,0,0,0,0,0
7962,L26268,L,296.6,306.7,1175,53.3,249,1,0,0,0,1,0
7963,M38658,M,302.1,311.9,1518,37.9,18,0,0,0,0,0,0
7964,M88060,M,298.3,309.5,1374,41.4,197,0,0,0,0,0,0
7965,L11159,L,299.1,309.1,1257,37.7,190,0,0,0,0,0,0
7966,M48868,M,300.7,311.0,1349,53.1,54,0,0,0,0,0,0
7967,L67235,L,299.8,313.0,1388,56.6,97,0,0,0,0,0,0
7968,M93105,M,301.0,311.0,1458,35.3,160,0,0,0,0,0,0
7969,L40847,L,300.3,309.6,1561,47.3,126,0,0,0,0,0,0
7970,L39052,L,299.4,309.9,1598,60.9,178,1,0,0,1,0,0
7971,M28186,M,303.1,313.8,1426,28.4,33,0,0,0,0,0,0
7972,L98252,L,301.4,311.7,1785,49.8,103,0,0,0,0,0,0
7973,L29757,L,300.6,310.8,1433,22.6,181,0,0,0,0,0,0
7974,L70659,L,301.4,312.9,1150,40.3,2,0,0,0,0,0,0
7975,M88166,M,298.6,309.9,1438,38.6,165,0,0,0,0,0,0
7976,M77401,M,304.3,314.2,1508,22.9,137,0,0,0,0,0,0
7977,M56545,M,297.8,307.2,1000,50.9,234,1,1,0,0,0,0
7978,H63968,H,300.2,310.7,1717,41.5,243,1,1,0,0,0,0
7979,H40505,H,299.4,308.8,1482,30.7,174,0,0,0,0,0,0
7980,L58939,L,299.4,310.2,1293,43.3,136,0,0,0,0,0,0
7981,L78209,L,299.1,309.5,1327,49.0,134,0,0,0,0,0,0
7982,M75419,M,298.5,311.1,1637,22.3,112,0,0,0,0,0,0
7983,H24562,H,302.4,313.8,1659,8.5,197,1,0,0,1,0,0
7984,H28014,H,297.6,306.5,1383,39.6,85,0,0,0,0,0,0
7985,M74698,M,302.0,311.4,1256,32.3,61,0,0,0,0,0,0
7986,L53859,L,301.3,309.4,1524,53.4,112,0,0,0,0,0,0
7987,H49889,H,299.2,307.1,1557,36.3,84,0,0,0,0,0,0
7988,H95506,H,301.1,311.2,1602,43.1,206,0,0,0,0,0,0
7989,M24543,M,299.7,308.5,1399,38.1,70,0,0,0,0,0,0
7990,M90507,M,297.8,309.4,1478,24.5,102,0,0,0,0,0,0
7991,L58787,L,297.8,309.0,1504,40.3,68,0,0,0,0,0,0
7992,H93823,H,301.3,311.0,1674,26.7,136,0,0,0,0,0,0
7993,L54636,L,301.2,310.9,1739,26.2,77,0,0,0,0,0,0
7994,M82094,M,300.5,312.0,1788,29.0,159,0,0,0,0,0,0
7995,L30618,L,299.2,310.9,1734,28.1,204,0,0,0,0,0,0
7996,L80614,L,299.6,308.7,1826,37.9,190,0,0,0,0,0,0
7997,L28799,L,299.3,308.3,1682,36.1,76,0,0,0,0,0,0
7998,L93330,L,296.5,306.2,1394,42.8,143,0,0,0,0,0,0
7999,L62083,L,300.1,310.6,1776,24.3,97,0,0,0,0,0,0
8000,H78834,H,301.0,310.5,1252,37.5,164,0,0,0,0,0,0
8001,L92354,L,300.1,310.6,1926,35.2,220,0,0,0,0,0,0
8002,M18160,M,303.5,315.5,1324,42.0,213,0,0,0,0,0,0
8003,L40307,L,298.0,306.6,1660,42.5,224,0,0,0,0,0,0
8004,L61839,L,298.7,308.2,1760,41.6,102,0,0,0,0,0,0
8005,M11427,M,300.3,308.9,1583,30.1,205,0,0,0,0,0,0
8006,M13450,M,300.5,309.7,1131,40.2,95,0,0,0,0,0,0
8007,L69484,L,296.2,305.9,1329,34.9,26,0,0,0,0,0,0
8008,M25992,M,301.2,310.5,1564,53.1,149,0,0,0,0,0,0
8009,M54722,M,300.5,311.0,1614,41.1,151,0,0,0,0,0,0
8010,L71054,L,295.8,305.9,1468,40.8,193,0,0,0,0,0,0
8011,H80031,H,299.8,310.1,1513,27.2,213,0,0,0,0,0,0
8012,M92983,M,298.4,308.1,1236,34.1,226,0,0,0,0,0,0
8013,M11995,M,299.1,308.9,1819,42.6,178,0,0,0,0,0,0
8014,L11294,L,297.3,307.0,1432,39.2,159,0,0,0,0,0,0
8015,L14162,L,300.8,310.6,1642,39.1,4,0,0,0,0,0,0
8016,L78069,L,303.5,313.9,1753,22.5,29,0,0,0,0,0,0
8017,M17389,M,300.5,308.6,1292,31.9,35,1,0,1,0,0,0
8018,M51135,M,295.7,306.0,1523,37.3,66,0,0,0,0,0,0
8019,L11272,L,300.6,309.7,1550,52.0,226,0,0,0,0,0,0
8020,M84051,M,299.6,309.3,1454,21.1,184,1,0,0,1,0,0
8021,L83442,L,297.8,306.2,1667,29.6,160,0,0,0,0,0,0
8022,L67021,L,300.7,310.3,1380,21.0,31,1,0,0,1,0,0
8023,H97512,H,301.8,312.0,1510,43.3,166,0,0,0,0,0,0
8024,L62876,L,298.7,309.1,1433,51.9,185,0,0,0,0,0,0
8025,L71744,L,296.7,305.5,1919,43.6,78,0,0,0,0,0,0
8026,L48344,L,296.0,306.4,1381,45.8,62,0,0,0,0,0,0
8027,L98251,L,298.7,309.8,1634,29.7,174,0,0,0,0,0,0
8028,M41345,M,299.7,309.2,1823,43.7,30,0,0,0,0,0,0
8029,H31769,H,299.0,309.0,1335,32.3,147,0,0,0,0,0,0
8030,L55250,L,298.6,306.6,1517,40.6,247,1,1,0,0,0,0
8031,L25817,L,301.1,310.2,1322,45.0,6,0,0,0,0,0,0
8032,L70533,L,300.9,311.2,1138,37.1,46,0,0,0,0,0,0
8033,L62825,L,300.4,311.4,1359,48.2,134,0,0,0,0,0,0
8034,L44090,L,301.6,311.0,1397,38.4,18,0,0,0,0,0,0
8035,L11711,L,298.7,311.4,1408,42.7,179,0,0,0,0,0,0
8036,M53917,M,297.8,308.1,1446,58.9,20,0,0,0,0,0,0
8037,L57983,L,299.0,307.7,1501,45.0,48,0,0,0,0,0,0
8038,L63637,L,298.8,310.1,1285,32.5,139,0,0,0,0,0,0
8039,L13999,L,295.9,304.6,1563,35.2,206,0,0,0,0,0,0
8040,M10268,M,298.9,309.2,1718,48.7,93,0,0,0,0,0,0
8041,L80205,L,302.2,311.3,1740,50.4,14,0,0,0,0,0,0
8042,L29251,L,301.6,310.2,1453,39.6,88,0,0,0,0,0,0
8043,M90528,M,301.1,312.0,1661,24.7,19,0,0,0,0,0,0
8044,L26593,L,300.3,310.0,1377,30.5,48,0,0,0,0,0,0
8045,H42879,H,302.9,314.6,1438,41.8,118,0,0,0,0,0,0
8046,L88602,L,297.9,306.9,1572,45.8,223,0,0,0,0,0,0
8047,M21085,M,298.1,306.5,1440,50.0,226,0,0,0,0,0,0
8048,H90959,H,302.2,311.8,1272,19.7,178,1,0,0,1,0,0
8049,L11621,L,300.1,312.9,1650,48.7,213,0,0,0,0,0,0
8050,M26178,M,298.7,309.5,1351,54.3,135,0,0,0,0,0,0
8051,L36730,L,301.1,311.7,1406,16.1,242,1,1,0,1,0,0
8052,M72823,M,299.1,309.7,1690,39.9,211,0,0,0,0,0,0
8053,H62739,H,298.3,307.8,1597,47.6,166,0,0,0,0,0,0
8054,M47491,M,298.3,311.0,1532,25.9,59,0,0,0,0,0,0
8055,H60478,H,300.6,311.1,1236,35.0,193,0,0,0,0,0,0
8056,L59337,L,300.4,310.8,1291,45.6,221,0,0,0,0,0,0
8057,L81427,L,303.0,314.0,1572,34.8,121,0,0,0,0,0,0
8058,L46923,L,299.4,308.1,1613,36.4,92,0,0,0,0,0,0
8059,M93649,M,299.4,308.5,1546,42.2,92,0,0,0,0,0,0
8060,M52168,M,302.9,312.6,1415,28.3,190,0,0,0,0,0,0
8061,M86054,M,302.0,313.0,1409,29.3,240,1,1,0,0,0,0
8062,L72095,L,300.3,309.0,1539,44.7,101,0,0,0,0,0,0
8063,L46429,L,296.9,306.8,1275,49.5,27,0,0,0,0,0,0
8064,M36088,M,298.4,308.2,1517,44.0,11,0,0,0,0,0,0
8065,H55413,H,297.9,306.3,1250,53.6,210,0,0,0,0,0,0
8066,L11897,L,300.1,309.6,1311,44.2,79,0,0,0,0,0,0
8067,L40367,L,299.0,309.5,1532,58.5,208,0,0,0,0,0,0
8068,L55230,L,303.2,311.7,1605,40.7,29,0,0,0,0,0,0
8069,L42967,L,296.9,308.3,1562,42.5,10,0,0,0,0,0,0
8070,H18827,H,297.7,308.1,1299,44.0,78,0,0,0,0,0,0
8071,L63470,L,300.5,310.8,1163,33.7,80,0,0,0,0,0,0
8072,L96140,L,301.0,311.1,1499,32.2,252,1,1,0,0,0,0
8073,L49013,L,294.8,303.7,1158,31.0,60,0,0,0,0,0,0
8074,L40788,L,296.5,305.9,1670,34.4,188,0,0,0,0,0,0
8075,H73090,H,299.5,309.8,1305,60.7,233,1,1,0,0,0,0
8076,L11884,L,302.7,312.1,1902,58.2,198,1,0,0,1,0,0
8077,L90888,L,303.8,314.0,1327,36.7,246,0,0,0,0,0,0
8078,L53238,L,299.2,308.3,1583,35.8,42,0,0,0,0,0,0
8079,H78344,H,299.7,310.1,1367,18.5,173,1,0,0,1,0,0
8080,H38942,H,298.3,308.9,1470,30.1,132,0,0,0,0,0,0
8081,L28456,L,301.3,309.6,1533,31.9,220,0,0,0,0,0,0
8082,M71754,M,303.1,313.1,1655,35.6,188,0,0,0,0,0,0
8083,L36111,L,302.5,311.0,1684,34.3,197,0,0,0,0,0,0
8084,L73522,L,299.9,308.1,1631,42.1,98,0,0,0,0,0,0
8085,L72769,L,298.3,307.7,1687,47.7,171,0,0,0,0,0,0
8086,M72852,M,300.0,312.8,1389,32.7,223,0,0,0,0,0,0
8087,H80930,H,302.8,313.5,1617,54.4,50,0,0,0,0,0,0
8088,L45265,L,299.2,310.6,1439,43.5,8,0,0,0,0,0,0
8089,L98267,L,296.4,307.0,1678,48.9,79,0,0,0,0,0,0
8090,L87213,L,299.3,309.5,1521,35.6,218,0,0,0,0,0,0
8091,L51996,L,299.4,310.3,1612,45.5,118,0,0,0,0,0,0
8092,L14263,L,296.4,305.7,1552,44.5,65,0,0,0,0,0,0
8093,L13752,L,300.5,310.9,1637,54.7,230,1,1,0,0,1,0
8094,H52325,H,301.0,312.2,1355,46.5,11,0,0,0,0,0,0
8095,L12629,L,303.7,314.4,1217,48.5,204,0,0,0,0,0,0
8096,M95273,M,297.3,308.6,1678,34.7,202,0,0,0,0,0,0
8097,L47950,L,301.5,311.6,1742,52.0,131,0,0,0,0,0,0
8098,L47640,L,301.9,313.6,1479,27.2,67,0,0,0,0,0,0
8099,L57265,L,301.0,310.8,1646,34.3,110,0,0,0,0,0,0
8100,H98405,H,298.0,310.1,1207,42.8,90,0,0,0,0,0,0
8101,L63720,L,297.9,308.4,1388,28.5,36,0,0,0,0,0,0
8102,L74015,L,300.2,309.8,1515,30.8,151,0,0,0,0,0,0
8103,M60298,M,300.2,309.0,1188,30.8,50,0,0,0,0,0,0
8104,M46823,M,298.9,308.1,1225,43.8,252,0,0,0,0,0,0
8105,M17955,M,302.6,311.6,1528,38.4,145,0,0,0,0,0,0
8106,L71429,L,299.2,309.1,1391,49.6,30,0,0,0,0,0,0
8107,L54893,L,296.2,304.9,1438,58.8,155,0,0,0,0,0,0
8108,M95211,M,299.6,310.8,1427,42.7,96,0,0,0,0,0,0
8109,M22491,M,301.0,311.1,1269,34.9,47,0,0,0,0,0,0
8110,M86427,M,300.7,310.8,1461,43.7,75,0,0,0,0,0,0
8111,L70359,L,300.7,309.5,1498,31.0,65,0,0,0,0,0,0
8112,L27567,L,303.0,312.2,1395,39.4,147,0,0,0,0,0,0
8113,H56632,H,297.8,305.6,1410,64.6,70,1,0,0,1,0,0
8114,M83426,M,299.2,310.8,1463,38.0,12,0,0,0,0,0,0
8115,L73458,L,303.1,311.7,1648,43.0,207,0,0,0,0,0,0
8116,H30447,H,296.1,304.7,1483,38.4,72,0,0,0,0,0,0
8117,L72134,L,299.9,311.3,1153,35.9,77,0,0,0,0,0,0
8118,L18987,L,302.5,312.8,1285,44.8,110,0,0,0,0,0,0
8119,L22587,L,302.4,312.5,1668,27.3,201,0,0,0,0,0,0
8120,M46303,M,301.3,311.7,1377,38.3,156,0,0,0,0,0,0
8121,L15526,L,301.4,312.3,1484,26.4,22,0,0,0,0,0,0
8122,L63304,L,297.9,308.0,1846,55.4,116,1,0,0,1,0,0
8123,M26482,M,302.7,311.2,1614,49.9,191,0,0,0,0,0,0
8124,L38109,L,297.6,308.3,1113,32.3,10,0,0,0,0,0,0
8125,H63252,H,297.7,308.1,1760,21.4,10,0,0,0,0,0,0
8126,L86239,L,300.8,311.9,1527,44.9,178,0,0,0,0,0,0
8127,L22606,L,299.0,307.8,1566,39.6,127,0,0,0,0,0,0
8128,M39340,M,300.4,309.7,1555,62.4,41,1,0,0,1,0,0
8129,M48789,M,300.9,311.3,1664,54.0,170,0,0,0,0,0,0
8130,L20828,L,303.6,312.6,1486,46.4,21,0,0,0,0,0,0
8131,M27870,M,300.9,308.5,1233,34.7,112,1,0,1,0,0,0
8132,H54881,H,298.8,309.0,1558,37.4,207,0,0,0,0,0,0
8133,M44984,M,301.4,312.2,1251,43.0,45,0,0,0,0,0,0
8134,M67026,M,298.3,308.2,1827,43.6,149,0,0,0,0,0,0
8135,L88342,L,301.8,312.4,1435,32.9,94,0,0,0,0,0,0
8136,L34840,L,300.1,310.5,1491,26.4,226,0,0,0,0,0,0
8137,L25522,L,300.8,310.8,1378,59.3,164,0,0,0,0,0,0
8138,L90533,L,296.4,306.6,1561,40.3,91,0,0,0,0,0,0
8139,M41430,M,295.5,306.8,1582,44.2,124,0,0,0,0,0,0
8140,L15529,L,297.0,306.0,1378,31.4,133,0,0,0,0,0,0
8141,L92741,L,303.5,314.3,1582,53.7,249,1,1,0,0,1,0
8142,L63641,L,297.7,306.5,1512,50.4,189,0,0,0,0,0,0
8143,L97508,L,301.5,310.7,1483,40.6,181,0,0,0,0,0,0
8144,L85772,L,298.7,309.9,1365,42.1,249,0,0,0,0,0,0
8145,M66698,M,299.5,308.3,1917,42.8,39,0,0,0,0,0,0
8146,L82949,L,299.9,309.7,1713,41.0,118,0,0,0,0,0,0
8147,L22286,L,303.3,315.6,1631,45.6,243,1,1,0,0,0,0
8148,L68608,L,301.2,312.2,1703,43.8,216,0,0,0,0,0,0
8149,M24467,M,300.8,310.0,1554,38.2,52,0,0,0,0,0,0
8150,L13781,L,302.6,312.0,1437,28.3,107,0,0,0,0,0,0
8151,L84261,L,298.7,308.6,1024,39.7,48,0,0,0,0,0,0
8152,L17274,L,302.1,313.4,1281,47.5,177,0,0,0,0,0,0
8153,L11419,L,301.8,310.8,1890,46.7,156,0,0,0,0,0,0
8154,M53361,M,301.8,310.7,1709,53.1,147,1,0,0,1,0,0
8155,M43343,M,299.7,310.4,1536,54.2,228,0,0,0,0,0,0
8156,H95053,H,299.1,307.4,1216,47.0,25,1,0,1,0,0,0
8157,M71711,M,298.3,307.3,1614,41.9,238,0,0,0,0,0,0
8158,L17046,L,298.4,308.3,1450,43.4,123,0,0,0,0,0,0
8159,L23683,L,298.2,308.1,1626,34.3,7,0,0,0,0,0,0
8160,L86737,L,300.7,309.4,1300,48.0,231,0,0,0,0,0,0
8161,L81667,L,299.5,309.9,1412,53.2,236,1,1,0,0,1,0
8162,L83170,L,300.9,311.4,1659,50.4,239,0,0,0,0,0,0
8163,L34428,L,301.0,310.3,1847,45.6,211,0,0,0,0,0,0
8164,L95846,L,297.9,309.5,1381,37.6,70,0,0,0,0,0,0
8165,L53227,L,297.8,308.2,1320,36.4,72,0,0,0,0,0,0
8166,M23629,M,299.5,308.5,1684,38.4,83,0,0,0,0,0,0
8167,M88973,M,298.4,310.1,1273,32.7,57,0,0,0,0,0,0
8168,H19430,H,298.2,307.7,1286,42.7,230,0,0,0,0,0,0
8169,L20851,L,303.4,313.6,1548,12.0,135,1,0,0,1,0,0
8170,L44134,L,296.9,306.4,1875,34.6,67,0,0,0,0,0,0
8171,H84097,H,304.0,314.7,1347,40.7,195,0,0,0,0,0,0
8172,M56655,M,300.6,310.1,1433,65.0,159,1,0,0,1,0,0
8173,L23785,L,302.0,311.6,1520,40.0,96,0,0,0,0,0,0
8174,L87216,L,301.7,311.6,1415,40.4,231,0,0,0,0,0,0
8175,L56629,L,301.2,310.7,1182,31.7,141,0,0,0,0,0,0
8176,M92850,M,303.3,314.4,1644,57.2,159,1,0,0,1,0,0
8177,M64517,M,297.8,306.6,1534,31.9,8,0,0,0,0,0,0
8178,L38814,L,299.7,309.7,1566,60.3,159,1,0,0,1,0,0
8179,L21366,L,298.3,308.4,1474,32.6,104,0,0,0,0,0,0
8180,L84110,L,296.6,306.5,1772,49.4,189,0,0,0,0,0,0
8181,L19043,L,298.7,309.6,1409,39.4,11,0,0,0,0,0,0
8182,M85373,M,303.7,312.2,1306,34.4,98,0,0,0,0,0,0
8183,L77512,L,299.7,310.2,1799,50.1,17,0,0,0,0,0,0
8184,L47105,L,304.0,312.7,1104,53.3,236,1,1,0,0,1,0
8185,L61712,L,304.2,313.7,1472,38.1,106,0,0,0,0,0,0
8186,H51198,H,306.0,314.6,1486,39.8,35,0,0,0,0,0,0
8187,L13626,L,303.8,313.5,1479,35.9,188,0,0,0,0,0,0
8188,L89354,L,304.7,314.1,1221,42.2,223,0,0,0,0,0,0
8189,M78398,M,300.7,312.3,1287,29.1,196,0,0,0,0,0,0
8190,M88924,M,300.5,310.7,1672,13.1,215,1,0,0,1,0,0
8191,M62553,M,300.6,311.0,1749,21.3,214,0,0,0,0,0,0
8192,M96497,M,300.0,308.9,1425,37.8,250,0,0,0,0,0,0
8193,L15563,L,300.3,311.0,1332,29.3,92,0,0,0,0,0,0
8194,H65087,H,301.5,313.1,1179,38.8,88,0,0,0,0,0,0
8195,H91976,H,299.1,309.9,1669,34.9,28,0,0,0,0,0,0
8196,L53810,L,297.2,305.9,1680,32.9,217,0,0,0,0,0,0
8197,M52265,M,300.7,310.3,1000,33.5,235,0,0,0,0,0,0
8198,L84410,L,298.6,308.7,1064,49.7,71,0,0,0,0,0,0
8199,L42301,L,298.8,308.2,1525,42.4,156,0,0,0,0,0,0
8200,L17261,L,299.7,312.2,1548,55.6,62,0,0,0,0,0,0
8201,L34554,L,299.3,308.8,1414,41.0,218,0,0,0,0,0,0
8202,H88511,H,302.2,312.2,1494,20.9,2,1,0,0,1,0,0
8203,L37560,L,299.7,309.1,1455,29.6,176,0,0,0,0,0,0
8204,L29492,L,302.3,312.6,1505,41.2,137,0,0,0,0,0,0
8205,L49133,L,300.4,311.8,1338,42.4,72,0,0,0,0,0,0
8206,L52261,L,299.8,309.9,1498,34.1,234,1,1,0,0,0,0
8207,L95142,L,300.3,310.1,1379,32.0,121,0,0,0,0,0,0
8208,L71765,L,297.4,306.3,1364,33.9,133,0,0,0,0,0,0
8209,M80251,M,300.7,311.9,1164,38.6,21,0,0,0,0,0,0
8210,H12506,H,301.7,311.6,1468,39.5,104,0,0,0,0,0,0
8211,L87217,L,302.0,311.8,1645,29.0,40,0,0,0,0,0,0
8212,H45151,H,297.3,305.0,1441,42.5,140,0,0,0,0,0,0
8213,M18459,M,297.0,306.8,1436,42.4,146,0,0,0,0,0,0
8214,M36358,M,298.9,308.5,1726,38.9,62,0,0,0,0,0,0
8215,L68662,L,302.8,310.9,1684,33.1,239,1,1,0,0,0,0
8216,L16147,L,300.4,311.4,1812,46.7,77,0,0,0,0,0,0
8217,M77749,M,298.5,307.9,1906,53.2,166,1,0,0,1,0,0
8218,L25137,L,297.1,309.0,1511,35.5,248,1,1,0,0,0,0
8219,L85701,L,298.6,310.0,1292,33.7,203,0,0,0,0,0,0
8220,M24358,M,298.5,307.8,1406,44.7,189,0,0,0,0,0,0
8221,L89789,L,301.9,313.2,1603,28.3,15,0,0,0,0,0,0
8222,M77614,M,302.0,313.6,1759,27.2,133,0,0,0,0,0,0
8223,L27611,L,297.9,307.3,1311,33.5,191,0,0,0,0,0,0
8224,H46406,H,301.5,310.5,1546,43.1,167,0,0,0,0,0,0
8225,L17682,L,301.3,309.1,1357,31.2,144,0,0,0,0,0,0
8226,L14158,L,297.6,308.0,1474,39.8,233,0,0,0,0,0,0
8227,M42109,M,299.8,308.9,1471,19.9,142,1,0,0,1,0,0
8228,L30042,L,300.7,311.1,1569,46.2,212,0,0,0,0,0,0
8229,H79553,H,300.3,309.8,1866,54.4,224,1,0,0,1,0,0
8230,M75100,M,296.6,305.8,1586,30.9,199,0,0,0,0,0,0
8231,L36982,L,300.3,309.7,1423,44.4,38,0,0,0,0,0,0
8232,L30085,L,301.3,310.0,1393,37.9,196,0,0,0,0,0,0
8233,H89616,H,303.2,312.6,1466,41.1,199,0,0,0,0,0,0
8234,M49402,M,298.7,307.9,1343,37.5,170,0,0,0,0,0,0
8235,M68619,M,298.9,308.9,1525,37.0,94,0,0,0,0,0,0
8236,L69207,L,299.6,309.7,1066,31.7,73,0,0,0,0,0,0
8237,H71984,H,300.6,309.5,1462,29.1,165,0,0,0,0,0,0
8238,L96498,L,300.2,311.3,1476,51.0,185,0,0,0,0,0,0
8239,M73383,M,301.2,311.0,1291,23.2,233,1,0,0,1,0,0
8240,L15434,L,297.7,309.3,1431,39.8,86,0,0,0,0,0,0
8241,L46041,L,300.8,311.0,1702,39.4,73,0,0,0,0,0,0
8242,H29946,H,298.5,308.6,1715,39.5,188,0,0,0,0,0,0
8243,H31910,H,299.7,309.2,1404,46.6,248,0,0,0,0,0,0
8244,L29989,L,303.4,314.0,1594,36.3,73,0,0,0,0,0,0
8245,H86479,H,297.2,307.2,1230,46.5,69,0,0,0,0,0,0
8246,L89521,L,299.4,310.3,1447,59.9,226,1,1,0,0,1,0
8247,L28202,L,297.5,309.1,1542,38.5,67,0,0,0,0,0,0
8248,L59599,L,300.3,309.6,1775,19.7,105,0,0,0,0,0,0
8249,L50674,L,302.1,312.7,1715,38.6,251,0,0,0,0,0,0
8250,L77578,L,300.3,310.9,1538,37.6,203,0,0,0,0,0,0
8251,L87999,L,299.8,310.2,1336,44.0,63,0,0,0,0,0,0
8252,L51330,L,302.7,312.2,1745,20.1,241,0,0,0,0,0,0
8253,M47597,M,300.7,310.2,1439,43.2,213,0,0,0,0,0,0
8254,M52567,M,301.6,311.1,1581,35.8,246,0,0,0,0,0,0
8255,M54585,M,301.4,310.8,1478,48.0,102,0,0,0,0,0,0
8256,L97636,L,294.2,303.4,1859,34.8,169,0,0,0,0,0,0
8257,M21453,M,299.8,309.7,1390,48.7,97,0,0,0,0,0,0
8258,L24841,L,297.8,307.1,1665,24.9,112,0,0,0,0,0,0
8259,M45312,M,298.3,308.8,1484,40.2,170,0,0,0,0,0,0
8260,L45757,L,302.9,313.0,1602,30.3,105,0,0,0,0,0,0
8261,L53935,L,299.3,309.4,1792,35.1,106,0,0,0,0,0,0
8262,L98825,L,303.8,313.5,1139,67.2,137,0,0,0,0,0,0
8263,M62566,M,297.2,307.3,1488,30.5,27,0,0,0,0,0,0
8264,H33449,H,297.8,307.6,1339,36.3,249,0,0,0,0,0,0
8265,M33802,M,301.5,312.3,1580,28.6,209,0,0,0,0,0,0
8266,H19987,H,299.3,308.9,1624,36.9,122,0,0,0,0,0,0
8267,H11654,H,300.6,311.0,1415,38.5,191,0,0,0,0,0,0
8268,L36669,L,299.8,308.5,1406,32.7,252,0,0,0,0,0,0
8269,M73127,M,299.7,310.4,1537,55.8,131,0,0,0,0,0,0
8270,L85227,L,299.4,308.8,1271,51.6,183,0,0,0,0,0,0
8271,L72904,L,300.4,309.4,1560,30.5,22,0,0,0,0,0,0
8272,L99598,L,301.3,310.1,1353,48.2,242,0,0,0,0,0,0
8273,H32347,H,303.2,312.0,1632,35.2,42,0,0,0,0,0,0
8274,M66080,M,299.6,309.1,1263,27.7,203,0,0,0,0,0,0
8275,L79561,L,299.2,310.7,1398,32.8,123,0,0,0,0,0,0
8276,L99064,L,299.0,308.3,1365,27.4,163,0,0,0,0,0,0
8277,L36004,L,302.9,310.7,1446,49.4,151,0,0,0,0,0,0
8278,M26023,M,301.4,311.7,1748,31.2,105,0,0,0,0,0,0
8279,H97951,H,296.2,305.1,1652,52.9,241,0,0,0,0,0,0
8280,L66621,L,296.1,306.9,1414,41.4,78,0,0,0,0,0,0
8281,L80538,L,298.3,307.9,1414,36.0,58,0,0,0,0,0,0
8282,L63330,L,300.5,310.2,1659,35.0,226,0,0,0,0,0,0
8283,L22782,L,299.9,311.1,1290,57.5,74,0,0,0,0,0,0
8284,L21834,L,301.0,311.6,1504,40.1,27,0,0,0,0,0,0
8285,L38681,L,299.6,308.4,1391,35.0,40,0,0,0,0,0,0
8286,L65429,L,302.8,311.7,1469,48.5,90,0,0,0,0,0,0
8287,L96168,L,301.5,309.8,1646,45.9,222,0,0,0,0,0,0
8288,H58275,H,300.2,312.8,1380,30.1,168,0,0,0,0,0,0
8289,L56999,L,302.3,311.4,1675,40.1,32,0,0,0,0,0,0
8290,L78068,L,296.7,307.9,1896,21.9,135,0,0,0,0,0,0
8291,M71826,M,299.8,309.3,1609,39.7,158,0,0,0,0,0,0
8292,H84743,H,300.3,309.2,1485,43.1,204,0,0,0,0,0,0
8293,L37346,L,301.2,311.2,1708,44.5,143,0,0,0,0,0,0
8294,L30165,L,296.6,306.2,1300,30.0,87,0,0,0,0,0,0
8295,M70815,M,299.5,310.3,1774,32.6,252,0,0,0,0,0,0
8296,L19900,L,300.8,311.6,1364,42.5,66,0,0,0,0,0,0
8297,M79862,M,301.0,310.4,1890,52.5,244,1,1,0,1,0,0
8298,L93192,L,302.4,310.9,1371,40.9,53,0,0,0,0,0,0
8299,L68894,L,301.5,310.3,1619,34.4,131,0,0,0,0,0,0
8300,L76658,L,299.9,307.6,1219,49.7,28,1,0,1,0,0,0
8301,M58187,M,301.3,311.1,1462,41.3,226,0,0,0,0,0,0
8302,L42612,L,299.6,309.6,1306,41.8,124,0,0,0,0,0,0
8303,L29870,L,300.3,309.2,1241,48.0,224,0,0,0,0,0,0
8304,L58299,L,301.6,310.3,1717,39.0,209,0,0,0,0,0,0
8305,M91362,M,299.9,309.9,1279,30.7,48,0,0,0,0,0,0
8306,L84014,L,300.7,310.1,1368,38.5,15,0,0,0,0,0,0
8307,M43391,M,301.9,311.7,1347,51.1,232,0,0,0,0,0,0
8308,M24640,M,301.4,311.1,1705,58.9,142,1,0,0,1,0,0
8309,L99073,L,302.5,312.7,1683,27.8,216,0,0,0,0,0,0
8310,H10117,H,304.7,314.1,1729,56.4,175,1,0,0,1,0,0
8311,M26488,M,301.4,310.9,1358,36.3,195,0,0,0,0,0,0
8312,L59176,L,299.1,307.2,1743,40.2,122,0,0,0,0,0,0
8313,L85434,L,301.0,311.0,1357,57.0,186,0,0,0,0,0,0
8314,L18385,L,300.9,311.0,1364,35.9,232,1,1,0,0,0,0
8315,L32118,L,301.2,311.0,1374,37.3,179,0,0,0,0,0,0
8316,L96594,L,303.0,314.9,1381,33.6,236,0,0,0,0,0,0
8317,H16169,H,296.6,306.8,1484,40.4,61,0,0,0,0,0,0
8318,M28336,M,303.0,312.9,1349,43.1,203,0,0,0,0,0,0
8319,L13065,L,303.7,314.2,1542,33.1,134,0,0,0,0,0,0
8320,L76257,L,301.1,313.2,1030,54.5,15,0,0,0,0,0,0
8321,L39650,L,301.2,311.4,1541,32.5,163,0,0,0,0,0,0
8322,L73996,L,299.5,307.3,1304,45.0,159,1,0,1,0,0,0
8323,L11528,L,300.0,310.4,1380,40.3,251,0,0,0,0,0,0
8324,H24966,H,301.4,310.5,1384,52.4,164,0,0,0,0,0,0
8325,M20333,M,301.3,309.3,1670,32.0,33,0,0,0,0,0,0
8326,L12289,L,301.4,313.1,1591,45.7,251,0,0,0,0,0,0
8327,M10976,M,301.3,312.7,1470,64.2,80,1,0,0,1,0,0
8328,L30720,L,301.8,310.9,1371,25.6,176,0,0,0,0,0,0
8329,M87349,M,301.6,310.7,1641,31.0,151,0,0,0,0,0,0
8330,L58686,L,298.0,308.1,1823,60.8,90,1,0,0,1,0,0
8331,L78224,L,301.7,310.8,1495,38.7,103,0,0,0,0,0,0
8332,M21372,M,303.7,313.6,1212,41.1,165,0,0,0,0,0,0
8333,L90935,L,299.9,309.2,1373,36.7,221,0,0,0,0,0,0
8334,L94605,L,303.0,312.6,1601,56.5,239,1,0,0,0,1,0
8335,L63700,L,298.2,306.8,1420,23.9,251,0,0,0,0,0,0
8336,M80445,M,299.9,310.8,1345,52.4,30,0,0,0,0,0,0
8337,M47132,M,298.7,309.9,1338,25.2,48,0,0,0,0,0,0
8338,L30180,L,302.8,312.7,1517,24.3,52,0,0,0,0,0,0
8339,L88885,L,303.3,313.2,1224,29.1,246,1,1,0,0,0,0
8340,M20174,M,299.8,310.4,1494,38.7,25,0,0,0,0,0,0
8341,L44868,L,302.3,312.3,1516,32.9,176,0,0,0,0,0,0
8342,L16081,L,303.3,315.0,1419,32.3,242,0,0,0,0,0,0
8343,M37485,M,299.9,308.6,1312,30.7,146,0,0,0,0,0,0
8344,L83768,L,300.3,311.1,1683,30.9,2,0,0,0,0,0,0
8345,M76920,M,301.5,311.4,1260,30.7,17,0,0,0,0,0,0
8346,L89389,L,298.3,307.2,1531,42.3,180,0,0,0,0,0,0
8347,M83456,M,300.2,312.5,1631,33.6,101,0,0,0,0,0,0
8348,L57341,L,304.3,316.7,1529,13.3,128,1,0,0,1,0,0
8349,L96939,L,299.0,308.8,1722,39.6,11,0,0,0,0,0,0
8350,L60815,L,301.7,312.2,1296,47.5,227,1,1,0,0,0,0
8351,H68420,H,301.0,310.6,1358,37.2,229,0,0,0,0,0,0
8352,M47997,M,299.7,309.4,1417,27.4,152,0,0,0,0,0,0
8353,M36866,M,300.4,309.3,2092,47.5,121,1,0,0,1,0,0
8354,L81866,L,303.5,312.2,1591,26.3,100,0,0,0,0,0,0
8355,L92683,L,301.1,313.0,1625,36.8,50,0,0,0,0,0,0
8356,M88627,M,301.4,311.4,1618,39.8,238,0,0,0,0,0,0
8357,M76468,M,303.2,313.3,1514,50.8,124,0,0,0,0,0,0
8358,L38261,L,299.4,308.6,1689,45.8,27,0,0,0,0,0,0
8359,M84081,M,297.9,308.1,1163,42.4,201,0,0,0,0,0,0
8360,L91047,L,303.5,312.0,1550,49.3,246,0,0,0,0,0,0
8361,L51253,L,300.3,309.5,1577,28.4,71,0,0,0,0,0,0
8362,H31753,H,301.8,310.6,1683,55.8,174,1,0,0,1,0,0
8363,L69224,L,298.5,309.8,1292,9.3,252,1,1,0,1,0,0
8364,L29836,L,300.8,309.1,1305,54.3,29,1,0,1,0,0,0
8365,L97772,L,297.8,306.6,1317,31.6,206,0,0,0,0,0,0
8366,H86616,H,300.1,308.1,1594,43.8,126,0,0,0,0,0,0
8367,L69194,L,298.7,307.8,1597,54.5,169,0,0,0,0,0,0
8368,M56827,M,298.2,307.8,1329,45.6,46,0,0,0,0,0,0
8369,L25906,L,299.4,310.4,1845,43.7,55,0,0,0,0,0,0
8370,L14711,L,295.4,305.2,1552,48.7,141,0,0,0,0,0,0
8371,L11458,L,297.7,307.3,1522,25.2,63,0,0,0,0,0,0
8372,L19173,L,301.6,311.9,1463,26.7,151,0,0,0,0,0,0
8373,L48122,L,300.7,310.3,1667,42.7,22,0,0,0,0,0,0
8374,L35933,L,297.9,310.3,1570,38.0,198,0,0,0,0,0,0
8375,M41443,M,301.1,310.5,1840,36.9,69,0,0,0,0,0,0
8376,L26052,L,298.2,308.7,1281,52.4,186,0,0,0,0,0,0
8377,M74847,M,301.4,312.3,1222,51.5,41,0,0,0,0,0,0
8378,M99669,M,299.8,309.1,1367,30.8,202,0,0,0,0,0,0
8379,L10106,L,299.3,309.5,1600,44.4,3,0,0,0,0,0,0
8380,L74562,L,299.8,309.3,1423,24.4,43,0,0,0,0,0,0
8381,L90339,L,305.1,315.4,1729,24.1,85,0,0,0,0,0,0
8382,L49479,L,298.5,308.6,1429,31.1,197,0,0,0,0,0,0
8383,L61376,L,300.5,310.3,1695,39.5,8,0,0,0,0,0,0
8384,L82620,L,301.6,310.4,1350,33.5,187,0,0,0,0,0,0
8385,L67312,L,298.1,309.9,1713,44.5,60,0,0,0,0,0,0
8386,L36465,L,296.8,307.4,1746,39.8,252,0,0,0,0,0,0
8387,H38280,H,298.8,307.2,1398,51.1,73,0,0,0,0,0,0
8388,L12614,L,301.5,311.1,1588,45.5,37,0,0,0,0,0,0
8389,L82151,L,299.3,307.7,1548,29.6,173,0,0,0,0,0,0
8390,L42858,L,299.5,310.3,1593,49.0,70,0,0,0,0,0,0
8391,M88640,M,301.8,311.8,1731,31.4,137,0,0,0,0,0,0
8392,L42220,L,298.4,308.4,1675,44.1,195,0,0,0,0,0,0
8393,L56481,L,299.8,309.0,1593,35.1,202,0,0,0,0,0,0
8394,M22612,M,297.0,306.7,1619,53.2,56,0,0,0,0,0,0
8395,L16336,L,300.6,311.4,1272,47.3,53,0,0,0,0,0,0
8396,L66743,L,300.5,311.5,1493,33.1,69,0,0,0,0,0,0
8397,L75240,L,301.6,312.4,1302,36.1,100,0,0,0,0,0,0
8398,M44792,M,297.7,306.2,1497,72.7,189,1,0,0,1,1,0
8399,H66974,H,299.6,309.4,1701,27.4,137,0,0,0,0,0,0
8400,M36859,M,297.4,307.7,1499,32.8,223,0,0,0,0,0,0
8401,L72247,L,299.5,308.8,1049,33.3,177,0,0,0,0,0,0
8402,L64396,L,303.0,311.3,1312,28.4,155,1,0,1,0,0,0
8403,L86387,L,299.4,308.1,1605,29.5,132,0,0,0,0,0,0
8404,M75039,M,297.3,308.8,1403,38.9,104,0,0,0,0,0,0
8405,H89132,H,298.6,307.4,1641,44.8,88,0,0,0,0,0,0
8406,M99161,M,296.8,306.8,1283,24.1,44,1,0,0,1,0,0
8407,L42528,L,297.4,307.3,1569,35.0,68,0,0,0,0,0,0
8408,M89656,M,301.3,311.2,1578,32.0,228,1,1,0,0,0,0
8409,M50855,M,297.1,306.8,1642,28.3,210,0,0,0,0,0,0
8410,M11392,M,300.6,311.4,1382,50.0,1,0,0,0,0,0,0
8411,M96189,M,300.1,310.1,1640,32.3,57,0,0,0,0,0,0
8412,L23658,L,298.9,308.3,1771,26.3,204,0,0,0,0,0,0
8413,M20717,M,300.5,310.5,1091,48.8,148,0,0,0,0,0,0
8414,L59076,L,298.1,306.8,1509,52.5,18,0,0,0,0,0,0
8415,L72541,L,301.7,312.2,1175,42.4,204,0,0,0,0,0,0
8416,M51697,M,298.6,307.9,1345,30.6,191,0,0,0,0,0,0
8417,H65165,H,299.2,308.6,1360,37.2,71,0,0,0,0,0,0
8418,M88563,M,299.0,309.5,1488,33.4,188,0,0,0,0,0,0
8419,L61471,L,301.4,311.0,1568,39.5,224,0,0,0,0,0,0
8420,L83311,L,301.1,310.7,1663,47.2,164,0,0,0,0,0,0
8421,L64017,L,294.8,305.9,1548,39.7,188,0,0,0,0,0,0
8422,M57591,M,300.5,309.5,1621,40.0,12,0,0,0,0,0,0
8423,M55610,M,296.5,307.0,1306,34.9,143,0,0,0,0,0,0
8424,H95417,H,299.3,310.3,1690,46.6,191,0,0,0,0,0,0
8425,L41422,L,299.8,311.0,1000,43.7,117,0,0,0,0,0,0
8426,L42350,L,299.3,311.5,1775,21.6,102,0,0,0,0,0,0
8427,M80950,M,301.0,310.4,1742,22.2,142,0,0,0,0,0,0
8428,L68685,L,301.4,310.6,1635,36.7,171,0,0,0,0,0,0
8429,H22814,H,298.5,309.3,1901,49.7,207,1,0,0,1,0,0
8430,L72641,L,298.4,309.3,1175,51.7,207,0,0,0,0,0,0
8431,L12755,L,299.9,309.1,1640,47.6,178,0,0,0,0,0,0
8432,L55766,L,296.9,307.4,1524,38.5,249,1,1,0,0,0,0
8433,M38902,M,299.0,311.8,1544,54.6,136,0,0,0,0,0,0
8434,M29415,M,302.7,312.8,1291,32.8,112,0,0,0,0,0,0
8435,M66184,M,297.0,307.9,1571,36.6,84,0,0,0,0,0,0
8436,M23944,M,299.3,310.9,1563,25.8,31,0,0,0,0,0,0
8437,L42365,L,298.8,311.3,1376,36.5,56,0,0,0,0,0,0
8438,M24539,M,304.0,314.3,1488,31.4,77,0,0,0,0,0,0
8439,H21353,H,298.9,310.2,1263,55.4,128,0,0,0,0,0,0
8440,L44912,L,299.0,308.3,1429,53.4,252,1,0,0,0,1,0
8441,M66136,M,297.9,308.0,1673,40.6,196,0,0,0,0,0,0
8442,L70400,L,300.0,309.6,1677,44.7,225,0,0,0,0,0,0
8443,L93051,L,300.5,308.7,1638,34.0,46,0,0,0,0,0,0
8444,L37902,L,298.2,306.6,1673,14.6,6,1,0,0,1,0,0
8445,M42131,M,302.0,312.4,1675,32.4,1,0,0,0,0,0,0
8446,L87448,L,300.5,311.0,1384,47.5,127,0,0,0,0,0,0
8447,L26360,L,301.7,310.7,1561,44.4,30,0,0,0,0,0,0
8448,M63631,M,299.3,310.9,1696,36.1,48,0,0,0,0,0,0
8449,L76763,L,300.5,309.4,1252,47.4,45,0,0,0,0,0,0
8450,M50863,M,299.6,309.8,1251,35.3,181,0,0,0,0,0,0
8451,H87052,H,302.9,312.5,1241,28.6,241,1,1,0,0,0,0
8452,L38928,L,300.2,310.3,1179,47.4,31,0,0,0,0,0,0
8453,L19687,L,300.0,310.9,1311,33.9,27,0,0,0,0,0,0
8454,H20205,H,299.1,309.8,1405,50.3,83,0,0,0,0,0,0
8455,L57897,L,299.0,309.7,1772,20.0,161,0,0,0,0,0,0
8456,L59505,L,300.5,311.1,1421,34.3,93,0,0,0,0,0,0
8457,H57027,H,301.6,310.4,1227,46.0,70,0,0,0,0,0,0
8458,M44034,M,298.6,309.8,1530,44.9,29,0,0,0,0,0,0
8459,M52120,M,300.3,309.2,1466,37.8,116,0,0,0,0,0,0
8460,L96656,L,300.4,310.3,1359,42.9,9,0,0,0,0,0,0
8461,H52642,H,300.7,310.4,1394,41.4,159,0,0,0,0,0,0
8462,M76817,M,296.6,306.9,1692,25.1,208,0,0,0,0,0,0
8463,M86993,M,298.2,307.7,1246,36.4,245,0,0,0,0,0,0
8464,M22169,M,297.3,307.1,1200,42.3,82,0,0,0,0,0,0
8465,M32328,M,300.1,311.7,1584,45.1,209,0,0,0,0,0,0
8466,L60044,L,298.2,306.9,1389,39.3,128,0,0,0,0,0,0
8467,L77475,L,299.0,309.0,1779,34.5,68,0,0,0,0,0,0
8468,L88647,L,297.6,306.5,1472,26.7,24,0,0,0,0,0,0
8469,L75228,L,299.2,309.9,1482,47.5,113,0,0,0,0,0,0
8470,L94530,L,297.8,307.0,1642,46.4,219,0,0,0,0,0,0
8471,L99423,L,301.5,311.6,1199,49.9,240,0,0,0,0,0,0
8472,M93836,M,301.0,309.6,1561,29.2,117,0,0,0,0,0,0
8473,L65490,L,300.3,311.6,1434,41.2,196,0,0,0,0,0,0
8474,L83539,L,299.4,309.5,1685,33.1,54,0,0,0,0,0,0
8475,L95917,L,295.9,306.1,1384,40.5,188,0,0,0,0,0,0
8476,L34944,L,299.1,309.9,1532,69.1,5,1,0,0,1,0,0
8477,M60184,M,298.5,307.2,1435,49.0,106,0,0,0,0,0,0
8478,L66889,L,300.5,309.9,1574,32.4,195,0,0,0,0,0,0
8479,L43043,L,301.2,311.4,1455,37.5,93,0,0,0,0,0,0
8480,M73896,M,300.6,308.9,1547,36.4,26,0,0,0,0,0,0
8481,L74193,L,302.5,310.9,1816,41.2,246,1,1,0,0,0,0
8482,L85067,L,298.9,308.0,1449,24.8,76,0,0,0,0,0,0
8483,M30453,M,298.8,307.6,1572,43.2,11,0,0,0,0,0,0
8484,L89765,L,302.1,311.7,1912,18.8,103,0,0,0,0,0,0
8485,M96570,M,300.3,310.9,1570,23.3,176,0,0,0,0,0,0
8486,M57810,M,299.5,310.3,1062,60.0,97,0,0,0,0,0,0
8487,H49694,H,303.7,315.5,1380,36.4,228,0,0,0,0,0,0
8488,L39103,L,301.2,311.1,1283,54.3,54,0,0,0,0,0,0
8489,M77469,M,299.6,309.8,1666,31.9,146,0,0,0,0,0,0
8490,M57360,M,298.6,308.6,1483,19.0,27,1,0,0,1,0,0
8491,L67166,L,302.7,313.0,1691,29.5,30,0,0,0,0,0,0
8492,H92985,H,300.4,310.8,1610,66.9,49,1,0,0,1,0,0
8493,L73600,L,300.0,311.0,1609,25.9,55,0,0,0,0,0,0
8494,M57354,M,301.4,312.3,1280,57.8,167,0,0,0,0,0,0
8495,M24525,M,301.8,312.3,1591,43.5,215,0,0,0,0,0,0
8496,L22673,L,301.1,312.6,1746,41.2,219,0,0,0,0,0,0
8497,L75080,L,301.8,311.8,1240,32.5,159,0,0,0,0,0,0
8498,H49146,H,300.9,310.3,1443,31.0,103,0,0,0,0,0,0
8499,L11130,L,301.1,310.7,1564,45.6,67,0,0,0,0,0,0
8500,L78500,L,298.5,308.4,1518,53.2,74,0,0,0,0,0,0
8501,L76326,L,303.6,312.5,1759,42.0,115,0,0,0,0,0,0
8502,M97625,M,297.5,306.9,1631,47.4,159,0,0,0,0,0,0
8503,L33475,L,300.6,309.5,1573,35.7,140,0,0,0,0,0,0
8504,L48026,L,297.3,307.7,1647,61.7,193,1,0,0,1,0,0
8505,M65201,M,299.8,310.2,1638,42.4,32,0,0,0,0,0,0
8506,L81741,L,298.9,307.1,1507,60.3,29,1,0,0,1,0,0
8507,L28787,L,300.3,309.6,1436,30.3,251,1,1,0,0,0,0
8508,L34552,L,300.7,312.5,1678,39.5,80,0,0,0,0,0,0
8509,H67738,H,298.1,308.7,1366,50.7,246,1,1,0,0,0,0
8510,M42731,M,299.9,310.4,1487,41.4,73,0,0,0,0,0,0
8511,L96792,L,302.8,312.1,1292,45.2,16,0,0,0,0,0,0
8512,L36814,L,297.4,307.7,1632,30.2,128,0,0,0,0,0,0
8513,L12831,L,298.3,308.3,1722,35.9,50,0,0,0,0,0,0
8514,H71035,H,301.7,310.9,1332,31.2,228,1,1,0,0,0,0
8515,L78056,L,300.2,309.7,1472,39.1,109,0,0,0,0,0,0
8516,L92558,L,300.3,309.8,1414,38.1,112,0,0,0,0,0,0
8517,H33695,H,302.0,310.6,1694,34.7,99,0,0,0,0,0,0
8518,L83694,L,298.4,307.1,1755,46.3,28,0,0,0,0,0,0
8519,L97083,L,299.0,308.8,1414,29.3,158,0,0,0,0,0,0
8520,L63400,L,298.7,307.9,1000,18.5,39,1,0,0,1,0,0
8521,M32542,M,299.3,309.0,1708,34.3,162,0,0,0,0,0,0
8522,L58138,L,302.7,311.1,1508,61.5,101,1,0,0,1,0,0
8523,H69844,H,296.6,307.4,1509,45.1,216,0,0,0,0,0,0
8524,L86536,L,297.6,309.7,1673,31.5,132,0,0,0,0,0,0
8525,L53136,L,297.3,308.3,1434,44.5,225,0,0,0,0,0,0
8526,M94405,M,302.8,313.9,1387,38.7,6,0,0,0,0,0,0
8527,M37803,M,298.8,309.4,1436,43.9,184,0,0,0,0,0,0
8528,M80129,M,299.3,309.6,1588,48.8,141,0,0,0,0,0,0
8529,M74800,M,296.8,306.9,1658,41.9,43,0,0,0,0,0,0
8530,L69068,L,299.5,308.6,1794,41.2,27,0,0,0,0,0,0
8531,M69144,M,301.7,312.4,1573,54.9,186,0,0,0,0,0,0
8532,L81727,L,300.5,311.1,1474,45.4,95,0,0,0,0,0,0
8533,L18837,L,299.8,309.3,1660,41.9,19,0,0,0,0,0,0
8534,H53844,H,296.9,307.4,1325,40.4,176,0,0,0,0,0,0
8535,M95177,M,299.3,308.7,1755,34.3,74,0,0,0,0,0,0
8536,L48196,L,300.3,309.7,1538,27.5,76,0,0,0,0,0,0
8537,L21417,L,298.0,308.8,1459,46.7,21,0,0,0,0,0,0
8538,H96709,H,301.3,311.7,1326,52.8,107,0,0,0,0,0,0
8539,L77590,L,301.8,311.5,1613,44.3,231,0,0,0,0,0,0
8540,L59668,L,298.9,308.6,1449,45.7,218,0,0,0,0,0,0
8541,L95349,L,301.5,311.6,1483,31.1,84,0,0,0,0,0,0
8542,L61785,L,299.8,307.9,1199,34.0,78,1,0,1,0,0,0
8543,L87256,L,302.3,311.5,1422,27.2,219,0,0,0,0,0,0
8544,H20547,H,304.1,312.8,1398,37.5,187,0,0,0,0,0,0
8545,L49733,L,297.8,307.8,1575,49.8,52,0,0,0,0,0,0
8546,L56335,L,301.5,312.6,1452,33.0,227,0,0,0,0,0,0
8547,M57837,M,302.6,313.1,1023,39.3,231,1,1,0,0,0,0
8548,L44083,L,298.1,307.5,1425,47.0,86,0,0,0,0,0,0
8549,M12687,M,298.8,308.1,1238,52.1,226,1,1,0,0,0,0
8550,M35140,M,298.8,308.1,1312,23.5,168,1,0,0,1,0,0
8551,M82538,M,299.7,311.7,1681,35.2,222,0,0,0,0,0,0
8552,M96841,M,299.3,309.4,1196,32.6,98,0,0,0,0,0,0
8553,M17196,M,299.6,309.8,1553,31.2,101,0,0,0,0,0,0
8554,M93639,M,301.7,309.6,1409,36.2,127,0,0,0,0,0,0
8555,M97845,M,296.2,305.0,1374,20.5,67,1,0,0,1,0,0
8556,L97987,L,298.1,308.0,1324,36.3,136,0,0,0,0,0,0
8557,M32975,M,301.3,310.8,1558,40.4,129,0,0,0,0,0,0
8558,M41488,M,301.1,311.2,1578,29.6,48,0,0,0,0,0,0
8559,L27410,L,297.9,308.0,1189,35.2,227,0,0,0,0,0,0
8560,M68517,M,301.1,311.7,1707,40.2,26,0,0,0,0,0,0
8561,L23845,L,302.7,310.8,1286,41.2,223,1,0,1,0,0,0
8562,L37717,L,299.9,308.8,1570,23.7,136,0,0,0,0,0,0
8563,M60183,M,298.0,307.9,1287,47.0,122,0,0,0,0,0,0
8564,L50009,L,301.7,311.1,1417,47.2,217,0,0,0,0,0,0
8565,L45788,L,303.4,313.1,1270,32.6,115,0,0,0,0,0,0
8566,L33973,L,298.2,308.3,1405,56.8,77,0,0,0,0,0,0
8567,M30550,M,300.1,309.3,1464,44.6,40,0,0,0,0,0,0
8568,L62598,L,302.2,312.4,1293,43.1,174,0,0,0,0,0,0
8569,M25888,M,300.2,310.8,1557,46.8,211,0,0,0,0,0,0
8570,M35987,M,296.5,306.6,1580,29.7,129,0,0,0,0,0,0
8571,M16434,M,300.9,311.6,1987,36.5,71,0,0,0,0,0,0
8572,H36384,H,298.0,305.9,1667,46.2,238,0,0,0,0,0,0
8573,M36003,M,297.5,306.9,1712,32.0,164,0,0,0,0,0,0
8574,L47914,L,296.5,307.4,1182,36.5,138,0,0,0,0,0,0
8575,H34463,H,302.4,311.5,1147,46.0,200,0,0,0,0,0,0
8576,L12059,L,298.3,307.3,1447,43.1,85,0,0,0,0,0,0
8577,L42407,L,300.7,310.5,1822,40.2,186,0,0,0,0,0,0
8578,L90850,L,301.2,311.1,1945,40.6,89,0,0,0,0,0,0
8579,M62093,M,300.3,309.8,1376,38.3,65,0,0,0,0,0,0
8580,L29988,L,300.6,312.4,1394,48.5,59,0,0,0,0,0,0
8581,L94843,L,300.8,311.0,1598,60.9,224,1,0,0,1,1,0
8582,L66772,L,300.3,309.4,1465,42.9,204,0,0,0,0,0,0
8583,L70788,L,298.5,307.0,1469,52.8,53,0,0,0,0,0,0
8584,L16135,L,298.3,308.7,1614,35.6,18,0,0,0,0,0,0
8585,M33886,M,299.8,308.9,1989,33.2,39,0,0,0,0,0,0
8586,L44349,L,299.7,311.9,1735,32.1,78,0,0,0,0,0,0
8587,L71802,L,300.9,311.3,1836,30.8,154,0,0,0,0,0,0
8588,L13957,L,302.2,312.8,1168,37.1,168,0,0,0,0,0,0
8589,L30519,L,300.7,310.9,1693,48.9,29,0,0,0,0,0,0
8590,M99801,M,298.4,309.5,1329,50.0,115,0,0,0,0,0,0
8591,L36169,L,295.6,303.2,1802,34.9,132,0,0,0,0,0,0
8592,L88201,L,298.5,307.3,1744,36.8,66,0,0,0,0,0,0
8593,M25380,M,297.3,308.3,1609,40.0,185,0,0,0,0,0,0
8594,L86682,L,298.5,310.0,1366,42.3,151,0,0,0,0,0,0
8595,L45118,L,300.5,309.2,1413,45.9,185,0,0,0,0,0,0
8596,M28563,M,300.2,308.4,1427,36.0,177,0,0,0,0,0,0
8597,M69166,M,303.7,313.9,1637,38.0,227,0,0,0,0,0,0
8598,M61185,M,301.0,311.5,1573,53.5,170,0,0,0,0,0,0
8599,L22212,L,303.8,314.0,1756,37.2,202,0,0,0,0,0,0
8600,L88115,L,301.4,311.4,1790,34.3,129,0,0,0,0,0,0
8601,L77934,L,302.2,310.3,1348,39.1,60,1,0,1,0,0,0
8602,L44100,L,299.3,308.9,1586,40.8,23,0,0,0,0,0,0
8603,L91451,L,297.9,307.6,1583,24.6,124,0,0,0,0,0,0
8604,H13150,H,299.1,308.6,1483,35.6,202,0,0,0,0,0,0
8605,M97370,M,300.0,308.1,1670,44.2,148,0,0,0,0,0,0
8606,L47825,L,298.7,309.3,1588,60.0,7,1,0,0,1,0,0
8607,L82387,L,298.0,308.9,1397,34.7,61,0,0,0,0,0,0
8608,M90279,M,300.8,310.0,1474,47.6,112,0,0,0,0,0,0
8609,L85423,L,298.0,307.8,1437,41.8,102,0,0,0,0,0,0
8610,L20000,L,296.9,306.4,1369,51.6,176,0,0,0,0,0,0
8611,L46221,L,297.8,307.3,1485,33.8,44,0,0,0,0,0,0
8612,M17870,M,299.5,310.0,1267,51.0,94,0,0,0,0,0,0
8613,M31721,M,298.0,308.5,1585,54.0,136,0,0,0,0,0,0
8614,L63848,L,299.5,310.6,1753,54.4,249,1,0,0,1,1,0
8615,L72505,L,301.2,312.3,1509,54.3,234,1,0,0,0,1,0
8616,M30413,M,301.1,311.0,1670,41.9,97,0,0,0,0,0,0
8617,L15395,L,298.7,311.5,1528,45.8,85,0,0,0,0,0,0
8618,M44988,M,297.4,308.9,1316,35.8,240,0,0,0,0,0,0
8619,L62810,L,298.8,308.2,1861,17.8,218,0,0,0,0,0,0
8620,M45938,M,301.3,311.4,1064,42.6,180,0,0,0,0,0,0
8621,H95803,H,301.8,309.8,1502,38.4,157,0,0,0,0,0,0
8622,M72998,M,300.7,310.7,1362,49.6,184,0,0,0,0,0,0
8623,L67552,L,302.4,314.1,1785,48.6,180,0,0,0,0,0,0
8624,M12536,M,303.5,316.2,1539,29.4,212,0,0,0,0,0,0
8625,L93580,L,299.0,308.9,1960,63.4,183,1,0,0,1,0,0
8626,L69319,L,303.0,313.3,1506,43.9,165,0,0,0,0,0,0
8627,L98458,L,299.5,310.1,1363,27.2,237,0,0,0,0,0,0
8628,H54148,H,302.0,314.0,1192,28.6,238,0,0,0,0,0,0
8629,L71121,L,301.4,310.4,1699,18.2,105,1,0,0,1,0,0
8630,M56150,M,296.0,308.7,1350,47.6,253,1,1,0,0,0,0
8631,L87532,L,298.1,307.8,1424,34.7,99,0,0,0,0,0,0
8632,L73639,L,297.6,306.4,1721,31.6,63,0,0,0,0,0,0
8633,L45267,L,296.4,306.1,1690,33.6,52,0,0,0,0,0,0
8634,M67716,M,301.8,310.9,1390,37.0,30,0,0,0,0,0,0
8635,L19891,L,304.1,314.6,1418,45.8,92,0,0,0,0,0,0
8636,L70899,L,299.5,307.8,1184,23.6,245,1,0,1,1,0,0
8637,L51554,L,301.7,311.8,1130,29.3,82,0,0,0,0,0,0
8638,L36913,L,303.0,313.6,1637,44.7,233,0,0,0,0,0,0
8639,L86716,L,300.4,311.9,1657,34.1,27,0,0,0,0,0,0
8640,L86732,L,299.9,310.6,1564,45.8,37,0,0,0,0,0,0
8641,L15016,L,299.5,310.9,1534,35.0,41,0,0,0,0,0,0
8642,H65406,H,301.1,310.5,1373,55.7,139,0,0,0,0,0,0
8643,L14027,L,301.7,312.1,1764,42.1,251,0,0,0,0,0,0
8644,L51427,L,300.9,308.7,1179,52.3,52,1,0,1,0,0,0
8645,L95695,L,300.9,310.7,1416,45.2,84,0,0,0,0,0,0
8646,L55155,L,299.9,310.3,1529,45.8,216,0,0,0,0,0,0
8647,M22453,M,296.8,307.3,1500,32.5,134,0,0,0,0,0,0
8648,L32058,L,301.8,310.2,1500,51.7,87,0,0,0,0,0,0
8649,L12722,L,297.4,307.0,1407,42.2,107,0,0,0,0,0,0
8650,M80964,M,301.2,311.0,1597,30.5,186,0,0,0,0,0,0
8651,L90635,L,301.5,311.1,1281,18.9,92,1,0,0,1,0,0
8652,H35032,H,297.7,308.4,1474,41.4,168,0,0,0,0,0,0
8653,H34897,H,298.8,308.6,1578,55.1,203,0,0,0,0,0,0
8654,L62149,L,304.2,314.3,1440,30.9,14,0,0,0,0,0,0
8655,L81382,L,299.8,309.4,1501,30.6,190,0,0,0,0,0,0
8656,L94038,L,297.6,308.6,1539,36.8,239,0,0,0,0,0,0
8657,L97061,L,301.6,312.7,1183,51.0,20,0,0,0,0,0,0
8658,L59642,L,298.5,308.1,1200,21.6,21,1,0,0,1,0,0
8659,L68042,L,296.2,309.0,1524,33.5,156,0,0,0,0,0,0
8660,L13434,L,301.0,310.3,1390,29.9,171,0,0,0,0,0,0
8661,L16106,L,298.2,309.2,1401,45.6,117,0,0,0,0,0,0
8662,L97133,L,300.6,309.7,1602,38.6,237,1,1,0,0,0,0
8663,H31599,H,298.4,309.1,1322,36.5,32,0,0,0,0,0,0
8664,H60797,H,301.4,312.1,1066,38.2,30,0,0,0,0,0,0
8665,L35605,L,300.4,309.4,1798,47.8,3,0,0,0,0,0,0
8666,M26399,M,294.8,304.7,1718,51.2,208,0,0,0,0,0,0
8667,L82942,L,300.8,312.6,1715,50.2,23,0,0,0,0,0,0
8668,M54724,M,299.4,308.6,1298,45.8,153,0,0,0,0,0,0
8669,L20016,L,302.8,313.2,1486,53.8,235,1,1,0,0,1,0
8670,M43212,M,300.8,311.1,1272,30.7,13,0,0,0,0,0,0
8671,L48650,L,301.5,311.5,1489,43.9,30,0,0,0,0,0,0
8672,L47754,L,298.6,306.8,1437,63.5,220,1,0,0,1,1,0
8673,H79291,H,298.4,309.2,1306,21.6,70,1,0,0,1,0,0
8674,L53558,L,299.9,310.0,1591,34.7,107,0,0,0,0,0,0
8675,L65021,L,299.3,310.4,1453,29.6,147,0,0,0,0,0,0
8676,M84467,M,302.7,312.9,1810,42.9,181,0,0,0,0,0,0
8677,M93541,M,299.7,309.8,1515,54.4,47,0,0,0,0,0,0
8678,M31664,M,297.6,307.9,1041,45.4,221,0,0,0,0,0,0
8679,M66720,M,298.3,307.4,1174,37.8,196,0,0,0,0,0,0
8680,M69445,M,301.9,313.5,1877,45.5,23,0,0,0,0,0,0
8681,L71020,L,299.7,309.3,1435,37.1,27,0,0,0,0,0,0
8682,M74716,M,299.6,309.2,1543,41.9,179,0,0,0,0,0,0
8683,M19652,M,302.1,313.4,1502,46.2,120,0,0,0,0,0,0
8684,M98216,M,298.2,308.4,1755,57.5,114,1,0,0,1,0,0
8685,L76108,L,295.5,305.3,1157,44.5,55,0,0,0,0,0,0
8686,L38259,L,298.3,308.7,1739,42.2,180,0,0,0,0,0,0
8687,M46114,M,300.5,311.1,1727,60.4,29,1,0,0,1,0,0
8688,L28038,L,299.5,309.4,1501,20.4,94,1,0,0,1,0,0
8689,L65108,L,296.9,307.8,1574,39.1,183,0,0,0,0,0,0
8690,M94138,M,302.0,310.8,1433,32.6,248,1,1,0,0,0,0
8691,L47050,L,300.3,310.6,1197,37.6,54,0,0,0,0,0,0
8692,L95595,L,300.8,311.6,1604,46.0,161,0,0,0,0,0,0
8693,L75913,L,300.8,311.5,1544,49.8,16,0,0,0,0,0,0
8694,L80031,L,297.4,305.2,1548,34.8,68,0,0,0,0,0,0
8695,M15572,M,300.6,310.5,1587,46.7,24,0,0,0,0,0,0
8696,L44846,L,301.8,310.6,1391,31.0,210,0,0,0,0,0,0
8697,L54088,L,302.3,313.6,1769,27.2,106,0,0,0,0,0,0
8698,L97444,L,301.4,311.1,1501,40.7,226,0,0,0,0,0,0
8699,L82297,L,301.0,312.2,1598,37.8,10,0,0,0,0,0,0
8700,L62512,L,296.5,305.3,1451,54.9,177,0,0,0,0,0,0
8701,L86680,L,300.0,310.4,1689,61.3,130,1,0,0,1,0,0
8702,L29660,L,298.1,308.1,1519,33.9,175,0,0,0,0,0,0
8703,L23926,L,302.6,315.3,1485,21.9,245,0,0,0,0,0,0
8704,L84302,L,302.3,313.4,1717,26.3,246,0,0,0,0,0,0
8705,L81127,L,298.1,309.2,1190,31.6,210,0,0,0,0,0,0
8706,L53354,L,299.9,311.9,1450,42.1,53,0,0,0,0,0,0
8707,L38568,L,300.5,310.8,1390,37.4,192,0,0,0,0,0,0
8708,L15187,L,301.8,311.7,1567,27.4,242,1,1,0,0,0,0
8709,L22816,L,296.6,306.4,1557,57.9,88,0,0,0,0,0,0
8710,L80027,L,295.6,305.9,1498,46.6,88,0,0,0,0,0,0
8711,M65374,M,300.1,307.3,1371,57.6,121,0,0,0,0,0,0
8712,L83487,L,294.9,304.9,1496,22.0,176,0,0,0,0,0,0
8713,M14567,M,300.3,310.5,1558,52.7,63,0,0,0,0,0,0
8714,M87016,M,301.2,311.0,1468,38.5,40,0,0,0,0,0,0
8715,L59757,L,302.5,310.9,1699,36.1,72,0,0,0,0,0,0
8716,L24635,L,298.8,308.6,1610,40.2,163,0,0,0,0,0,0
8717,L96131,L,300.3,308.8,1503,33.0,11,0,0,0,0,0,0
8718,L40267,L,301.3,313.1,1078,38.6,235,0,0,0,0,0,0
8719,L42187,L,297.6,307.4,1461,49.5,141,0,0,0,0,0,0
8720,L81242,L,301.8,309.8,1613,20.4,27,0,0,0,0,0,0
8721,M52253,M,300.5,310.3,1450,55.0,183,0,0,0,0,0,0
8722,L78545,L,298.8,309.7,1555,43.9,73,0,0,0,0,0,0
8723,M61615,M,300.3,310.5,1460,38.9,194,0,0,0,0,0,0
8724,M89724,M,299.7,308.8,1542,49.4,223,0,0,0,0,0,0
8725,L33127,L,301.6,310.9,1752,43.6,127,0,0,0,0,0,0
8726,H59297,H,299.3,309.0,1642,35.2,47,0,0,0,0,0,0
8727,H27604,H,300.5,310.0,1267,32.3,120,0,0,0,0,0,0
8728,L37963,L,298.8,307.5,1202,55.0,145,0,0,0,0,0,0
8729,L99254,L,298.1,308.1,1580,25.2,91,0,0,0,0,0,0
8730,L46949,L,300.3,309.0,1710,38.0,195,0,0,0,0,0,0
8731,L73185,L,298.2,309.2,1201,25.9,69,1,0,0,1,0,0
8732,L36453,L,301.6,312.7,1462,44.9,213,0,0,0,0,0,0
8733,L13323,L,301.2,310.2,1927,39.0,111,0,0,0,0,0,0
8734,L67813,L,298.5,307.8,1452,27.5,148,0,0,0,0,0,0
8735,M29541,M,300.4,310.0,1955,31.3,14,0,0,0,0,0,0
8736,L54527,L,298.5,308.4,1352,40.4,53,0,0,0,0,0,0
8737,L78791,L,296.8,307.0,1384,42.9,111,0,0,0,0,0,0
8738,L61048,L,298.8,309.3,1373,20.6,187,1,0,0,1,0,0
8739,M15073,M,299.9,310.3,1270,32.9,246,0,0,0,0,0,0
8740,M70517,M,301.0,312.6,1196,41.6,18,0,0,0,0,0,0
8741,L46515,L,300.3,310.4,1460,52.1,237,0,0,0,0,0,0
8742,M31525,M,301.8,310.5,1526,48.4,78,0,0,0,0,0,0
8743,L71739,L,298.0,306.4,1371,35.5,249,1,1,0,0,0,0
8744,M90516,M,299.2,310.9,1414,50.0,11,0,0,0,0,0,0
8745,L30433,L,303.3,313.8,1760,36.8,129,0,0,0,0,0,0
8746,L14213,L,296.1,306.3,1675,8.8,197,1,0,0,1,0,0
8747,M85613,M,299.1,309.5,1453,54.4,89,0,0,0,0,0,0
8748,M32026,M,297.9,308.0,1577,44.6,246,1,1,0,0,0,0
8749,M37347,M,299.6,310.0,1205,41.9,234,0,0,0,0,0,0
8750,L21204,L,299.1,308.8,1549,40.1,84,0,0,0,0,0,0
8751,M16871,M,301.2,312.3,1489,43.0,1,0,0,0,0,0,0
8752,L47012,L,300.5,310.0,1433,40.1,44,0,0,0,0,0,0
8753,M64163,M,297.4,306.5,1506,37.1,8,0,0,0,0,0,0
8754,M95023,M,298.8,307.1,1477,33.5,172,0,0,0,0,0,0
8755,L52358,L,300.0,309.8,1264,40.8,36,0,0,0,0,0,0
8756,L84421,L,301.5,312.7,1802,31.2,121,0,0,0,0,0,0
8757,L93295,L,304.9,314.4,1671,28.6,47,0,0,0,0,0,0
8758,L54403,L,301.4,310.0,1430,42.7,219,0,0,0,0,0,0
8759,L59876,L,298.0,308.3,1183,49.8,75,0,0,0,0,0,0
8760,L46195,L,299.8,309.2,1058,32.0,177,0,0,0,0,0,0
8761,L78942,L,300.4,311.9,1861,33.8,148,0,0,0,0,0,0
8762,L13537,L,299.0,310.0,1469,23.0,95,0,0,0,0,0,0
8763,L94856,L,300.9,309.7,1637,26.8,192,0,0,0,0,0,0
8764,M54143,M,295.5,305.3,1329,27.2,29,0,0,0,0,0,0
8765,L21359,L,301.1,310.4,1445,49.7,180,0,0,0,0,0,0
8766,L32916,L,299.0,307.9,1454,22.6,45,0,0,0,0,0,0
8767,M59379,M,299.8,309.7,1543,44.6,21,0,0,0,0,0,0
8768,H10086,H,302.9,313.7,1516,37.3,245,0,0,0,0,0,0
8769,L80028,L,297.5,307.4,1334,46.1,44,0,0,0,0,0,0
8770,L86050,L,300.5,310.0,1332,51.7,67,0,0,0,0,0,0
8771,L62424,L,301.6,309.4,1485,39.7,3,0,0,0,0,0,0
8772,H75015,H,300.3,309.7,1184,51.3,171,0,0,0,0,0,0
8773,M17992,M,296.8,307.3,1352,55.5,192,0,0,0,0,0,0
8774,M94566,M,302.7,311.4,1472,53.5,5,0,0,0,0,0,0
8775,M46840,M,299.6,310.9,1572,33.3,131,0,0,0,0,0,0
8776,L52134,L,298.9,308.4,1771,20.3,215,0,0,0,0,0,0
8777,L34548,L,299.4,309.6,1414,38.8,199,0,0,0,0,0,0
8778,M54707,M,299.2,308.8,1507,41.8,203,0,0,0,0,0,0
8779,M12134,M,297.6,306.4,1164,20.5,17,1,0,0,1,0,0
8780,L60475,L,300.3,310.8,1560,40.6,72,0,0,0,0,0,0
8781,L35179,L,298.8,308.2,1336,14.3,132,1,0,0,1,0,0
8782,L89404,L,301.3,310.5,1445,55.5,129,0,0,0,0,0,0
8783,H26826,H,301.0,308.7,1586,44.8,192,0,0,0,0,0,0
8784,L28530,L,303.3,314.6,1593,31.8,233,1,1,0,0,0,0
8785,M67697,M,299.6,309.6,1238,41.3,181,0,0,0,0,0,0
8786,L16170,L,298.4,309.5,1644,42.5,122,0,0,0,0,0,0
8787,M68990,M,297.1,307.7,1493,44.8,149,0,0,0,0,0,0
8788,M69770,M,304.4,315.5,1728,40.7,1,0,0,0,0,0,0
8789,L57380,L,301.3,310.8,1763,49.4,114,0,0,0,0,0,0
8790,M55840,M,298.6,307.2,1789,27.3,29,0,0,0,0,0,0
8791,M79858,M,303.4,314.1,1244,38.7,185,0,0,0,0,0,0
8792,M63333,M,302.7,312.8,1572,57.9,198,1,0,0,1,0,0
8793,L82025,L,297.3,306.8,1216,36.5,253,0,0,0,0,0,0
8794,M89857,M,298.5,309.2,1734,42.4,117,0,0,0,0,0,0
8795,L35363,L,299.7,310.0,1760,30.0,22,0,0,0,0,0,0
8796,L91578,L,297.9,308.5,1676,61.6,35,1,0,0,1,0,0
8797,L61182,L,299.8,308.8,1424,42.9,230,1,1,0,0,0,0
8798,M44069,M,301.4,312.4,1598,27.4,50,0,0,0,0,0,0
8799,L84449,L,297.3,307.2,1401,50.9,92,0,0,0,0,0,0
8800,L71969,L,300.6,311.7,1502,29.3,34,0,0,0,0,0,0
8801,L74086,L,302.3,313.3,1483,46.8,207,0,0,0,0,0,0
8802,L54291,L,300.8,311.5,1140,50.3,76,0,0,0,0,0,0
8803,L14606,L,299.8,309.7,1354,60.3,94,0,0,0,0,0,0
8804,L60026,L,298.7,309.4,1909,42.2,188,0,0,0,0,0,0
8805,M79352,M,301.7,312.8,1484,40.5,151,0,0,0,0,0,0
8806,L83169,L,297.6,308.3,1529,19.7,151,1,0,0,1,0,0
8807,L16714,L,300.5,310.7,1498,35.4,13,0,0,0,0,0,0
8808,M35163,M,300.1,310.8,1426,32.9,55,0,0,0,0,0,0
8809,H74865,H,302.3,311.7,1506,38.2,70,0,0,0,0,0,0
8810,M18235,M,298.8,310.3,1427,34.8,252,0,0,0,0,0,0
8811,M88934,M,299.0,307.3,1089,47.9,57,1,0,1,0,0,0
8812,H71401,H,297.5,307.6,1642,34.4,94,0,0,0,0,0,0
8813,L80659,L,300.9,310.5,1790,44.8,49,0,0,0,0,0,0
8814,H37480,H,299.2,308.5,1290,38.8,120,0,0,0,0,0,0
8815,H64614,H,298.3,308.6,1426,33.8,0,0,0,0,0,0,0
8816,L36794,L,298.5,307.3,1770,32.9,203,0,0,0,0,0,0
8817,M20888,M,301.1,313.2,1361,42.3,223,0,0,0,0,0,0
8818,M21267,M,297.8,306.4,1570,53.7,124,0,0,0,0,0,0
8819,M25088,M,298.0,307.0,2279,32.7,214,0,0,0,0,0,0
8820,M95650,M,301.8,310.7,1614,40.5,1,0,0,0,0,0,0
8821,L18375,L,299.7,309.9,1512,44.8,111,0,0,0,0,0,0
8822,L85074,L,301.9,312.9,1659,39.8,43,0,0,0,0,0,0
8823,M57512,M,299.3,309.8,1640,22.4,99,0,0,0,0,0,0
8824,M75783,M,300.0,311.5,1381,44.8,107,0,0,0,0,0,0
8825,M69873,M,300.3,309.5,1187,24.9,172,1,0,0,1,0,0
8826,M58897,M,302.8,313.4,1607,25.1,203,0,0,0,0,0,0
8827,M92985,M,302.6,312.3,1634,27.0,238,1,1,0,0,0,0
8828,H12633,H,302.3,312.5,1446,38.4,76,0,0,0,0,0,0
8829,L56249,L,298.7,309.9,1796,30.4,174,0,0,0,0,0,0
8830,H97394,H,298.0,306.3,1760,25.6,212,0,0,0,0,0,0
8831,L64667,L,301.5,313.5,1639,43.8,101,0,0,0,0,0,0
8832,L27652,L,302.8,312.6,1450,39.7,142,0,0,0,0,0,0
8833,L31948,L,302.3,310.7,1124,47.6,174,1,0,1,0,0,0
8834,L74369,L,300.0,309.3,1469,32.7,20,0,0,0,0,0,0
8835,L66283,L,301.5,311.6,1169,39.4,157,0,0,0,0,0,0
8836,L59229,L,301.5,310.8,1076,48.0,137,0,0,0,0,0,0
8837,M13627,M,300.3,308.2,1616,26.9,78,0,0,0,0,0,0
8838,M35303,M,300.4,310.5,1711,33.4,252,0,0,0,0,0,0
8839,L49929,L,300.2,309.5,1149,49.9,21,0,0,0,0,0,0
8840,M51087,M,298.4,309.1,1454,40.2,241,0,0,0,0,0,0
8841,L63603,L,298.6,307.6,1497,38.5,161,0,0,0,0,0,0
8842,L61881,L,298.6,310.9,1447,39.6,15,0,0,0,0,0,0
8843,L51978,L,296.8,307.3,1252,52.2,46,0,0,0,0,0,0
8844,L73187,L,300.3,310.5,1740,39.8,198,0,0,0,0,0,0
8845,M69663,M,299.9,310.5,1257,40.5,50,0,0,0,0,0,0
8846,L77059,L,301.5,309.7,1149,39.8,12,1,0,1,0,0,0
8847,M38129,M,302.5,312.0,1253,23.8,138,1,0,0,1,0,0
8848,L13120,L,302.6,314.4,1587,45.0,253,0,0,0,0,0,0
8849,M99827,M,302.8,312.5,1452,31.8,96,0,0,0,0,0,0
8850,H88393,H,298.5,308.4,1361,27.4,112,0,0,0,0,0,0
8851,L32654,L,297.1,306.7,1595,22.5,196,0,0,0,0,0,0
8852,L74781,L,301.9,313.3,1560,24.6,151,0,0,0,0,0,0
8853,L38641,L,302.8,312.5,1085,17.3,68,1,0,0,1,0,0
8854,L80420,L,303.1,311.9,1593,29.7,139,0,0,0,0,0,0
8855,L24868,L,301.0,313.5,1713,35.7,116,0,0,0,0,0,0
8856,L41248,L,296.0,304.6,1478,50.6,4,0,0,0,0,0,0
8857,M59091,M,300.7,310.6,1458,40.6,27,0,0,0,0,0,0
8858,H72464,H,301.1,310.3,1841,42.5,153,0,0,0,0,0,0
8859,L35915,L,302.5,311.8,1372,52.8,38,0,0,0,0,0,0
8860,L65103,L,302.9,311.8,1470,11.5,195,1,0,0,1,0,0
8861,L46905,L,301.8,311.3,1560,43.9,124,0,0,0,0,0,0
8862,L40438,L,298.8,309.8,1509,43.1,22,0,0,0,0,0,0
8863,M84546,M,297.9,306.0,1451,48.2,241,0,0,0,0,0,0
8864,L25120,L,301.1,312.3,1516,22.0,212,0,0,0,0,0,0
8865,L75587,L,298.4,309.5,1782,34.3,162,0,0,0,0,0,0
8866,L62453,L,303.0,313.5,1645,30.7,189,0,0,0,0,0,0
8867,L70818,L,296.6,306.7,1487,27.1,168,0,0,0,0,0,0
8868,L79297,L,301.1,311.4,1344,63.1,3,0,0,0,0,0,0
8869,L82640,L,300.6,312.1,1368,34.3,157,0,0,0,0,0,0
8870,M41026,M,299.6,307.8,1671,49.3,62,0,0,0,0,0,0
8871,L46582,L,298.1,308.9,1213,47.1,240,0,0,0,0,0,0
8872,M88095,M,295.9,305.1,1933,25.6,103,0,0,0,0,0,0
8873,L57138,L,298.9,309.8,1494,34.7,178,0,0,0,0,0,0
8874,M88175,M,299.0,308.4,1252,40.6,38,0,0,0,0,0,0
8875,L98636,L,302.2,312.9,1533,44.0,120,0,0,0,0,0,0
8876,L78586,L,298.4,306.9,1356,43.3,26,0,0,0,0,0,0
8877,M84393,M,300.9,309.2,1425,57.5,103,0,0,0,0,0,0
8878,M21514,M,297.4,307.3,1228,49.1,142,0,0,0,0,0,0
8879,L77377,L,301.0,312.4,1457,46.6,160,0,0,0,0,0,0
8880,L56190,L,295.5,306.1,1118,49.7,100,0,0,0,0,0,0
8881,M57738,M,304.2,314.7,1392,53.5,40,0,0,0,0,0,0
8882,H98416,H,299.7,310.6,1351,33.8,167,0,0,0,0,0,0
8883,M33330,M,294.4,304.0,1410,24.2,3,0,0,0,0,0,0
8884,L33364,L,298.6,309.2,1362,33.9,205,0,0,0,0,0,0
8885,L27343,L,298.2,307.7,1506,26.3,171,0,0,0,0,0,0
8886,L13244,L,298.7,308.4,1660,30.2,196,0,0,0,0,0,0
8887,L25057,L,299.3,309.1,1565,41.0,246,0,0,0,0,0,0
8888,L56657,L,298.7,308.1,1734,34.5,83,0,0,0,0,0,0
8889,M42958,M,298.4,308.3,1410,46.5,135,0,0,0,0,0,0
8890,L33981,L,297.7,307.4,1558,43.0,160,0,0,0,0,0,0
8891,M99639,M,301.6,310.9,1566,43.6,148,0,0,0,0,0,0
8892,M76629,M,302.4,312.3,1707,27.4,160,0,0,0,0,0,0
8893,M27150,M,299.5,309.6,1369,31.2,238,1,1,0,0,0,0
8894,L94751,L,300.0,308.9,1642,20.9,122,0,0,0,0,0,0
8895,L67485,L,297.7,308.2,1346,45.7,218,0,0,0,0,0,0
8896,L48805,L,300.1,309.6,1397,59.2,160,0,0,0,0,0,0
8897,L42902,L,300.5,310.7,1435,41.8,198,0,0,0,0,0,0
8898,L81853,L,299.6,308.9,1582,42.7,83,0,0,0,0,0,0
8899,L48805,L,300.8,311.8,1304,34.7,83,0,0,0,0,0,0
8900,L74388,L,300.6,311.6,1329,37.8,237,1,1,0,0,0,0
8901,L52681,L,297.9,306.8,1384,52.7,211,0,0,0,0,0,0
8902,H70395,H,302.4,312.9,1509,40.9,128,0,0,0,0,0,0
8903,M78032,M,299.6,311.0,1331,46.4,117,0,0,0,0,0,0
8904,L12905,L,303.4,312.4,1548,53.0,64,0,0,0,0,0,0
8905,H21194,H,300.8,310.0,1436,51.0,53,0,0,0,0,0,0
8906,L75268,L,303.9,314.7,1618,40.3,57,0,0,0,0,0,0
8907,L36136,L,302.4,311.0,1511,41.1,238,0,0,0,0,0,0
8908,M79996,M,300.5,309.7,1815,36.1,67,0,0,0,0,0,0
8909,L43933,L,298.6,307.5,1522,45.0,113,0,0,0,0,0,0
8910,L16746,L,298.6,309.3,1281,35.9,173,0,0,0,0,0,0
8911,L49309,L,301.1,310.4,1462,43.5,163,0,0,0,0,0,0
8912,L91722,L,300.3,310.0,1504,50.4,195,0,0,0,0,0,0
8913,M98745,M,298.8,308.1,1336,23.1,96,1,0,0,1,0,0
8914,L51648,L,301.7,312.8,1773,21.4,84,0,0,0,0,0,0
8915,L68858,L,300.1,309.2,1444,39.6,127,0,0,0,0,0,0
8916,L79432,L,301.7,310.3,1384,46.7,161,0,0,0,0,0,0
8917,L46947,L,298.0,306.6,1533,42.9,252,1,1,0,0,0,0
8918,L72817,L,302.0,312.7,1337,27.9,149,0,0,0,0,0,0
8919,M88600,M,301.0,311.8,1674,49.0,194,0,0,0,0,0,0
8920,M81947,M,302.4,313.6,1638,59.1,234,1,0,0,1,1,0
8921,L60136,L,302.0,310.7,1524,31.3,1,0,0,0,0,0,0
8922,M12010,M,299.8,309.6,1606,32.7,64,0,0,0,0,0,0
8923,L73816,L,299.7,312.1,1410,40.3,1,0,0,0,0,0,0
8924,L67892,L,303.6,313.3,1230,38.7,229,1,1,0,0,0,0
8925,L52812,L,299.4,308.9,1441,52.0,98,0,0,0,0,0,0
8926,L38605,L,301.5,311.5,1410,42.8,147,0,0,0,0,0,0
8927,M51905,M,299.2,309.8,1133,37.1,122,0,0,0,0,0,0
8928,H43802,H,296.3,306.8,1310,34.1,191,0,0,0,0,0,0
8929,L22786,L,297.5,306.9,1279,24.7,93,0,0,0,0,0,0
8930,L22201,L,300.8,310.2,1310,53.7,3,0,0,0,0,0,0
8931,M39668,M,301.4,311.1,1740,46.3,91,0,0,0,0,0,0
8932,L61415,L,300.8,310.1,1592,39.1,119,0,0,0,0,0,0
8933,L11790,L,302.3,311.1,1674,41.1,103,0,0,0,0,0,0
8934,H74964,H,300.8,312.6,1592,38.9,69,0,0,0,0,0,0
8935,M12423,M,298.4,308.0,1695,22.3,24,0,0,0,0,0,0
8936,H31929,H,301.2,310.8,1505,25.8,7,0,0,0,0,0,0
8937,L92361,L,300.3,310.0,1773,38.0,230,1,1,0,0,0,0
8938,L24049,L,298.8,308.8,1278,37.8,17,0,0,0,0,0,0
8939,L31797,L,300.9,311.4,1488,39.9,100,0,0,0,0,0,0
8940,H95619,H,300.2,309.7,1316,57.0,20,0,0,0,0,0,0
8941,L16396,L,298.8,309.9,1724,37.1,28,0,0,0,0,0,0
8942,L31794,L,299.6,310.2,1576,32.4,164,0,0,0,0,0,0
8943,L59976,L,302.8,312.6,1714,40.5,234,0,0,0,0,0,0
8944,M39558,M,302.8,312.1,1247,26.0,88,0,0,0,0,0,0
8945,M62952,M,300.4,311.5,1392,41.6,189,0,0,0,0,0,0
8946,M89329,M,300.1,310.0,1179,32.8,197,0,0,0,0,0,0
8947,L51100,L,297.1,305.9,1565,42.3,162,0,0,0,0,0,0
8948,M47663,M,303.4,314.5,1423,38.2,220,0,0,0,0,0,0
8949,L37720,L,302.1,311.3,1636,38.6,47,0,0,0,0,0,0
8950,L39806,L,301.5,312.4,1506,46.3,19,0,0,0,0,0,0
8951,L61938,L,295.5,302.9,1117,47.3,115,1,0,1,0,0,0
8952,L16252,L,300.1,309.7,1201,60.3,135,0,0,0,0,0,0
8953,L23089,L,299.7,310.9,1515,46.9,94,0,0,0,0,0,0
8954,H80939,H,301.4,311.4,1584,37.6,233,0,0,0,0,0,0
8955,L49663,L,299.1,309.7,1101,33.7,31,0,0,0,0,0,0
8956,L76230,L,299.5,308.6,1485,43.5,236,0,0,0,0,0,0
8957,M86830,M,301.2,311.6,1317,54.6,107,0,0,0,0,0,0
8958,M34538,M,298.5,308.5,1300,48.6,211,0,0,0,0,0,0
8959,L43988,L,298.9,309.1,1382,32.9,96,0,0,0,0,0,0
8960,M64836,M,300.4,312.4,1522,44.5,129,0,0,0,0,0,0
8961,L72525,L,302.7,314.0,1373,42.2,174,0,0,0,0,0,0
8962,L15178,L,301.6,312.4,1142,50.5,120,0,0,0,0,0,0
8963,M60865,M,302.2,313.0,1521,43.0,221,0,0,0,0,0,0
8964,L30896,L,300.1,309.2,1437,42.6,136,0,0,0,0,0,0
8965,L50897,L,303.0,312.5,1331,28.2,5,0,0,0,0,0,0
8966,L82974,L,296.5,305.0,1445,47.9,202,0,0,0,0,0,0
8967,L24053,L,304.0,312.8,1437,26.1,125,0,0,0,0,0,0
8968,L95291,L,304.3,313.4,1508,40.9,170,0,0,0,0,0,0
8969,H40636,H,300.9,310.9,1455,34.5,82,0,0,0,0,0,0
8970,L79405,L,301.7,310.4,1530,33.9,177,0,0,0,0,0,0
8971,M26411,M,299.9,309.9,1491,45.8,183,0,0,0,0,0,0
8972,L74843,L,299.6,309.4,1648,40.0,253,0,0,0,0,0,0
8973,M85605,M,298.8,307.6,1785,16.1,92,1,0,0,1,0,0
8974,L70054,L,299.9,311.4,1497,38.0,56,0,0,0,0,0,0
8975,L93868,L,301.1,309.8,1388,36.1,122,0,0,0,0,0,0
8976,L16608,L,300.8,312.0,1241,52.6,175,0,0,0,0,0,0
8977,L92476,L,304.0,311.7,1616,27.6,122,0,0,0,0,0,0
8978,H59974,H,300.2,310.1,1338,59.2,218,0,0,0,0,0,0
8979,M32486,M,297.0,305.8,1923,48.6,244,1,1,0,1,0,0
8980,M70656,M,303.3,312.6,2000,37.2,248,0,0,0,0,0,0
8981,L53873,L,297.6,309.4,1462,35.8,32,0,0,0,0,0,0
8982,L78691,L,298.9,308.5,1200,33.6,62,0,0,0,0,0,0
8983,M75704,M,300.5,309.4,1618,43.2,75,0,0,0,0,0,0
8984,M74015,M,300.8,311.3,1878,32.1,235,0,0,0,0,0,0
8985,L85709,L,297.1,306.8,1264,38.8,198,0,0,0,0,0,0
8986,M39647,M,298.5,308.7,1842,29.1,31,0,0,0,0,0,0
8987,L30702,L,297.0,306.1,1167,47.1,111,0,0,0,0,0,0
8988,H62197,H,301.2,310.4,1238,41.7,235,1,1,0,0,0,0
8989,L30939,L,302.4,311.6,1556,35.3,52,0,0,0,0,0,0
8990,L82680,L,297.6,308.4,1683,37.6,140,0,0,0,0,0,0
8991,M92124,M,302.0,311.8,1488,33.1,174,0,0,0,0,0,0
8992,L54589,L,301.9,310.8,1581,43.1,16,0,0,0,0,0,0
8993,L81115,L,298.7,308.8,1699,27.4,109,0,0,0,0,0,0
8994,L47106,L,296.0,306.1,1720,49.0,232,0,0,0,0,0,0
8995,L89015,L,297.9,308.4,1388,41.7,3,0,0,0,0,0,0
8996,H18108,H,298.8,308.3,1345,35.5,160,0,0,0,0,0,0
8997,M98611,M,303.1,313.0,1690,45.9,221,0,0,0,0,0,0
8998,L59252,L,299.8,310.2,1582,43.9,109,0,0,0,0,0,0
8999,H96226,H,298.0,307.0,1606,29.5,66,0,0,0,0,0,0
9000,M73761,M,300.3,311.2,1381,53.1,184,1,0,0,0,0,1
9001,M75624,M,297.4,307.4,1615,15.0,93,1,0,0,1,0,0
9002,L41860,L,301.0,309.9,1303,50.9,85,0,0,0,0,0,0
9003,L69881,L,298.0,306.9,1545,38.4,66,0,0,0,0,0,0
9004,L77734,L,298.3,308.2,1520,49.9,243,0,0,0,0,0,0
9005,L76226,L,300.8,310.2,1521,54.4,189,0,0,0,0,0,0
9006,M99406,M,303.5,314.3,1641,35.7,35,0,0,0,0,0,0
9007,L15056,L,304.4,314.1,1316,36.2,75,0,0,0,0,0,0
9008,L28683,L,297.9,308.2,1622,43.1,227,0,0,0,0,0,0
9009,M48717,M,298.8,308.0,1504,28.7,210,0,0,0,0,0,0
9010,L65946,L,301.0,311.0,1358,36.7,89,0,0,0,0,0,0
9011,L63034,L,302.3,313.7,1262,35.8,179,0,0,0,0,0,0
9012,M40218,M,295.7,305.5,1840,28.1,26,0,0,0,0,0,0
9013,M22112,M,300.2,309.6,1487,35.3,38,0,0,0,0,0,0
9014,L31827,L,299.0,308.2,1436,47.5,228,0,0,0,0,0,0
9015,H80197,H,296.2,306.1,1294,46.8,137,0,0,0,0,0,0
9016,M60279,M,297.3,308.7,1696,38.2,34,0,0,0,0,0,0
9017,M11236,M,298.9,307.5,1682,40.6,124,0,0,0,0,0,0
9018,L44552,L,300.1,310.1,1647,37.0,117,0,0,0,0,0,0
9019,M45765,M,302.0,310.3,1489,22.4,252,0,0,0,0,0,0
9020,M65794,M,300.7,310.3,1635,29.8,4,0,0,0,0,0,0
9021,L83136,L,301.9,312.2,1352,49.6,187,0,0,0,0,0,0
9022,H69659,H,300.1,308.5,1539,52.0,191,0,0,0,0,0,0
9023,H99199,H,298.6,308.1,1490,31.4,196,0,0,0,0,0,0
9024,L47118,L,299.6,309.9,1548,51.2,197,0,0,0,0,0,0
9025,M83837,M,301.4,311.5,1174,28.0,180,0,0,0,0,0,0
9026,L11223,L,302.1,312.4,1837,34.8,107,0,0,0,0,0,0
9027,M37544,M,299.7,308.7,1791,38.8,13,0,0,0,0,0,0
9028,M92137,M,298.1,308.4,1293,37.3,245,0,0,0,0,0,0
9029,L14965,L,300.7,310.1,1604,33.1,61,0,0,0,0,0,0
9030,L96570,L,301.0,311.7,1232,41.3,77,0,0,0,0,0,0
9031,L56377,L,302.5,310.2,1515,47.8,39,0,0,0,0,0,0
9032,H34745,H,298.6,308.4,1105,25.5,84,1,0,0,1,0,0
9033,L12154,L,298.7,308.8,1447,41.3,83,0,0,0,0,0,0
9034,M87504,M,301.5,312.9,1412,49.6,91,0,0,0,0,0,0
9035,L25621,L,299.2,309.3,1708,35.9,102,0,0,0,0,0,0
9036,L92126,L,299.1,309.3,1800,34.5,169,0,0,0,0,0,0
9037,H99282,H,302.5,312.9,1804,31.5,246,0,0,0,0,0,0
9038,L29865,L,297.3,308.5,1708,60.0,132,1,0,0,1,0,0
9039,L72956,L,304.1,313.7,1515,54.9,252,1,0,0,0,1,0
9040,L53609,L,298.8,307.4,1570,37.1,14,0,0,0,0,0,0
9041,L61699,L,301.7,310.1,1569,51.8,95,0,0,0,0,0,0
9042,L17221,L,299.8,310.4,1288,34.7,8,0,0,0,0,0,0
9043,L49842,L,300.5,310.8,1706,38.4,151,0,0,0,0,0,0
9044,M49951,M,299.5,309.2,1624,29.4,248,0,0,0,0,0,0
9045,L60191,L,301.7,311.1,1633,21.6,54,0,0,0,0,0,0
9046,L37599,L,299.3,309.5,1089,34.2,182,0,0,0,0,0,0
9047,L49234,L,298.9,309.1,1581,35.7,193,0,0,0,0,0,0
9048,L24687,L,303.6,314.1,1681,44.3,26,0,0,0,0,0,0
9049,H39685,H,300.1,309.0,1497,46.5,109,0,0,0,0,0,0
9050,L60029,L,298.6,306.9,1410,38.8,35,0,0,0,0,0,0
9051,L65903,L,297.0,306.1,1255,30.1,89,0,0,0,0,0,0
9052,L21575,L,303.7,312.4,1242,33.4,204,0,0,0,0,0,0
9053,H65149,H,298.9,307.5,1528,55.9,74,0,0,0,0,0,0
9054,M41783,M,304.1,315.7,1458,46.3,236,0,0,0,0,0,0
9055,M31886,M,300.8,308.5,1455,54.2,196,0,0,0,0,0,0
9056,H87693,H,300.3,310.8,1775,57.8,67,1,0,0,1,0,0
9057,M80110,M,300.3,311.2,1274,33.4,108,0,0,0,0,0,0
9058,H71169,H,304.4,315.4,1438,48.2,156,0,0,0,0,0,0
9059,L47848,L,295.6,305.9,1805,31.0,154,0,0,0,0,0,0
9060,M82517,M,300.4,311.7,1444,50.3,142,0,0,0,0,0,0
9061,M47441,M,299.5,311.3,1512,48.3,95,0,0,0,0,0,0
9062,H30999,H,299.6,309.3,1468,18.9,239,1,1,0,1,0,0
9063,L53109,L,300.3,310.7,1627,44.0,22,0,0,0,0,0,0
9064,M60583,M,299.5,310.7,1130,31.4,160,0,0,0,0,0,0
9065,L65941,L,300.4,309.5,1463,36.6,9,0,0,0,0,0,0
9066,M36378,M,300.0,309.7,1510,33.4,141,0,0,0,0,0,0
9067,L59483,L,297.4,306.7,1320,49.1,47,0,0,0,0,0,0
9068,L50732,L,300.8,311.2,1562,33.2,21,0,0,0,0,0,0
9069,M31525,M,301.4,309.5,1642,27.2,13,0,0,0,0,0,0
9070,L64796,L,298.9,310.4,1581,31.9,242,0,0,0,0,0,0
9071,L37627,L,303.7,314.3,1820,37.9,32,0,0,0,0,0,0
9072,L44264,L,302.7,313.3,1422,44.1,91,0,0,0,0,0,0
9073,M96818,M,301.7,309.3,1590,52.0,119,0,0,0,0,0,0
9074,M57624,M,301.7,310.6,1586,45.1,6,0,0,0,0,0,0
9075,M59384,M,300.1,311.6,1458,45.8,234,0,0,0,0,0,0
9076,L62933,L,302.3,312.1,1704,47.4,4,0,0,0,0,0,0
9077,M22156,M,303.1,311.4,1552,48.2,231,0,0,0,0,0,0
9078,M21580,M,301.6,311.8,1284,50.3,8,0,0,0,0,0,0
9079,L48525,L,298.9,309.5,1635,65.1,104,1,0,0,1,0,0
9080,L11947,L,299.9,310.5,1410,48.0,198,0,0,0,0,0,0
9081,L36622,L,301.1,311.0,1442,42.9,6,0,0,0,0,0,0
9082,L18063,L,301.7,312.8,1455,35.3,205,0,0,0,0,0,0
9083,L66714,L,299.8,309.1,1632,43.1,119,0,0,0,0,0,0
9084,L89452,L,298.9,309.4,1694,51.5,119,0,0,0,0,0,0
9085,L12861,L,303.2,313.3,1471,27.8,47,0,0,0,0,0,0
9086,L98734,L,297.9,307.7,1461,52.6,59,0,0,0,0,0,0
9087,L53345,L,298.1,307.7,1132,35.7,202,0,0,0,0,0,0
9088,M23163,M,297.3,307.0,1372,37.7,3,0,0,0,0,0,0
9089,L38311,L,298.1,308.1,1330,45.2,81,0,0,0,0,0,0
9090,L41759,L,302.5,312.2,1556,34.7,81,0,0,0,0,0,0
9091,M41486,M,302.6,313.3,1481,44.6,69,0,0,0,0,0,0
9092,L39970,L,299.9,309.3,1336,28.5,79,0,0,0,0,0,0
9093,L96518,L,301.0,312.6,1527,48.8,31,0,0,0,0,0,0
9094,L63481,L,300.0,309.4,1488,42.0,42,0,0,0,0,0,0
9095,L25919,L,297.6,308.5,1043,40.0,141,0,0,0,0,0,0
9096,L37711,L,304.4,315.4,1699,42.7,142,0,0,0,0,0,0
9097,L41349,L,302.7,312.9,1682,39.8,235,1,1,0,0,0,0
9098,L96048,L,300.7,310.8,1457,44.4,135,0,0,0,0,0,0
9099,L88403,L,298.3,307.6,1563,37.9,111,0,0,0,0,0,0
9100,H26464,H,299.6,309.0,1441,37.1,24,0,0,0,0,0,0
9101,L73345,L,298.6,308.8,1211,22.3,186,1,0,0,1,0,0
9102,L53274,L,300.2,310.2,1889,53.6,113,1,0,0,1,0,0
9103,L29930,L,300.6,311.8,1635,28.4,192,0,0,0,0,0,0
9104,M29852,M,299.3,308.9,1669,56.2,49,1,0,0,1,0,0
9105,M68968,M,297.1,306.7,1449,37.6,156,0,0,0,0,0,0
9106,M46107,M,304.3,312.6,1703,52.2,183,0,0,0,0,0,0
9107,L11216,L,300.5,311.1,1253,50.4,92,0,0,0,0,0,0
9108,L28074,L,300.9,311.5,1456,49.6,121,0,0,0,0,0,0
9109,M10180,M,299.2,310.1,1633,40.5,16,0,0,0,0,0,0
9110,L17920,L,296.9,307.9,1387,28.1,68,0,0,0,0,0,0
9111,H26029,H,299.8,310.6,1664,38.2,42,0,0,0,0,0,0
9112,L91119,L,299.4,310.2,1555,36.9,95,0,0,0,0,0,0
9113,L40496,L,301.4,312.0,1538,39.0,23,0,0,0,0,0,0
9114,L62433,L,301.8,312.6,1370,27.7,210,0,0,0,0,0,0
9115,L92454,L,301.5,309.7,1573,37.1,186,0,0,0,0,0,0
9116,M70423,M,302.0,310.9,1848,10.8,219,1,0,0,1,0,0
9117,L95560,L,303.6,312.3,1532,37.0,240,0,0,0,0,0,0
9118,L46382,L,300.8,312.0,1600,41.3,143,0,0,0,0,0,0
9119,M12966,M,302.2,311.4,1627,32.2,189,0,0,0,0,0,0
9120,M24176,M,301.0,310.4,1294,37.3,124,0,0,0,0,0,0
9121,M94334,M,296.2,306.2,1476,41.6,199,0,0,0,0,0,0
9122,H97244,H,299.7,308.4,1471,50.1,136,0,0,0,0,0,0
9123,M64897,M,298.3,308.6,1118,50.5,186,0,0,0,0,0,0
9124,L40523,L,300.5,308.3,1642,43.1,70,0,0,0,0,0,0
9125,M23921,M,298.4,307.2,1332,39.7,174,0,0,0,0,0,0
9126,H76591,H,301.2,311.4,1622,43.6,146,0,0,0,0,0,0
9127,L43540,L,302.0,310.7,1364,58.0,63,0,0,0,0,0,0
9128,M91300,M,302.4,313.7,1868,45.0,173,0,0,0,0,0,0
9129,L72259,L,303.2,313.3,1450,42.6,94,0,0,0,0,0,0
9130,M60401,M,296.6,307.8,1846,50.7,159,1,0,0,1,0,0
9131,L85447,L,297.6,308.0,1469,40.5,167,0,0,0,0,0,0
9132,M46917,M,305.9,315.8,1490,31.5,170,0,0,0,0,0,0
9133,L67119,L,302.0,311.0,1782,44.6,173,0,0,0,0,0,0
9134,L33096,L,300.4,311.4,1335,41.7,106,0,0,0,0,0,0
9135,L98942,L,300.1,310.5,1509,37.8,158,0,0,0,0,0,0
9136,M14509,M,299.9,312.0,1597,45.4,229,0,0,0,0,0,0
9137,L31593,L,296.1,307.0,1573,21.9,17,0,0,0,0,0,0
9138,M16533,M,298.5,308.1,1508,34.6,198,0,0,0,0,0,0
9139,L95434,L,299.8,310.1,1483,31.2,33,0,0,0,0,0,0
9140,L70339,L,298.6,309.0,1652,32.3,118,0,0,0,0,0,0
9141,L33262,L,298.8,310.0,1532,38.5,42,0,0,0,0,0,0
9142,H92800,H,305.1,316.4,1674,30.9,198,0,0,0,0,0,0
9143,L75727,L,299.5,309.3,1571,56.8,9,0,0,0,0,0,0
9144,M78238,M,300.6,309.3,1617,44.5,177,0,0,0,0,0,0
9145,L57758,L,300.5,308.6,1704,32.1,102,0,0,0,0,0,0
9146,M37716,M,301.2,310.0,1444,22.6,67,0,0,0,0,0,0
9147,L93709,L,299.0,308.5,1699,34.2,243,1,1,0,0,0,0
9148,L20224,L,302.5,314.0,1472,36.7,74,0,0,0,0,0,0
9149,L31045,L,300.9,312.4,1248,33.7,54,0,0,0,0,0,0
9150,L28287,L,297.4,308.4,1441,65.4,109,1,0,0,1,0,0
9151,L78648,L,299.8,311.0,1370,23.5,76,0,0,0,0,0,0
9152,L87186,L,299.7,308.9,1568,40.5,184,0,0,0,0,0,0
9153,L85761,L,299.6,308.0,1449,38.7,8,0,0,0,0,0,0
9154,H32518,H,301.0,310.0,1523,37.5,175,0,0,0,0,0,0
9155,L58369,L,301.3,309.2,1683,20.6,107,0,0,0,0,0,0
9156,H58895,H,301.0,309.9,1767,39.6,198,0,0,0,0,0,0
9157,L96829,L,300.7,310.2,1553,41.8,84,0,0,0,0,0,0
9158,L99522,L,300.2,310.3,1695,47.1,5,0,0,0,0,0,0
9159,L38611,L,295.7,305.8,1468,44.8,193,0,0,0,0,0,0
9160,L99907,L,301.6,310.9,1219,52.2,34,0,0,0,0,0,0
9161,L90155,L,301.0,311.5,1288,19.5,121,1,0,0,1,0,0
9162,M29409,M,298.0,307.4,1465,37.7,211,0,0,0,0,0,0
9163,M76047,M,300.6,310.6,1643,65.0,234,1,1,0,1,1,0
9164,L96260,L,301.3,310.2,1465,50.6,62,0,0,0,0,0,0
9165,L32882,L,302.3,313.4,1713,25.5,212,0,0,0,0,0,0
9166,L37778,L,301.0,311.0,1830,40.9,196,0,0,0,0,0,0
9167,M89414,M,300.6,311.3,1340,29.5,234,0,0,0,0,0,0
9168,L84925,L,301.9,310.7,1882,35.7,206,0,0,0,0,0,0
9169,L83286,L,299.4,309.6,1206,60.0,23,0,0,0,0,0,0
9170,L31209,L,300.8,311.4,1833,49.6,239,1,0,0,1,0,0
9171,L33348,L,298.8,306.7,1494,24.8,6,0,0,0,0,0,0
9172,M13510,M,302.2,313.4,1458,32.3,87,0,0,0,0,0,0
9173,L75391,L,296.8,305.5,1499,40.0,98,0,0,0,0,0,0
9174,L82313,L,301.6,311.8,1356,37.4,123,0,0,0,0,0,0
9175,H83267,H,300.0,311.8,1770,43.1,60,0,0,0,0,0,0
9176,H51042,H,301.9,312.9,1375,32.3,31,0,0,0,0,0,0
9177,L17646,L,298.4,306.9,1398,36.3,212,0,0,0,0,0,0
9178,L98738,L,300.2,310.0,1252,32.1,162,0,0,0,0,0,0
9179,M87758,M,300.1,311.4,1368,36.3,120,0,0,0,0,0,0
9180,L41845,L,300.9,310.1,1374,47.0,196,0,0,0,0,0,0
9181,L75475,L,297.9,307.5,1362,43.0,232,1,1,0,0,0,0
9182,L42994,L,301.3,310.9,1468,33.0,57,0,0,0,0,0,0
9183,L86816,L,296.3,306.9,1299,51.3,82,0,0,0,0,0,0
9184,H60966,H,298.7,307.1,1787,50.6,236,1,1,0,0,0,0
9185,M99949,M,296.9,307.5,1472,40.0,138,0,0,0,0,0,0
9186,H81582,H,301.7,311.0,1567,37.4,71,0,0,0,0,0,0
9187,M68460,M,300.8,310.8,1655,57.6,40,1,0,0,1,0,0
9188,M11868,M,300.9,310.7,1864,56.1,250,1,0,0,1,1,0
9189,M49437,M,302.9,313.5,1664,24.9,135,0,0,0,0,0,0
9190,M67079,M,299.4,309.3,1455,51.9,218,0,0,0,0,0,0
9191,L55155,L,301.2,312.7,1307,57.2,161,0,0,0,0,0,0
9192,L31855,L,300.1,311.1,1561,46.6,112,0,0,0,0,0,0
9193,L63960,L,299.8,309.0,1691,35.3,217,0,0,0,0,0,0
9194,L30198,L,302.6,314.0,1526,36.5,90,0,0,0,0,0,0
9195,L95988,L,304.2,314.5,1512,57.1,194,0,0,0,0,0,0
9196,L17911,L,299.1,309.3,1538,48.4,115,0,0,0,0,0,0
9197,L34173,L,301.7,312.5,1163,45.5,227,1,1,0,0,0,0
9198,L10764,L,300.6,309.6,1526,63.3,127,1,0,0,1,0,0
9199,L29093,L,300.7,309.3,1632,29.9,82,0,0,0,0,0,0
9200,L37343,L,300.5,310.5,1492,39.1,184,0,0,0,0,0,0
9201,L95008,L,299.3,308.7,1702,41.9,218,0,0,0,0,0,0
9202,H68209,H,292.8,304.9,1708,37.9,215,0,0,0,0,0,0
9203,L23315,L,303.1,312.3,1409,21.6,121,1,0,0,1,0,0
9204,L48481,L,298.6,308.7,1580,50.0,111,0,0,0,0,0,0
9205,L23774,L,299.5,309.7,1508,32.5,38,0,0,0,0,0,0
9206,M20468,M,299.6,310.8,1135,32.3,10,0,0,0,0,0,0
9207,M63096,M,298.4,307.4,1466,36.4,236,1,1,0,0,0,0
9208,L54209,L,300.5,308.9,1314,37.7,183,1,0,1,0,0,0
9209,L25879,L,299.9,311.3,1524,38.8,146,0,0,0,0,0,0
9210,M84068,M,298.6,308.6,1623,49.6,148,0,0,0,0,0,0
9211,H97659,H,300.3,311.1,1461,51.7,6,0,0,0,0,0,0
9212,L85265,L,299.9,310.8,1338,37.4,115,0,0,0,0,0,0
9213,L89427,L,301.9,312.9,1542,34.0,233,0,0,0,0,0,0
9214,L62324,L,297.3,306.9,1940,38.7,117,0,0,0,0,0,0
9215,L30747,L,298.4,307.7,1109,31.1,147,0,0,0,0,0,0
9216,M59674,M,301.5,309.5,1542,39.7,95,0,0,0,0,0,0
9217,H26909,H,298.7,307.7,1402,30.5,27,0,0,0,0,0,0
9218,H42921,H,298.2,308.3,1423,61.3,82,0,0,0,0,0,0
9219,M45882,M,298.8,308.1,1481,41.3,22,0,0,0,0,0,0
9220,L54005,L,299.8,308.7,1438,34.6,146,0,0,0,0,0,0
9221,H83437,H,299.8,309.9,1608,47.1,248,0,0,0,0,0,0
9222,L79466,L,299.6,310.9,1456,27.7,92,0,0,0,0,0,0
9223,L71010,L,297.9,307.9,1111,32.9,217,0,0,0,0,0,0
9224,M48927,M,301.5,310.4,1730,44.2,11,0,0,0,0,0,0
9225,L13139,L,302.7,313.9,1703,41.4,128,0,0,0,0,0,0
9226,M85678,M,296.2,305.4,1391,50.5,166,0,0,0,0,0,0
9227,H27687,H,296.9,308.4,1509,12.7,81,1,0,0,1,0,0
9228,M65243,M,302.0,311.7,1719,48.2,25,0,0,0,0,0,0
9229,M23112,M,303.1,313.2,1686,34.6,55,0,0,0,0,0,0
9230,L46638,L,295.7,307.3,1744,28.3,18,0,0,0,0,0,0
9231,L24701,L,301.6,310.3,1567,22.8,225,0,0,0,0,0,0
9232,M93034,M,303.3,312.2,1639,34.4,1,0,0,0,0,0,0
9233,L46338,L,298.3,307.9,1754,55.9,18,1,0,0,1,0,0
9234,H89876,H,303.2,313.0,1438,49.7,201,0,0,0,0,0,0
9235,L49741,L,299.6,312.3,1579,56.3,76,0,0,0,0,0,0
9236,L45879,L,300.6,309.7,1114,38.9,92,0,0,0,0,0,0
9237,L44060,L,298.6,307.3,1216,41.1,78,0,0,0,0,0,0
9238,M76717,M,302.0,311.1,1590,24.2,225,0,0,0,0,0,0
9239,M79546,M,301.7,311.9,1617,24.2,235,0,0,0,0,0,0
9240,H93618,H,303.4,313.9,1430,38.5,235,0,0,0,0,0,0
9241,L15036,L,302.9,312.2,1391,26.2,78,0,0,0,0,0,0
9242,L62978,L,300.0,310.0,1436,31.4,51,0,0,0,0,0,0
9243,L32036,L,306.2,318.2,1535,40.4,209,0,0,0,0,0,0
9244,L94343,L,302.7,312.7,1084,52.7,215,0,0,0,0,0,0
9245,L33232,L,301.1,311.4,1584,40.1,90,0,0,0,0,0,0
9246,L17184,L,298.0,309.9,1506,26.4,146,0,0,0,0,0,0
9247,L42678,L,296.9,306.2,1545,21.8,99,0,0,0,0,0,0
9248,L94429,L,297.1,306.3,1478,41.2,4,0,0,0,0,0,0
9249,M63422,M,298.1,307.7,1251,33.7,104,0,0,0,0,0,0
9250,M71353,M,302.8,312.2,1302,41.2,226,1,1,0,0,0,0
9251,L63748,L,301.0,309.2,1774,38.0,217,0,0,0,0,0,0
9252,L24232,L,298.8,308.9,1384,39.3,26,0,0,0,0,0,0
9253,M91742,M,299.7,309.9,1645,52.0,78,0,0,0,0,0,0
9254,M20823,M,299.5,309.3,1305,50.5,19,0,0,0,0,0,0
9255,M37794,M,301.6,311.8,1497,43.7,75,0,0,0,0,0,0
9256,L75760,L,298.2,308.5,1421,31.0,75,0,0,0,0,0,0
9257,L93423,L,300.7,309.4,1448,34.5,13,0,0,0,0,0,0
9258,H32442,H,300.6,310.9,1439,47.6,226,0,0,0,0,0,0
9259,L96692,L,298.3,308.9,1760,53.0,212,1,0,0,1,0,0
9260,L13062,L,303.2,311.6,1847,27.3,235,1,1,0,0,0,0
9261,H55363,H,299.4,310.9,1543,55.3,188,0,0,0,0,0,0
9262,L28142,L,298.0,306.8,1426,32.2,192,0,0,0,0,0,0
9263,M89122,M,301.7,310.6,1261,46.7,199,0,0,0,0,0,0
9264,M19453,M,300.1,310.3,1248,68.0,171,0,0,0,0,0,0
9265,L62069,L,300.8,311.4,1761,24.1,45,0,0,0,0,0,0
9266,M25335,M,297.6,308.4,1236,45.1,45,0,0,0,0,0,0
9267,L19497,L,301.6,312.2,1421,36.9,127,0,0,0,0,0,0
9268,M57620,M,304.3,313.8,1528,44.5,175,1,0,0,0,0,1
9269,H34952,H,297.5,307.6,1032,33.8,8,0,0,0,0,0,0
9270,M57978,M,300.7,310.4,1275,15.2,138,1,0,0,1,0,0
9271,L36429,L,298.4,308.6,1259,32.5,224,0,0,0,0,0,0
9272,M50346,M,305.4,315.4,1380,43.5,32,0,0,0,0,0,0
9273,H29092,H,302.5,312.0,1547,53.5,79,0,0,0,0,0,0
9274,M77209,M,300.6,310.2,1685,44.1,250,0,0,0,0,0,0
9275,M91485,M,297.5,305.7,1381,54.7,83,0,0,0,0,0,0
9276,L11431,L,298.0,308.9,1417,35.1,7,0,0,0,0,0,0
9277,M47830,M,301.5,311.8,1478,34.3,173,0,0,0,0,0,0
9278,L90011,L,297.3,305.0,1355,43.4,249,1,1,0,0,0,0
9279,L94736,L,297.3,308.1,1575,36.2,58,0,0,0,0,0,0
9280,H99085,H,300.0,310.0,1581,51.2,55,0,0,0,0,0,0
9281,H16748,H,300.3,309.3,1010,25.9,109,1,0,0,1,0,0
9282,H95024,H,300.8,309.7,1615,48.6,136,0,0,0,0,0,0
9283,L17062,L,299.1,308.4,1523,52.1,206,0,0,0,0,0,0
9284,L33857,L,301.8,310.9,1547,43.7,251,1,1,0,0,0,0
9285,L52280,L,298.3,307.5,1712,49.1,206,0,0,0,0,0,0
9286,L89054,L,301.3,313.0,1178,33.5,74,0,0,0,0,0,0
9287,M49259,M,300.4,310.8,1274,31.7,199,0,0,0,0,0,0
9288,L76730,L,301.2,313.2,1487,43.5,160,0,0,0,0,0,0
9289,L61100,L,302.4,312.6,1082,32.8,124,0,0,0,0,0,0
9290,L53567,L,299.1,309.7,1462,43.0,161,0,0,0,0,0,0
9291,L20099,L,298.7,307.8,1652,43.0,111,0,0,0,0,0,0
9292,M98986,M,296.6,306.5,1571,39.3,160,0,0,0,0,0,0
9293,M18397,M,296.0,305.9,1514,42.8,186,0,0,0,0,0,0
9294,L30435,L,299.6,310.3,1458,46.3,3,0,0,0,0,0,0
9295,L86890,L,299.8,309.7,1423,39.0,156,0,0,0,0,0,0
9296,L62632,L,297.8,308.2,1413,35.2,39,0,0,0,0,0,0
9297,L38507,L,298.3,308.6,1541,48.2,85,0,0,0,0,0,0
9298,H29213,H,303.0,312.7,1221,42.7,112,0,0,0,0,0,0
9299,M23452,M,301.8,311.3,1763,44.5,246,0,0,0,0,0,0
9300,L33017,L,297.5,306.8,1367,45.8,82,0,0,0,0,0,0
9301,M82170,M,299.1,310.2,1600,41.5,207,0,0,0,0,0,0
9302,L84828,L,300.8,310.5,1514,36.6,85,0,0,0,0,0,0
9303,L70885,L,298.7,309.1,1292,33.8,58,0,0,0,0,0,0
9304,L67249,L,298.4,308.2,1733,39.1,110,0,0,0,0,0,0
9305,L35981,L,299.3,310.4,1695,44.8,23,0,0,0,0,0,0
9306,L74243,L,302.2,310.2,1217,45.3,207,1,0,1,0,0,0
9307,M95191,M,302.4,312.7,1487,41.4,126,0,0,0,0,0,0
9308,H42159,H,298.5,307.3,1537,43.5,174,0,0,0,0,0,0
9309,L60051,L,300.9,311.3,1127,29.0,202,0,0,0,0,0,0
9310,M93080,M,300.0,309.8,1118,35.4,103,0,0,0,0,0,0
9311,L23443,L,298.0,306.5,1350,46.7,114,0,0,0,0,0,0
9312,L51014,L,299.4,309.7,1264,31.7,64,0,0,0,0,0,0
9313,L74002,L,297.5,307.7,1312,41.4,181,0,0,0,0,0,0
9314,L39493,L,302.3,312.1,1264,40.5,211,0,0,0,0,0,0
9315,L17736,L,303.1,313.0,1478,38.9,145,0,0,0,0,0,0
9316,H26756,H,299.2,309.3,1339,46.8,10,0,0,0,0,0,0
9317,M89497,M,298.7,309.9,1701,42.3,180,0,0,0,0,0,0
9318,L33795,L,302.1,311.8,1532,28.0,169,0,0,0,0,0,0
9319,M88317,M,302.4,313.4,1643,45.2,87,0,0,0,0,0,0
9320,L80981,L,297.8,307.7,1196,34.9,104,0,0,0,0,0,0
9321,M66260,M,299.7,311.0,1387,26.4,125,0,0,0,0,0,0
9322,L39998,L,299.9,309.6,1525,47.4,200,0,0,0,0,0,0
9323,L47573,L,298.5,307.8,1582,28.1,172,0,0,0,0,0,0
9324,M38936,M,300.8,309.7,1383,36.5,131,0,0,0,0,0,0
9325,L44075,L,298.6,308.6,1410,42.9,204,0,0,0,0,0,0
9326,L44860,L,298.9,308.1,1430,39.3,217,0,0,0,0,0,0
9327,L45435,L,299.8,311.2,1446,33.8,13,0,0,0,0,0,0
9328,L39444,L,297.0,306.2,1890,30.1,18,0,0,0,0,0,0
9329,L45282,L,295.9,305.2,1556,32.4,120,0,0,0,0,0,0
9330,M57031,M,301.8,312.4,1507,29.2,198,0,0,0,0,0,0
9331,M57479,M,298.5,309.7,1273,38.7,28,0,0,0,0,0,0
9332,L98017,L,304.3,315.0,1278,34.5,218,0,0,0,0,0,0
9333,L25132,L,303.9,315.0,1462,26.2,35,0,0,0,0,0,0
9334,M95326,M,299.0,308.9,1703,37.1,176,0,0,0,0,0,0
9335,M86245,M,304.7,314.6,1464,33.6,203,0,0,0,0,0,0
9336,M94057,M,301.9,313.9,1472,42.7,12,0,0,0,0,0,0
9337,L82177,L,298.7,310.4,1366,43.6,215,0,0,0,0,0,0
9338,L64283,L,294.8,305.6,1186,53.4,213,0,0,0,0,0,0
9339,L48367,L,301.4,312.5,1579,46.5,37,0,0,0,0,0,0
9340,L98638,L,300.1,310.9,1454,29.1,53,0,0,0,0,0,0
9341,L84589,L,300.9,309.7,1580,18.3,218,1,0,0,1,0,0
9342,L42918,L,299.5,309.5,1528,24.8,244,0,0,0,0,0,0
9343,M35711,M,297.7,309.2,1326,35.0,123,0,0,0,0,0,0
9344,L27900,L,299.1,309.9,1541,23.9,32,0,0,0,0,0,0
9345,M71840,M,301.4,311.3,1268,33.8,71,0,0,0,0,0,0
9346,L91491,L,299.3,310.8,1539,40.3,86,0,0,0,0,0,0
9347,L89484,L,299.3,309.6,1489,34.4,160,0,0,0,0,0,0
9348,M83689,M,297.0,307.7,1777,42.8,183,0,0,0,0,0,0
9349,M86299,M,300.2,310.6,1344,33.9,154,0,0,0,0,0,0
9350,L45013,L,297.8,308.3,1261,32.4,225,0,0,0,0,0,0
9351,M82269,M,301.8,312.4,1426,57.1,3,0,0,0,0,0,0
9352,L31632,L,298.5,309.8,1610,39.7,99,0,0,0,0,0,0
9353,L60472,L,299.4,310.8,1000,41.1,74,0,0,0,0,0,0
9354,M43291,M,304.3,313.9,1658,48.4,190,0,0,0,0,0,0
9355,M32545,M,299.4,309.7,1462,48.8,172,0,0,0,0,0,0
9356,L48910,L,299.1,310.4,1294,36.3,225,0,0,0,0,0,0
9357,H78219,H,301.2,311.0,1434,50.5,79,0,0,0,0,0,0
9358,M85125,M,296.4,305.1,1367,35.5,216,0,0,0,0,0,0
9359,M63643,M,302.5,311.6,1279,50.2,136,0,0,0,0,0,0
9360,L45047,L,302.0,311.1,1151,27.7,39,0,0,0,0,0,0
9361,L67039,L,301.0,310.6,1631,36.9,210,0,0,0,0,0,0
9362,L53296,L,293.2,302.5,1399,42.2,59,0,0,0,0,0,0
9363,M40999,M,299.5,310.5,1430,43.6,192,0,0,0,0,0,0
9364,L26575,L,297.5,307.2,1652,31.6,136,0,0,0,0,0,0
9365,M51036,M,302.2,313.5,1510,23.5,130,0,0,0,0,0,0
9366,L75888,L,302.1,311.0,1219,44.6,135,0,0,0,0,0,0
9367,M61628,M,300.8,310.4,1621,37.9,247,0,0,0,0,0,0
9368,M66424,M,297.6,307.7,1767,36.1,148,0,0,0,0,0,0
9369,M77953,M,303.0,313.8,1591,56.5,11,0,0,0,0,0,0
9370,M23272,M,299.5,310.6,1344,37.1,242,0,0,0,0,0,0
9371,M84737,M,303.6,313.1,1235,34.8,71,0,0,0,0,0,0
9372,L35443,L,300.5,311.5,1338,22.0,119,1,0,0,1,0,0
9373,M34690,M,301.0,309.3,1519,29.2,208,0,0,0,0,0,0
9374,H37969,H,299.1,310.0,1757,48.8,21,0,0,0,0,0,0
9375,L80041,L,302.8,311.5,1363,32.7,59,0,0,0,0,0,0
9376,L65330,L,301.2,311.7,1383,46.3,222,0,0,0,0,0,0
9377,H14878,H,302.9,314.0,1684,27.1,30,0,0,0,0,0,0
9378,L11911,L,300.4,311.2,1422,31.3,131,0,0,0,0,0,0
9379,L71271,L,299.9,308.3,1809,31.1,47,0,0,0,0,0,0
9380,L62504,L,301.2,310.7,1473,44.8,90,0,0,0,0,0,0
9381,L40749,L,302.9,313.6,1710,37.9,200,0,0,0,0,0,0
9382,L33102,L,302.0,312.7,1569,28.9,243,0,0,0,0,0,0
9383,L77099,L,300.3,310.6,1627,47.1,145,0,0,0,0,0,0
9384,H91812,H,296.3,304.1,1468,44.9,92,0,0,0,0,0,0
9385,L88444,L,301.6,312.8,1480,43.4,20,0,0,0,0,0,0
9386,L83997,L,297.1,308.5,1575,43.0,102,0,0,0,0,0,0
9387,M12908,M,300.1,310.2,1644,31.5,206,0,0,0,0,0,0
9388,M60348,M,299.8,310.0,1595,52.6,191,0,0,0,0,0,0
9389,L35225,L,297.2,307.7,1182,39.0,90,0,0,0,0,0,0
9390,L36796,L,300.7,312.2,1546,42.7,43,0,0,0,0,0,0
9391,M89057,M,304.3,314.6,1382,43.8,138,0,0,0,0,0,0
9392,M33753,M,299.4,309.2,1402,30.6,211,0,0,0,0,0,0
9393,L70474,L,301.5,311.9,1582,59.0,142,1,0,0,1,0,0
9394,L15286,L,304.7,314.7,1806,39.7,137,0,0,0,0,0,0
9395,M75612,M,301.7,311.7,1458,40.3,179,0,0,0,0,0,0
9396,M44351,M,298.7,306.9,1855,35.9,33,0,0,0,0,0,0
9397,L19941,L,300.5,311.0,1303,51.5,157,0,0,0,0,0,0
9398,M23342,M,301.0,312.1,1722,51.9,20,0,0,0,0,0,0
9399,M42999,M,302.9,313.9,1578,41.6,40,0,0,0,0,0,0
9400,M66573,M,302.4,313.4,1538,25.3,13,0,0,0,0,0,0
9401,M84677,M,294.5,304.4,1749,38.4,155,0,0,0,0,0,0
9402,M87559,M,298.3,308.4,1385,39.4,244,1,1,0,0,0,0
9403,L83711,L,299.9,311.1,1730,35.5,38,0,0,0,0,0,0
9404,L16987,L,298.0,308.8,1463,30.2,119,0,0,0,0,0,0
9405,M81676,M,292.6,304.1,1384,24.5,226,0,0,0,0,0,0
9406,M90503,M,298.5,307.9,1261,54.7,215,0,0,0,0,0,0
9407,L64951,L,300.0,309.3,1785,47.4,107,0,0,0,0,0,0
9408,L46345,L,298.9,308.6,1705,40.3,188,0,0,0,0,0,0
9409,M85208,M,298.0,307.1,1414,33.5,11,0,0,0,0,0,0
9410,M12550,M,300.1,308.8,1598,43.6,191,0,0,0,0,0,0
9411,L10827,L,300.7,311.2,1523,42.0,184,0,0,0,0,0,0
9412,L17522,L,299.1,309.5,1436,36.0,147,0,0,0,0,0,0
9413,L73270,L,302.7,313.0,1674,43.9,29,0,0,0,0,0,0
9414,H10019,H,300.1,310.5,1387,45.1,75,0,0,0,0,0,0
9415,M18421,M,298.3,306.8,1106,46.9,43,0,0,0,0,0,0
9416,L63283,L,297.8,307.3,1547,31.1,15,0,0,0,0,0,0
9417,L62697,L,299.6,309.3,1512,44.3,227,1,1,0,0,0,0
9418,M34297,M,302.2,312.3,1393,51.8,46,0,0,0,0,0,0
9419,L85862,L,298.4,306.9,1339,43.0,52,0,0,0,0,0,0
9420,H52162,H,301.2,310.3,1219,62.1,177,0,0,0,0,0,0
9421,L65505,L,300.2,309.8,1435,38.2,81,0,0,0,0,0,0
9422,L75621,L,304.0,315.0,1342,22.8,102,1,0,0,1,0,0
9423,L72151,L,300.8,311.0,1674,31.5,14,0,0,0,0,0,0
9424,L47738,L,298.6,309.6,1593,33.3,234,1,1,0,0,0,0
9425,M60904,M,301.5,311.4,1413,45.6,252,0,0,0,0,0,0
9426,M27724,M,301.5,311.5,1594,48.3,93,0,0,0,0,0,0
9427,L69910,L,299.2,309.7,1481,41.4,55,0,0,0,0,0,0
9428,L85418,L,297.7,307.5,1451,42.9,179,0,0,0,0,0,0
9429,M70665,M,301.1,310.4,1490,59.2,192,0,0,0,0,0,0
9430,M28572,M,300.1,308.6,1819,31.7,39,0,0,0,0,0,0
9431,L97581,L,297.0,306.4,1616,39.3,123,0,0,0,0,0,0
9432,L75252,L,300.5,311.3,1446,35.5,49,0,0,0,0,0,0
9433,L95247,L,298.7,310.0,1661,28.3,59,0,0,0,0,0,0
9434,L71883,L,297.0,306.2,1654,19.8,125,0,0,0,0,0,0
9435,M69464,M,299.3,307.6,1547,53.0,101,0,0,0,0,0,0
9436,L82098,L,302.6,313.5,1441,32.4,120,0,0,0,0,0,0
9437,L86607,L,302.4,312.5,1429,37.5,97,0,0,0,0,0,0
9438,M50106,M,301.9,310.5,1306,44.3,18,0,0,0,0,0,0
9439,L67702,L,300.5,307.4,1532,28.1,19,0,0,0,0,0,0
9440,L93602,L,301.2,310.2,1390,31.7,66,0,0,0,0,0,0
9441,L80119,L,300.2,309.7,1421,39.8,132,0,0,0,0,0,0
9442,H20893,H,297.8,306.6,1612,35.6,54,0,0,0,0,0,0
9443,M91842,M,298.2,308.9,1804,27.2,158,0,0,0,0,0,0
9444,L58289,L,298.8,308.0,1567,46.1,193,0,0,0,0,0,0
9445,M25879,M,302.8,312.8,1481,35.4,226,1,1,0,0,0,0
9446,L73599,L,302.2,314.5,1497,41.4,239,0,0,0,0,0,0
9447,L97316,L,297.8,308.0,1705,40.6,92,0,0,0,0,0,0
9448,L87824,L,300.1,310.0,1570,49.7,239,0,0,0,0,0,0
9449,L24447,L,299.2,309.1,1535,43.5,221,0,0,0,0,0,0
9450,L68395,L,299.7,310.4,1548,31.4,80,0,0,0,0,0,0
9451,H24761,H,298.9,309.5,1243,51.6,94,0,0,0,0,0,0
9452,L69540,L,302.8,311.8,1570,35.3,42,0,0,0,0,0,0
9453,M52828,M,300.0,309.6,1342,31.9,220,0,0,0,0,0,0
9454,M96584,M,300.4,309.8,1571,30.4,134,0,0,0,0,0,0
9455,L12075,L,300.4,310.2,1368,16.6,52,1,0,0,1,0,0
9456,L47015,L,297.9,309.8,1606,33.9,205,0,0,0,0,0,0
9457,L80111,L,300.2,310.8,1472,44.0,215,0,0,0,0,0,0
9458,L58027,L,302.1,312.0,1294,26.4,162,0,0,0,0,0,0
9459,L53691,L,302.9,314.2,1448,57.1,100,0,0,0,0,0,0
9460,H70659,H,297.7,307.9,1897,17.6,56,0,0,0,0,0,0
9461,M36427,M,297.0,305.3,1091,32.2,194,1,0,1,0,0,0
9462,L34172,L,300.1,311.8,1530,25.1,195,0,0,0,0,0,0
9463,L41838,L,302.2,312.1,1318,49.2,129,0,0,0,0,0,0
9464,L44852,L,300.7,308.5,1748,46.5,188,0,0,0,0,0,0
9465,H32490,H,301.4,309.8,1647,37.3,51,0,0,0,0,0,0
9466,L71919,L,297.3,308.4,1533,25.8,134,0,0,0,0,0,0
9467,L41600,L,298.9,307.3,1665,28.0,82,0,0,0,0,0,0
9468,M45483,M,295.6,307.0,1544,42.5,251,0,0,0,0,0,0
9469,L26358,L,299.7,309.8,1501,33.2,107,0,0,0,0,0,0
9470,L91781,L,295.7,306.4,1392,34.4,52,0,0,0,0,0,0
9471,M22555,M,302.7,312.4,1435,39.3,50,0,0,0,0,0,0
9472,L61187,L,303.1,313.6,1416,35.9,252,0,0,0,0,0,0
9473,L94391,L,300.3,310.6,1502,22.5,253,0,0,0,0,0,0
9474,L72495,L,297.0,306.9,1159,26.7,202,1,0,0,1,0,0
9475,L98184,L,300.8,309.7,1685,26.9,122,0,0,0,0,0,0
9476,H24574,H,303.7,314.1,1850,32.7,168,0,0,0,0,0,0
9477,L54083,L,301.0,309.1,1422,40.9,178,0,0,0,0,0,0
9478,M97324,M,302.4,313.3,1711,40.5,33,0,0,0,0,0,0
9479,L16170,L,299.0,309.2,1476,51.9,36,0,0,0,0,0,0
9480,M99489,M,298.3,308.7,1392,25.9,100,0,0,0,0,0,0
9481,H19218,H,299.9,307.2,1431,43.1,95,0,0,0,0,0,0
9482,L70293,L,296.1,305.0,1515,32.1,118,0,0,0,0,0,0
9483,H82985,H,304.5,314.0,1370,59.8,77,0,0,0,0,0,0
9484,M28886,M,300.3,311.0,1609,38.9,156,0,0,0,0,0,0
9485,M85146,M,301.7,310.8,1407,34.4,191,0,0,0,0,0,0
9486,L58830,L,299.1,311.6,1307,42.7,220,0,0,0,0,0,0
9487,M66992,M,296.9,306.7,1496,42.0,104,0,0,0,0,0,0
9488,L18900,L,302.9,311.8,1375,36.2,74,0,0,0,0,0,0
9489,H15808,H,297.8,307.6,1441,45.9,38,0,0,0,0,0,0
9490,H14996,H,300.7,309.7,1490,55.1,142,0,0,0,0,0,0
9491,L40642,L,300.9,309.7,1259,49.2,10,0,0,0,0,0,0
9492,H37271,H,300.1,311.2,1763,38.5,217,0,0,0,0,0,0
9493,M66522,M,298.4,308.9,1646,57.8,121,1,0,0,1,0,0
9494,L30064,L,299.7,310.2,1387,44.8,154,0,0,0,0,0,0
9495,L50075,L,298.1,309.4,1497,29.0,101,0,0,0,0,0,0
9496,L96235,L,301.6,312.1,1614,40.5,1,0,0,0,0,0,0
9497,L97061,L,301.1,310.1,1538,37.8,200,0,0,0,0,0,0
9498,L77306,L,300.0,310.7,1838,34.6,120,0,0,0,0,0,0
9499,H61489,H,298.9,307.7,1457,43.1,103,0,0,0,0,0,0
9500,L74240,L,304.2,313.7,1714,21.2,192,0,0,0,0,0,0
9501,M75270,M,297.4,307.4,1260,56.0,88,0,0,0,0,0,0
9502,M78534,M,296.9,306.8,1287,46.1,164,0,0,0,0,0,0
9503,M44110,M,299.8,308.0,1803,21.6,184,0,0,0,0,0,0
9504,L42373,L,299.5,308.5,1422,46.0,249,1,1,0,0,0,0
9505,L61191,L,302.2,312.2,1290,44.4,194,0,0,0,0,0,0
9506,M99434,M,301.3,310.7,1491,54.7,6,0,0,0,0,0,0
9507,L72233,L,300.1,311.2,1728,57.2,158,1,0,0,1,0,0
9508,L62275,L,301.0,312.3,1363,58.9,156,0,0,0,0,0,0
9509,M97278,M,301.0,309.8,1492,37.2,31,0,0,0,0,0,0
9510,L28834,L,304.2,314.3,1166,45.4,190,0,0,0,0,0,0
9511,L79825,L,300.5,312.1,1416,35.2,95,0,0,0,0,0,0
9512,L70624,L,298.6,308.5,1679,49.8,158,0,0,0,0,0,0
9513,L33495,L,300.4,310.0,1359,18.4,68,1,0,0,1,0,0
9514,M59740,M,294.8,305.6,1271,27.2,45,0,0,0,0,0,0
9515,L57733,L,299.9,309.7,1360,35.7,100,0,0,0,0,0,0
9516,H64814,H,302.2,313.5,1390,39.4,52,0,0,0,0,0,0
9517,M95267,M,301.2,310.6,1638,41.6,250,0,0,0,0,0,0
9518,L34016,L,300.6,310.1,1568,52.7,184,0,0,0,0,0,0
9519,L46894,L,301.3,312.1,1603,33.5,9,0,0,0,0,0,0
9520,L62653,L,302.2,312.3,1505,27.1,97,0,0,0,0,0,0
9521,H17963,H,302.9,313.0,1388,36.1,231,1,1,0,0,0,0
9522,M16697,M,300.9,309.0,1360,33.9,151,0,0,0,0,0,0
9523,L47341,L,299.4,309.0,1578,45.5,123,0,0,0,0,0,0
9524,L83377,L,295.4,306.2,1786,55.3,136,1,0,0,1,0,0
9525,L42781,L,302.0,311.2,1331,54.4,77,0,0,0,0,0,0
9526,L64440,L,301.0,311.7,1317,50.9,98,0,0,0,0,0,0
9527,L78580,L,300.3,310.6,1296,34.3,50,0,0,0,0,0,0
9528,L69671,L,298.6,308.4,1650,38.4,180,0,0,0,0,0,0
9529,M63361,M,301.9,313.3,1492,44.2,60,0,0,0,0,0,0
9530,L61895,L,299.5,309.1,1600,32.3,107,0,0,0,0,0,0
9531,L57563,L,299.9,309.7,1409,33.2,234,0,0,0,0,0,0
9532,M98863,M,299.9,309.7,1611,43.7,103,0,0,0,0,0,0
9533,H45801,H,300.9,311.0,1448,26.4,85,0,0,0,0,0,0
9534,L17437,L,297.7,308.5,1222,50.9,107,0,0,0,0,0,0
9535,H88944,H,301.1,309.7,1666,36.0,63,0,0,0,0,0,0
9536,L52080,L,298.6,309.4,1493,45.4,185,0,0,0,0,0,0
9537,M98300,M,298.6,308.7,1444,42.1,172,0,0,0,0,0,0
9538,L70427,L,301.8,312.3,1551,52.5,64,0,0,0,0,0,0
9539,M62327,M,298.0,310.4,1240,18.7,106,1,0,0,1,0,0
9540,L64200,L,301.8,311.3,1578,52.6,135,0,0,0,0,0,0
9541,H42316,H,300.2,309.0,1393,52.4,219,0,0,0,0,0,0
9542,H74971,H,296.7,306.9,1472,42.8,85,0,0,0,0,0,0
9543,L37845,L,302.7,313.1,1705,45.2,146,0,0,0,0,0,0
9544,L98204,L,300.6,311.5,1616,46.0,238,0,0,0,0,0,0
9545,L63524,L,300.8,310.2,1468,31.0,66,0,0,0,0,0,0
9546,L53620,L,302.0,311.2,1482,40.5,184,0,0,0,0,0,0
9547,M33392,M,303.0,311.5,1039,48.9,166,0,0,0,0,0,0
9548,M81778,M,300.4,309.0,1352,22.1,38,1,0,0,1,0,0
9549,L51652,L,301.2,310.8,1530,44.7,249,0,0,0,0,0,0
9550,L54778,L,300.7,310.6,1362,40.9,198,0,0,0,0,0,0
9551,H24003,H,299.3,311.4,1261,46.3,108,0,0,0,0,0,0
9552,L76619,L,296.8,305.1,1586,27.3,142,0,0,0,0,0,0
9553,M16290,M,300.4,310.8,1735,32.6,91,0,0,0,0,0,0
9554,L54937,L,302.8,312.0,1370,26.0,66,0,0,0,0,0,0
9555,L80325,L,301.2,311.4,1658,25.9,227,0,0,0,0,0,0
9556,L50665,L,297.9,307.3,1630,48.3,148,0,0,0,0,0,0
9557,L24009,L,302.2,313.2,1324,34.1,93,0,0,0,0,0,0
9558,M96792,M,299.4,310.4,1369,33.4,215,0,0,0,0,0,0
9559,L13247,L,295.8,305.7,1825,50.9,112,1,0,0,1,0,0
9560,M71697,M,302.0,313.5,1299,36.6,47,0,0,0,0,0,0
9561,M10175,M,298.1,308.9,1390,49.6,39,0,0,0,0,0,0
9562,L71418,L,303.6,315.0,1854,29.5,238,0,0,0,0,0,0
9563,L97172,L,302.3,312.3,1398,36.5,97,0,0,0,0,0,0
9564,M56754,M,299.5,310.5,1744,30.9,100,0,0,0,0,0,0
9565,M10761,M,300.9,310.2,1316,45.5,136,0,0,0,0,0,0
9566,L16146,L,304.8,314.0,1525,37.9,146,0,0,0,0,0,0
9567,L30980,L,302.0,314.2,1695,47.3,109,0,0,0,0,0,0
9568,M42266,M,300.5,309.4,1416,41.5,237,0,0,0,0,0,0
9569,L89526,L,305.8,315.3,1518,20.5,84,1,0,0,1,0,0
9570,M14482,M,300.2,308.3,1634,37.4,29,0,0,0,0,0,0
9571,L56077,L,301.2,310.3,1338,24.6,252,1,1,0,0,0,0
9572,M76618,M,298.1,307.1,1903,43.5,56,0,0,0,0,0,0
9573,L69917,L,296.7,306.0,1687,45.6,239,0,0,0,0,0,0
9574,M81722,M,299.4,309.7,1436,46.6,214,0,0,0,0,0,0
9575,L71644,L,300.1,310.6,1458,38.8,197,0,0,0,0,0,0
9576,L12843,L,300.7,309.7,1844,23.7,34,0,0,0,0,0,0
9577,L89843,L,297.2,306.4,1436,42.1,9,0,0,0,0,0,0
9578,M54897,M,301.3,312.4,1415,44.1,43,0,0,0,0,0,0
9579,L54334,L,298.3,310.0,1706,38.2,102,0,0,0,0,0,0
9580,L91090,L,301.2,312.5,1248,40.9,200,0,0,0,0,0,0
9581,M79276,M,301.9,310.2,1486,21.1,99,1,0,0,1,0,0
9582,L19550,L,299.2,310.4,1515,40.7,8,0,0,0,0,0,0
9583,L37029,L,298.1,309.9,1373,38.9,18,0,0,0,0,0,0
9584,M42164,M,303.1,311.4,1218,27.9,117,1,0,1,0,0,0
9585,M95556,M,301.7,312.8,1512,45.3,7,0,0,0,0,0,0
9586,M20698,M,300.3,310.5,1624,35.1,191,0,0,0,0,0,0
9587,L52774,L,302.9,312.6,1378,42.3,62,0,0,0,0,0,0
9588,L54860,L,300.2,310.3,1288,44.9,123,0,0,0,0,0,0
9589,M26419,M,298.8,309.2,1726,43.3,200,0,0,0,0,0,0
9590,L57943,L,298.0,309.2,1595,26.6,140,0,0,0,0,0,0
9591,M30904,M,299.8,310.9,1435,36.2,223,0,0,0,0,0,0
9592,L45267,L,301.5,310.0,1666,61.3,214,1,0,0,1,1,0
9593,H80976,H,302.8,312.1,1544,54.0,44,0,0,0,0,0,0
9594,M85358,M,300.0,310.1,1822,48.3,6,0,0,0,0,0,0
9595,L13036,L,302.4,314.0,1620,42.7,219,0,0,0,0,0,0
9596,L46875,L,299.6,306.8,1250,30.1,166,1,0,1,0,0,0
9597,L11758,L,298.4,307.8,1381,38.4,232,0,0,0,0,0,0
9598,L19851,L,297.4,305.9,1390,35.8,21,0,0,0,0,0,0
9599,M12253,M,299.0,307.6,1556,39.2,250,1,1,0,0,0,0
9600,L81728,L,297.5,308.4,1445,25.5,249,0,0,0,0,0,0
9601,L57563,L,304.0,313.5,1297,49.5,68,0,0,0,0,0,0
9602,L29162,L,300.9,308.5,1606,13.1,15,1,0,0,1,0,0
9603,M52541,M,299.8,309.7,1680,48.6,94,0,0,0,0,0,0
9604,L75111,L,303.4,315.5,1482,48.8,110,0,0,0,0,0,0
9605,L35280,L,297.4,305.6,1538,63.3,68,1,0,0,1,0,0
9606,H49106,H,299.7,310.3,1326,37.5,14,0,0,0,0,0,0
9607,L22782,L,304.0,315.6,1406,34.8,219,0,0,0,0,0,0
9608,L29655,L,299.7,309.7,1413,41.2,53,0,0,0,0,0,0
9609,H29744,H,304.9,316.8,1601,45.6,221,0,0,0,0,0,0
9610,L18950,L,301.6,310.9,1546,39.1,65,0,0,0,0,0,0
9611,H82982,H,302.6,314.1,1441,28.2,215,0,0,0,0,0,0
9612,M84408,M,302.7,313.9,1434,45.6,72,0,0,0,0,0,0
9613,M57435,M,300.0,310.0,1146,40.0,25,0,0,0,0,0,0
9614,L29696,L,299.0,307.5,1789,29.9,208,0,0,0,0,0,0
9615,L14080,L,299.8,308.8,1125,23.8,70,1,0,0,1,0,0
9616,L98938,L,298.0,305.7,1576,64.7,78,1,0,0,1,0,0
9617,L49678,L,299.9,310.5,1507,48.3,103,0,0,0,0,0,0
9618,L57037,L,300.0,310.5,1452,45.6,153,0,0,0,0,0,0
9619,L55166,L,303.4,313.5,1499,38.9,161,0,0,0,0,0,0
9620,M75450,M,301.2,311.1,1381,46.9,19,0,0,0,0,0,0
9621,L49204,L,304.7,316.1,1618,29.5,241,0,0,0,0,0,0
9622,M60962,M,295.7,306.0,1264,42.0,13,0,0,0,0,0,0
9623,H78972,H,297.6,307.0,1559,42.4,211,0,0,0,0,0,0
9624,M99841,M,299.3,309.4,1378,29.7,181,0,0,0,0,0,0
9625,M73157,M,303.0,315.0,1423,39.0,73,0,0,0,0,0,0
9626,M31555,M,299.8,310.4,1428,35.9,151,0,0,0,0,0,0
9627,L27322,L,297.1,306.7,1470,32.4,139,0,0,0,0,0,0
9628,L45233,L,299.5,309.5,1590,34.6,169,0,0,0,0,0,0
9629,H83608,H,297.6,308.1,1494,22.9,187,0,0,0,0,0,0
9630,M89440,M,297.2,306.8,1668,50.6,130,0,0,0,0,0,0
9631,M51328,M,304.0,313.5,1688,55.6,181,1,0,0,1,0,0
9632,H27235,H,299.3,309.3,1556,30.7,50,0,0,0,0,0,0
9633,L68972,L,300.3,311.9,1623,51.1,175,0,0,0,0,0,0
9634,L66609,L,299.8,310.6,1864,39.7,108,0,0,0,0,0,0
9635,M22211,M,299.5,309.1,1246,39.9,238,0,0,0,0,0,0
9636,L90713,L,298.3,309.2,1694,27.0,216,0,0,0,0,0,0
9637,L95355,L,299.4,309.4,1778,34.4,0,0,0,0,0,0,0
9638,M99256,M,300.7,311.0,1578,45.3,192,0,0,0,0,0,0
9639,M57967,M,302.8,313.1,1843,30.2,152,0,0,0,0,0,0
9640,L82003,L,301.9,309.8,1819,32.6,181,0,0,0,0,0,0
9641,M12768,M,297.6,304.5,1439,34.9,65,0,0,0,0,0,0
9642,L16303,L,302.0,312.2,1453,5.9,202,1,0,0,1,0,0
9643,M10691,M,301.0,310.1,1596,43.3,36,0,0,0,0,0,0
9644,L61101,L,298.8,307.1,1388,46.4,227,1,1,0,0,0,0
9645,M49791,M,300.4,309.5,1988,43.6,110,0,0,0,0,0,0
9646,L71839,L,301.1,312.1,1642,49.4,27,0,0,0,0,0,0
9647,L29549,L,300.1,310.5,1508,35.6,177,0,0,0,0,0,0
9648,L37514,L,301.0,311.7,1246,58.1,98,0,0,0,0,0,0
9649,L40744,L,298.3,308.7,1545,31.6,64,0,0,0,0,0,0
9650,L70950,L,304.0,313.1,1287,37.8,169,0,0,0,0,0,0
9651,M39585,M,296.1,306.9,1637,36.8,84,0,0,0,0,0,0
9652,M91951,M,301.2,311.7,1050,41.9,55,0,0,0,0,0,0
9653,L32199,L,300.7,310.6,1749,37.6,153,0,0,0,0,0,0
9654,M68171,M,301.3,311.3,1424,39.0,89,0,0,0,0,0,0
9655,M32023,M,298.6,309.4,1195,33.2,13,0,0,0,0,0,0
9656,M54430,M,302.3,311.6,1497,35.6,57,0,0,0,0,0,0
9657,L63405,L,299.8,310.9,1503,17.7,114,1,0,0,1,0,0
9658,L78293,L,297.6,308.2,1488,48.0,145,0,0,0,0,0,0
9659,H94424,H,297.8,307.8,1748,29.8,123,0,0,0,0,0,0
9660,L36705,L,300.2,311.8,1569,35.1,232,1,1,0,0,0,0
9661,L80008,L,296.8,305.5,1643,29.4,86,0,0,0,0,0,0
9662,M70147,M,303.6,313.1,1455,45.7,219,0,0,0,0,0,0
9663,L78920,L,302.1,311.4,1577,34.6,121,0,0,0,0,0,0
9664,M55606,M,303.7,314.0,1264,15.6,172,1,0,0,1,0,0
9665,L30918,L,303.4,314.6,1546,42.8,137,0,0,0,0,0,0
9666,M64987,M,299.3,308.3,1364,32.5,28,0,0,0,0,0,0
9667,H45126,H,298.3,311.6,1738,39.8,107,0,0,0,0,0,0
9668,H54141,H,294.6,304.0,1514,48.3,171,0,0,0,0,0,0
9669,H25302,H,299.2,309.5,1619,30.1,70,0,0,0,0,0,0
9670,M47341,M,303.5,313.5,1547,39.5,84,0,0,0,0,0,0
9671,L65436,L,298.3,308.4,1825,32.3,177,0,0,0,0,0,0
9672,H14664,H,299.6,308.8,1219,49.9,186,0,0,0,0,0,0
9673,H41682,H,298.9,310.0,1480,40.8,136,0,0,0,0,0,0
9674,L65956,L,300.7,309.9,1327,39.8,186,0,0,0,0,0,0
9675,L52427,L,302.6,310.8,1131,27.6,213,1,0,1,1,0,0
9676,L97949,L,296.9,305.8,1315,47.5,129,0,0,0,0,0,0
9677,L93123,L,297.3,308.7,1711,48.8,176,0,0,0,0,0,0
9678,M41879,M,303.0,314.2,1495,32.3,3,0,0,0,0,0,0
9679,L97914,L,301.5,309.5,1460,41.5,7,0,0,0,0,0,0
9680,L66221,L,299.5,310.3,1639,45.9,152,0,0,0,0,0,0
9681,L39453,L,303.4,311.4,1521,62.2,161,1,0,0,1,0,0
9682,L75126,L,297.3,307.2,1610,43.9,74,0,0,0,0,0,0
9683,H20069,H,301.9,310.7,1558,40.0,156,0,0,0,0,0,0
9684,L64335,L,299.9,310.8,1598,38.4,26,0,0,0,0,0,0
9685,L92555,L,301.2,311.8,1419,39.0,195,0,0,0,0,0,0
9686,L91020,L,295.2,306.2,1688,47.7,89,0,0,0,0,0,0
9687,M19784,M,299.5,309.2,1282,31.2,145,0,0,0,0,0,0
9688,M93876,M,301.5,311.3,1485,49.3,248,1,1,0,0,0,0
9689,L44526,L,299.9,308.4,1697,24.6,131,0,0,0,0,0,0
9690,L88406,L,302.5,311.5,1472,46.7,133,0,0,0,0,0,0
9691,L58176,L,302.4,313.4,1422,49.4,26,0,0,0,0,0,0
9692,L47855,L,298.1,308.5,1912,48.1,11,1,0,0,1,0,0
9693,M51196,M,301.6,311.8,1755,42.7,233,0,0,0,0,0,0
9694,L22603,L,298.0,309.3,1525,43.9,219,0,0,0,0,0,0
9695,L73463,L,300.1,308.8,1325,36.0,205,0,0,0,0,0,0
9696,L46048,L,301.3,312.0,1134,28.8,252,0,0,0,0,0,0
9697,L37253,L,298.3,307.2,1628,42.5,24,0,0,0,0,0,0
9698,L57068,L,301.6,313.1,1728,40.7,194,0,0,0,0,0,0
9699,L38754,L,299.0,309.5,1571,49.2,28,0,0,0,0,0,0
9700,L13818,L,298.8,309.8,1192,38.6,161,0,0,0,0,0,0
9701,L79768,L,301.4,310.7,1529,41.6,182,0,0,0,0,0,0
9702,L85447,L,298.3,310.5,1412,42.9,175,0,0,0,0,0,0
9703,H87570,H,298.2,310.2,1529,45.7,67,0,0,0,0,0,0
9704,L89711,L,302.1,312.5,1850,49.5,223,1,0,0,1,0,0
9705,L15230,L,300.2,311.4,1642,30.5,143,0,0,0,0,0,0
9706,L66893,L,297.1,306.8,1604,47.0,231,0,0,0,0,0,0
9707,M27710,M,301.7,310.4,1492,38.2,112,0,0,0,0,0,0
9708,H62213,H,299.2,310.0,1575,46.4,87,0,0,0,0,0,0
9709,M96730,M,297.2,306.3,1370,54.8,227,0,0,0,0,0,0
9710,M44862,M,295.0,306.3,1600,18.9,206,1,0,0,1,0,0
9711,M55255,M,301.8,312.9,1465,52.1,22,0,0,0,0,0,0
9712,L98017,L,298.3,308.5,1352,38.8,111,0,0,0,0,0,0
9713,M67209,M,297.5,307.7,1647,31.4,19,0,0,0,0,0,0
9714,M49255,M,301.3,312.3,1098,35.6,220,0,0,0,0,0,0
9715,L96862,L,301.6,311.9,1402,29.7,121,0,0,0,0,0,0
9716,L28554,L,298.4,308.0,1610,45.1,66,0,0,0,0,0,0
9717,L50345,L,301.8,310.3,1720,29.7,18,0,0,0,0,0,0
9718,L96484,L,304.1,315.1,1585,52.0,74,0,0,0,0,0,0
9719,M73178,M,302.7,313.1,1379,46.9,92,0,0,0,0,0,0
9720,L85179,L,302.4,315.1,1491,42.3,246,1,1,0,0,0,0
9721,M33650,M,300.6,310.5,1552,19.6,250,1,0,0,1,0,0
9722,H39453,H,299.1,309.4,1781,26.8,117,0,0,0,0,0,0
9723,L50830,L,299.9,310.2,1666,39.2,231,0,0,0,0,0,0
9724,L60251,L,300.9,311.5,1667,39.7,202,0,0,0,0,0,0
9725,M62918,M,297.5,306.5,1512,49.4,195,0,0,0,0,0,0
9726,M62669,M,298.5,308.4,1307,10.9,68,1,0,0,1,0,0
9727,L28760,L,297.1,308.0,1247,32.4,188,0,0,0,0,0,0
9728,L88938,L,300.5,310.1,1446,48.4,251,0,0,0,0,0,0
9729,M84020,M,300.2,311.0,1626,36.6,213,0,0,0,0,0,0
9730,H59280,H,298.7,308.8,1410,35.3,137,0,0,0,0,0,0
9731,L21446,L,301.6,312.0,1603,23.9,0,0,0,0,0,0,0
9732,L47631,L,297.9,309.1,1357,50.6,95,0,0,0,0,0,0
9733,H41520,H,298.6,308.4,1385,35.2,165,0,0,0,0,0,0
9734,L63263,L,301.6,310.1,1753,50.9,35,0,0,0,0,0,0
9735,L43796,L,301.9,311.6,1638,54.7,103,0,0,0,0,0,0
9736,L97510,L,298.4,307.6,1445,53.2,180,0,0,0,0,0,0
9737,L65506,L,300.5,308.3,1351,39.7,226,0,0,0,0,0,0
9738,L14704,L,298.4,308.3,1671,35.2,177,0,0,0,0,0,0
9739,M33340,M,299.6,309.8,1658,34.5,154,0,0,0,0,0,0
9740,M68241,M,300.3,311.3,1615,59.7,57,1,0,0,1,0,0
9741,L24812,L,301.1,310.0,1468,37.9,170,0,0,0,0,0,0
9742,L17412,L,300.6,310.7,1303,50.5,212,0,0,0,0,0,0
9743,L56272,L,300.5,311.7,1497,44.8,111,0,0,0,0,0,0
9744,M33651,M,297.8,307.3,1753,35.9,225,0,0,0,0,0,0
9745,M11843,M,300.8,311.3,1336,37.5,86,0,0,0,0,0,0
9746,M72619,M,301.1,312.7,1509,51.8,160,0,0,0,0,0,0
9747,M75356,M,301.4,309.5,1794,40.3,213,0,0,0,0,0,0
9748,M73909,M,298.6,308.8,1445,35.5,225,0,0,0,0,0,0
9749,M18424,M,301.8,313.0,1477,31.9,118,0,0,0,0,0,0
9750,L85027,L,297.4,307.0,1257,43.2,117,0,0,0,0,0,0
9751,H18035,H,299.1,310.5,1612,34.8,239,0,0,0,0,0,0
9752,M58652,M,299.4,310.1,1367,45.9,118,0,0,0,0,0,0
9753,L96089,L,297.5,309.2,1220,65.4,1,0,0,0,0,0,0
9754,L82177,L,299.4,310.0,1328,45.2,123,0,0,0,0,0,0
9755,M94729,M,300.4,312.3,1538,58.0,153,0,0,0,0,0,0
9756,L55286,L,296.3,306.6,1216,32.9,188,0,0,0,0,0,0
9757,M48289,M,299.2,307.8,1251,46.8,20,0,0,0,0,0,0
9758,L28144,L,296.5,305.9,1601,52.6,146,0,0,0,0,0,0
9759,L99113,L,304.1,315.1,1487,53.8,155,0,0,0,0,0,0
9760,L50088,L,300.4,311.4,1335,52.8,172,0,0,0,0,0,0
9761,M64717,M,300.3,309.9,1442,40.2,69,0,0,0,0,0,0
9762,L25532,L,300.5,312.3,1813,48.9,194,0,0,0,0,0,0
9763,M37621,M,301.2,310.9,1731,29.8,200,0,0,0,0,0,0
9764,L59129,L,302.0,312.4,1481,56.1,35,0,0,0,0,0,0
9765,L84769,L,296.9,307.3,1647,30.5,195,0,0,0,0,0,0
9766,L56448,L,302.6,311.3,1522,52.5,156,0,0,0,0,0,0
9767,L27534,L,302.5,312.4,1181,50.4,110,0,0,0,0,0,0
9768,M33511,M,299.9,312.2,1148,50.4,197,0,0,0,0,0,0
9769,M63312,M,299.8,308.8,1336,60.7,32,0,0,0,0,0,0
9770,L53760,L,293.8,304.4,1216,50.5,90,0,0,0,0,0,0
9771,L29560,L,297.5,306.4,1549,26.7,226,0,0,0,0,0,0
9772,M64328,M,301.0,310.1,1401,45.9,36,0,0,0,0,0,0
9773,M70196,M,302.4,311.0,1577,21.1,235,0,0,0,0,0,0
9774,L49127,L,301.5,312.4,1579,39.1,159,0,0,0,0,0,0
9775,M90991,M,299.8,309.0,1624,35.8,2,0,0,0,0,0,0
9776,L30122,L,303.9,315.1,1332,46.4,39,0,0,0,0,0,0
9777,L43549,L,302.0,311.5,1593,31.8,13,0,0,0,0,0,0
9778,M95842,M,299.2,309.3,1328,32.1,195,0,0,0,0,0,0
9779,M16471,M,304.4,314.8,1628,45.0,64,0,0,0,0,0,0
9780,M82227,M,297.8,306.2,1720,51.7,144,0,0,0,0,0,0
9781,L25217,L,297.1,307.3,1630,40.0,215,0,0,0,0,0,0
9782,L29165,L,299.2,309.5,1468,63.2,228,1,0,0,1,1,0
9783,M24838,M,298.5,309.6,1602,36.6,213,0,0,0,0,0,0
9784,L52901,L,299.3,308.3,1224,46.8,127,0,0,0,0,0,0
9785,L29375,L,301.6,310.8,1183,43.4,36,0,0,0,0,0,0
9786,M44033,M,299.9,310.6,1584,36.6,88,0,0,0,0,0,0
9787,L26801,L,300.0,311.4,1735,53.1,85,1,0,0,1,0,0
9788,L99693,L,300.1,309.5,1278,31.1,251,0,0,0,0,0,0
9789,L67389,L,295.4,304.1,1503,19.2,204,1,0,0,1,0,0
9790,H74935,H,297.0,306.7,1579,38.7,82,0,0,0,0,0,0
9791,L15255,L,299.2,308.2,1389,37.4,104,0,0,0,0,0,0
9792,L68408,L,298.3,308.7,1439,50.6,69,0,0,0,0,0,0
9793,L79086,L,299.5,308.5,1610,27.5,102,0,0,0,0,0,0
9794,L23239,L,302.8,313.8,1519,45.2,20,0,0,0,0,0,0
9795,L94147,L,299.9,310.1,1520,44.0,211,0,0,0,0,0,0
9796,M27120,M,297.4,308.4,1323,43.2,135,0,0,0,0,0,0
9797,L93045,L,298.4,306.0,1494,50.4,153,0,0,0,0,0,0
9798,L93821,L,303.4,311.7,1428,39.8,50,0,0,0,0,0,0
9799,L33523,L,303.1,314.4,1438,40.5,114,0,0,0,0,0,0
9800,L50408,L,301.2,310.5,1403,44.5,117,0,0,0,0,0,0
9801,L23092,L,296.9,305.4,1495,39.0,24,0,0,0,0,0,0
9802,M11347,M,300.6,310.4,1344,26.5,8,0,0,0,0,0,0
9803,M51569,M,300.8,311.0,1502,35.9,156,0,0,0,0,0,0
9804,M54712,M,300.1,309.9,1434,37.4,145,0,0,0,0,0,0
9805,L25194,L,298.9,309.3,1332,34.4,163,0,0,0,0,0,0
9806,M65635,M,299.3,309.6,1149,36.8,227,1,1,0,0,0,0
9807,M92054,M,298.7,309.0,1671,41.8,253,0,0,0,0,0,0
9808,L36164,L,297.7,309.1,1634,37.3,212,0,0,0,0,0,0
9809,L78631,L,302.7,312.7,1355,48.5,6,0,0,0,0,0,0
9810,M48292,M,301.8,311.7,1623,48.7,78,0,0,0,0,0,0
9811,L49923,L,299.4,310.2,1316,16.2,197,1,0,0,1,0,0
9812,L34849,L,300.7,311.3,1445,25.7,228,0,0,0,0,0,0
9813,M99038,M,300.8,309.9,1405,16.0,231,1,0,0,1,0,0
9814,L49776,L,304.7,314.6,1450,37.3,170,0,0,0,0,0,0
9815,H93035,H,301.7,312.2,1616,36.6,214,0,0,0,0,0,0
9816,L98577,L,301.7,311.1,1428,41.5,40,0,0,0,0,0,0
9817,L26916,L,300.1,309.5,1439,48.4,99,0,0,0,0,0,0
9818,L51325,L,299.1,307.7,1634,39.6,21,0,0,0,0,0,0
9819,L16755,L,302.8,309.9,1511,34.0,73,0,0,0,0,0,0
9820,M82581,M,301.3,310.9,1393,40.0,196,0,0,0,0,0,0
9821,M42239,M,298.3,308.5,1543,35.1,47,0,0,0,0,0,0
9822,H21580,H,300.9,309.8,1679,25.2,188,0,0,0,0,0,0
9823,L29945,L,301.7,313.1,1690,49.6,194,0,0,0,0,0,0
9824,L81090,L,295.8,304.8,1262,44.2,223,0,0,0,0,0,0
9825,L18479,L,298.2,309.1,1271,54.5,245,1,0,0,0,1,0
9826,L55582,L,300.7,311.1,1680,27.6,189,0,0,0,0,0,0
9827,H96000,H,296.2,308.3,1448,23.9,171,0,0,0,0,0,0
9828,L42994,L,296.5,307.0,1104,30.6,198,0,0,0,0,0,0
9829,L27267,L,299.5,308.0,1369,44.0,48,0,0,0,0,0,0
9830,L61877,L,301.0,312.0,1421,48.6,187,0,0,0,0,0,0
9831,M66857,M,301.1,312.8,1444,42.9,230,1,1,0,0,0,0
9832,L41561,L,303.2,311.4,1638,41.4,115,0,0,0,0,0,0
9833,M75150,M,300.2,310.8,1333,48.5,6,0,0,0,0,0,0
9834,M82874,M,299.3,310.1,1668,35.4,85,0,0,0,0,0,0
9835,M67879,M,297.4,307.2,1551,50.6,24,0,0,0,0,0,0
9836,L81022,L,299.2,306.8,1268,59.9,158,1,0,1,0,0,0
9837,L41313,L,301.4,311.1,1442,29.4,211,0,0,0,0,0,0
9838,L30697,L,301.5,310.9,1589,37.5,23,0,0,0,0,0,0
9839,M90166,M,300.5,312.1,1507,26.1,108,0,0,0,0,0,0
9840,H48881,H,301.1,311.0,1568,30.3,170,0,0,0,0,0,0
9841,L19727,L,302.6,312.1,1394,43.9,230,0,0,0,0,0,0
9842,L22460,L,300.2,309.6,1600,23.1,56,0,0,0,0,0,0
9843,L98053,L,302.7,313.1,1428,32.2,134,0,0,0,0,0,0
9844,M10502,M,298.5,308.6,1958,50.5,4,1,0,0,1,0,0
9845,L87441,L,299.9,309.1,1262,42.2,99,0,0,0,0,0,0
9846,L36683,L,299.0,309.3,1986,47.7,87,1,0,0,1,0,0
9847,M99683,M,301.6,311.0,1329,27.1,45,0,0,0,0,0,0
9848,L60453,L,298.0,305.4,1729,40.7,36,0,0,0,0,0,0
9849,L77565,L,299.4,310.0,1649,58.9,93,1,0,0,1,0,0
9850,L78337,L,296.3,306.9,1336,33.4,15,0,0,0,0,0,0
9851,L50216,L,301.2,311.4,1608,35.1,229,0,0,0,0,0,0
9852,M95489,M,302.5,312.1,1411,45.8,241,1,1,0,0,0,0
9853,L74852,L,301.8,311.7,1549,31.0,218,0,0,0,0,0,0
9854,L48057,L,301.6,312.4,1527,47.2,1,0,0,0,0,0,0
9855,L42069,L,301.7,311.0,1437,22.0,87,0,0,0,0,0,0
9856,L10308,L,301.4,312.3,1422,15.7,110,1,0,0,1,0,0
9857,M30639,M,301.2,309.8,1561,43.1,83,0,0,0,0,0,0
9858,M68493,M,301.4,311.5,1337,30.2,202,0,0,0,0,0,0
9859,L71891,L,298.7,308.7,1344,34.3,171,0,0,0,0,0,0
9860,L28604,L,299.6,310.6,1672,48.8,49,0,0,0,0,0,0
9861,L51294,L,300.1,309.2,1577,46.2,22,0,0,0,0,0,0
9862,L61842,L,299.3,308.5,1265,27.7,152,0,0,0,0,0,0
9863,L27665,L,296.9,305.5,1319,45.2,213,0,0,0,0,0,0
9864,H50668,H,297.5,307.0,1115,37.0,160,0,0,0,0,0,0
9865,L82372,L,300.5,310.7,1664,44.2,62,0,0,0,0,0,0
9866,L35035,L,301.8,310.0,1624,39.8,141,0,0,0,0,0,0
9867,L79148,L,300.0,309.6,1304,25.0,134,0,0,0,0,0,0
9868,M36889,M,305.5,316.1,1617,32.9,199,0,0,0,0,0,0
9869,L18648,L,298.2,308.1,1857,15.9,108,1,0,0,1,0,0
9870,H40797,H,300.9,311.0,1223,41.9,182,0,0,0,0,0,0
9871,L47709,L,302.6,311.1,1389,44.0,66,0,0,0,0,0,0
9872,M25716,M,302.1,312.0,1219,33.0,6,0,0,0,0,0,0
9873,M75506,M,301.3,311.3,1671,38.8,195,0,0,0,0,0,0
9874,L73514,L,302.1,312.0,1483,30.3,250,1,1,0,0,0,0
9875,L59738,L,300.1,310.3,1428,52.6,250,1,0,0,0,1,0
9876,L45510,L,303.3,313.0,1541,27.1,190,0,0,0,0,0,0
9877,M15231,M,302.6,312.1,1400,36.9,169,0,0,0,0,0,0
9878,M74629,M,298.3,307.3,1428,27.0,95,0,0,0,0,0,0
9879,L40319,L,300.6,311.6,1549,42.3,234,1,1,0,0,0,0
9880,L62411,L,296.9,305.7,1390,50.4,122,0,0,0,0,0,0
9881,L38663,L,303.0,313.2,1416,19.2,184,1,0,0,1,0,0
9882,L30438,L,300.4,312.3,1472,46.5,143,0,0,0,0,0,0
9883,M63025,M,302.7,313.8,1516,56.3,227,0,0,0,0,0,0
9884,L38912,L,299.8,310.3,1608,41.3,174,0,0,0,0,0,0
9885,L48257,L,296.3,306.5,1605,33.3,78,0,0,0,0,0,0
9886,M93154,M,305.3,315.1,1230,39.6,232,0,0,0,0,0,0
9887,M32874,M,300.3,309.4,1753,34.5,45,0,0,0,0,0,0
9888,M47956,M,298.0,307.7,1511,59.6,54,0,0,0,0,0,0
9889,L39988,L,302.3,312.9,1440,48.3,91,0,0,0,0,0,0
9890,H20189,H,304.1,314.5,1337,49.0,93,0,0,0,0,0,0
9891,L48115,L,299.6,310.4,1858,61.6,208,1,0,0,1,1,0
9892,L67886,L,299.8,311.0,1925,53.4,111,1,0,0,1,0,0
9893,L39468,L,300.5,310.3,1836,38.8,221,0,0,0,0,0,0
9894,M40802,M,297.8,308.0,1522,40.3,84,0,0,0,0,0,0
9895,L70545,L,298.6,306.7,1562,63.6,98,1,0,0,1,0,0
9896,M51909,M,303.6,315.8,1768,32.6,193,0,0,0,0,0,0
9897,M62454,M,299.7,309.3,1457,38.3,63,0,0,0,0,0,0
9898,M28579,M,298.3,309.0,1597,29.9,31,0,0,0,0,0,0
9899,M51302,M,299.1,308.7,1541,21.8,35,0,0,0,0,0,0
9900,H11148,H,302.1,311.7,1845,31.2,59,0,0,0,0,0,0
9901,L61229,L,296.0,305.8,1759,31.4,152,0,0,0,0,0,0
9902,L62619,L,300.5,309.3,1475,33.7,10,0,0,0,0,0,0
9903,M25367,M,304.9,312.4,1775,46.1,168,0,0,0,0,0,0
9904,L49078,L,304.1,315.2,1499,39.9,194,0,0,0,0,0,0
9905,L71782,L,301.1,311.7,1402,50.1,189,0,0,0,0,0,0
9906,M46490,M,302.6,311.7,1449,41.5,160,0,0,0,0,0,0
9907,L96698,L,302.6,313.1,1527,41.8,111,0,0,0,0,0,0
9908,M93072,M,299.7,310.6,1359,37.1,248,1,1,0,0,0,0
9909,L23395,L,301.8,311.2,1407,59.5,23,0,0,0,0,0,0
9910,M33506,M,303.6,314.0,1240,35.8,192,0,0,0,0,0,0
9911,L38567,L,297.5,308.5,1352,49.2,97,0,0,0,0,0,0
9912,M62774,M,301.2,309.7,1542,28.2,209,0,0,0,0,0,0
9913,M63904,M,300.7,311.3,1688,37.6,159,0,0,0,0,0,0
9914,L84417,L,300.2,310.6,1665,60.1,35,1,0,0,1,0,0
9915,L42323,L,300.0,311.9,1577,46.9,212,0,0,0,0,0,0
9916,L50945,L,300.5,311.0,1225,26.0,19,0,0,0,0,0,0
9917,L54022,L,300.6,310.2,1345,29.7,205,0,0,0,0,0,0
9918,L77788,L,302.2,311.9,1464,56.0,143,0,0,0,0,0,0
9919,L50924,L,301.0,313.0,1673,40.9,38,0,0,0,0,0,0
9920,M60350,M,299.6,309.3,1400,37.2,150,0,0,0,0,0,0
9921,L18451,L,298.3,308.9,1280,32.2,140,0,0,0,0,0,0
9922,L41589,L,299.1,308.8,1761,36.8,80,0,0,0,0,0,0
9923,L50871,L,300.5,311.6,1368,54.1,206,0,0,0,0,0,0
9924,L91634,L,298.6,309.7,1297,33.0,32,0,0,0,0,0,0
9925,L20285,L,301.9,311.9,1541,34.0,35,0,0,0,0,0,0
9926,H43909,H,300.9,310.5,1491,46.0,61,0,0,0,0,0,0
9927,M67614,M,302.3,311.9,1410,29.6,219,0,0,0,0,0,0
9928,L51294,L,298.7,307.0,1500,30.7,42,0,0,0,0,0,0
9929,M37284,M,298.3,308.4,1333,40.1,204,0,0,0,0,0,0
9930,L68296,L,302.3,312.4,1408,40.3,196,0,0,0,0,0,0
9931,L12875,L,300.3,309.4,1493,31.9,154,0,0,0,0,0,0
9932,M63425,M,299.6,307.8,1134,44.7,119,1,0,1,0,0,0
9933,L88841,L,301.4,311.6,1672,42.2,90,0,0,0,0,0,0
9934,L56123,L,301.3,311.7,1253,20.3,55,1,0,0,1,0,0
9935,M81294,M,297.5,307.9,1331,47.8,176,0,0,0,0,0,0
9936,L72104,L,302.8,311.8,1680,34.3,117,0,0,0,0,0,0
9937,L65975,L,299.2,309.6,1602,48.1,69,0,0,0,0,0,0
9938,L72436,L,303.4,313.2,1516,60.8,82,1,0,0,1,0,0
9939,M98022,M,297.3,308.2,1193,39.3,35,0,0,0,0,0,0
9940,M57654,M,300.6,309.7,1391,33.6,11,0,0,0,0,0,0
9941,H35125,H,299.6,310.8,1461,53.8,111,0,0,0,0,0,0
9942,L55500,L,296.0,307.6,1474,31.6,247,1,1,0,0,0,0
9943,M53088,M,301.3,311.4,1705,58.9,239,1,0,0,1,1,0
9944,L24821,L,296.2,306.6,1859,35.4,34,0,0,0,0,0,0
9945,L95835,L,299.4,310.2,1611,33.7,140,0,0,0,0,0,0
9946,L73980,L,302.2,311.2,1404,63.7,88,0,0,0,0,0,0
9947,M42486,M,298.9,308.5,1719,43.6,164,0,0,0,0,0,0
9948,L99197,L,298.2,308.4,1394,56.2,7,0,0,0,0,0,0
9949,M38497,M,301.6,313.6,1028,39.7,138,0,0,0,0,0,0
9950,L36173,L,299.5,308.3,1275,39.0,117,0,0,0,0,0,0
9951,L28277,L,299.2,310.8,1073,10.7,142,1,0,0,1,0,0
9952,H28022,H,302.5,312.4,1431,50.1,39,0,0,0,0,0,0
9953,M64016,M,297.7,307.6,1468,43.9,157,0,0,0,0,0,0
9954,L94552,L,299.1,310.3,1213,38.9,75,0,0,0,0,0,0
9955,M59498,M,301.7,313.8,1346,45.9,129,0,0,0,0,0,0
9956,L46978,L,297.5,308.0,1243,40.4,220,0,0,0,0,0,0
9957,M83981,M,303.6,314.7,1477,30.6,24,0,0,0,0,0,0
9958,L72302,L,299.6,308.6,1346,43.6,101,0,0,0,0,0,0
9959,L23405,L,301.7,311.2,1682,38.1,139,0,0,0,0,0,0
9960,L52396,L,301.7,310.4,1531,47.4,104,0,0,0,0,0,0
9961,L66829,L,299.7,309.2,1789,37.2,121,0,0,0,0,0,0
9962,L60638,L,299.0,309.6,1418,35.3,182,0,0,0,0,0,0
9963,L11394,L,299.9,310.1,1886,34.6,169,0,0,0,0,0,0
9964,H40052,H,301.4,313.2,1500,31.2,121,0,0,0,0,0,0
9965,L99035,L,298.0,310.1,1405,34.8,65,0,0,0,0,0,0
9966,L79358,L,297.6,307.5,1934,44.3,65,0,0,0,0,0,0
9967,L76664,L,303.0,312.3,1171,32.5,193,0,0,0,0,0,0
9968,M55360,M,298.5,309.7,1401,28.2,114,0,0,0,0,0,0
9969,L60288,L,300.7,312.0,1200,47.9,83,0,0,0,0,0,0
9970,L53381,L,299.6,310.0,1169,38.6,173,0,0,0,0,0,0
9971,M31678,M,299.7,310.4,1128,47.7,127,0,0,0,0,0,0
9972,L60477,L,302.9,313.4,1611,37.8,112,0,0,0,0,0,0
9973,H86030,H,299.8,308.8,1261,34.3,35,0,0,0,0,0,0
9974,L94374,L,299.3,308.1,1454,22.6,228,1,1,0,0,0,0
9975,M41586,M,299.5,309.4,1661,28.7,210,0,0,0,0,0,0
9976,L83647,L,299.0,308.8,1583,31.3,212,0,0,0,0,0,0
9977,M38614,M,298.7,308.9,1575,42.8,47,0,0,0,0,0,0
9978,M15391,M,299.0,308.9,1718,38.9,128,0,0,0,0,0,0
9979,L36959,L,303.3,311.6,1790,29.7,240,1,1,0,0,0,0
9980,L42322,L,301.4,309.3,1275,12.2,235,1,0,1,1,0,0
9981,L99698,L,299.3,310.0,1587,44.6,10,0,0,0,0,0,0
9982,L23864,L,302.0,311.3,1451,48.8,2,0,0,0,0,0,0
9983,H49497,H,296.8,306.6,1474,49.6,129,0,0,0,0,0,0
9984,L92074,L,302.8,312.2,1228,30.4,54,0,0,0,0,0,0
9985,M30307,M,302.6,311.7,1404,50.3,53,0,0,0,0,0,0
9986,H32161,H,304.5,313.5,1424,45.7,118,0,0,0,0,0,0
9987,M65161,M,302.0,313.0,1757,45.6,12,0,0,0,0,0,0
9988,M78996,M,300.9,310.6,1292,33.9,169,0,0,0,0,0,0
9989,L33809,L,302.6,313.2,1071,38.7,89,0,0,0,0,0,0
9990,L65313,L,298.7,309.5,1499,58.3,18,0,0,0,0,0,0
9991,L67020,L,299.2,309.5,1274,56.8,215,0,0,0,0,0,0
9992,L79030,L,299.9,310.7,1475,39.5,133,0,0,0,0,0,0
9993,L62181,L,302.7,312.8,1619,41.9,232,0,0,0,0,0,0
9994,L70236,L,298.3,309.7,1482,18.1,1,1,0,0,1,0,0
9995,L42384,L,298.1,308.9,1422,52.0,148,0,0,0,0,0,0
9996,L35880,L,300.5,311.4,1472,47.5,119,0,0,0,0,0,0
9997,L47424,L,301.4,310.5,1653,43.5,237,0,0,0,0,0,0
9998,L54844,L,298.6,308.9,1292,34.0,45,0,0,0,0,0,0
9999,L59628,L,301.3,309.5,1631,40.7,138,0,0,0,0,0,0
10000,L25515,L,302.7,314.1,1319,54.7,44,0,0,0,0,0,0
